Business Name,Status,Address,City/State/Zip,Taxpayer ID,Location #,Permit Begin,Permit End
D'SIMONE OF THE PALM BEACHES,INACTIVE,719 LAZY LN,"BRYAN, TX 77802",32037645200,00002,01/01/2012,12/31/2015
DISCOUNT TOBACCO #3,INACTIVE,1673 BRIARCREST DR STE A104,"BRYAN, TX 77802",30116224699,00003,08/01/2002,10/01/2006
KAY'S ANTIQUES & COLLECTIBLES,INACTIVE,1702 S TEXAS AVE,"BRYAN, TX 77802",32009455570,00007,01/01/2016,05/01/2016
<3 CUPCAKES,INACTIVE,3606B CHOCTAW ST,"BRYAN, TX 77802",32047904886,00001,05/10/2012,07/01/2012
_ABDULRAHMAN RABIE AHMED HUSSEIN,INACTIVE,3051 PLAZA CENTRE CT,"BRYAN, TX 77802",32097689775,00001,10/01/2024,10/02/2024
"""THAT SPECIAL TOUCH""",INACTIVE,1200 GARDEN LN,"BRYAN, TX 77802",32008636667,00002,11/01/1988,12/31/1988
"""YELL"" BRAZOS YOUTH BOARD",INACTIVE,1733 BRIARCREST DR STE 202,"BRYAN, TX 77802",17421434238,00001,10/12/2005,10/12/2005
A & A AUTOMOTIVE,INACTIVE,3224 RED ROBIN LOOP,"BRYAN, TX 77802",32013947265,00001,01/01/2004,12/25/2005
A & A MEDICAL SUPPLY,INACTIVE,1822 GREENFILED #6,"BRYAN, TX 77802",32011309302,00001,07/01/2003,12/31/2003
A & A SERVICES,INACTIVE,4520 KINGSDALE,"BRYAN, TX 77802",32022670064,00004,01/01/1989,09/30/1992
A & B ASSOCIATES,INACTIVE,1213 BROOKHOLLOW DR,"BRYAN, TX 77802",32028998345,00001,06/01/1992,12/31/1993
A & B ASSOCIATES INC,INACTIVE,1710 E 29TH,"BRYAN, TX 77802",17420897591,00001,02/29/1980,03/31/1981
A & M COFFEE SERVICE,INACTIVE,1822-B BOONEVILLE RD,"BRYAN, TX 77802",32023917316,00001,04/01/1988,09/30/1988
A & M ROOFING CONTRACTORS,INACTIVE,4520 KINGSDALE DR,"BRYAN, TX 77802",17426467316,00001,10/01/1992,05/31/2018
A & N SAFETY SYSTEMS,INACTIVE,2313 AVON ST,"BRYAN, TX 77802",32001325995,00001,03/01/1999,12/31/2000
A & R CONTRACTORS,INACTIVE,2529 RHAPSODY CT,"BRYAN, TX 77802",32011280560,00002,09/01/2003,09/23/2006
A & T WIRELESS SERVICES,INACTIVE,1801 BRIARCREST DR,"BRYAN, TX 77802",15414225985,00003,10/01/1996,12/31/1997
A &M FLOWERS AND GIFTS,INACTIVE,906 DELLWOOD,"BRYAN, TX 77802",32024701487,00001,08/20/1990,09/30/1990
A B C RENTAL COMPANY,INACTIVE,1801 S TEXAS AVE,"BRYAN, TX 77802",17515598286,00007,08/25/1980,11/01/1983
A BETTER ENVIRONMENT II,INACTIVE,1406 SKRIVANEK DR,"BRYAN, TX 77802",32012110386,00001,08/20/2003,12/25/2007
A CUT OF COUNTRY,INACTIVE,4010 STILLMEADOW DR,"BRYAN, TX 77802",32017312300,00001,04/29/2005,12/31/2012
A CUT OF COUNTRY HAIR DESIGN,INACTIVE,4008 STILLMEADOW DR,"BRYAN, TX 77802",32008820246,00001,01/30/1996,10/30/1997
A D ENTERPRISES,INACTIVE,3806 KELLI LANE,"BRYAN, TX 77802",32027557191,00001,06/01/1990,12/31/1990
A FAMILY AFFAIR DBA BASKETS ON THE BRAZOS&POPABILI,INACTIVE,3737 E 29TH ST,"BRYAN, TX 77802",17427260348,00001,08/29/1995,09/01/2001
A GREEN SOLUTION,INACTIVE,4475 CARTER CREEK PKWY APT 734,"BRYAN, TX 77802",32025596720,00002,07/01/2007,03/31/2008
A GUARANTEE CARPET CLEANING,INACTIVE,2402 BROADMOOR DR STE D2-113,"BRYAN, TX 77802",32025644058,00003,04/01/1998,01/31/2000
A HEART'S AFFAIR,INACTIVE,3535 PLAINSMAN LN APT A10,"BRYAN, TX 77802",32040652185,00001,01/01/2010,03/31/2010
A HOUSE OF KNOWLEDGE,INACTIVE,4617 PEMBROOK LN,"BRYAN, TX 77802",32026727563,00001,08/01/1996,12/01/1996
A I M TECHNOLOGY CORP,INACTIVE,1200 BRIARCREST DR STE 2345,"BRYAN, TX 77802",30117097771,00001,10/04/1994,12/31/2002
A J DIMENSIONS IN VIDEO,INACTIVE,2920 KENT ST APT 206,"BRYAN, TX 77802",32032110291,00001,12/03/1993,12/31/1996
A K MARKETING,INACTIVE,3219B TEXAS AVE,"BRYAN, TX 77802",32025418651,00001,12/02/1991,12/31/1991
A L BUCHANAN II-AUCTIONEER,INACTIVE,3535 PLAINSMAN LN # 84,"BRYAN, TX 77802",32006687647,00001,07/02/1984,07/20/1999
A NETT OF LOVE,INACTIVE,4904 WINCHESTER DR,"BRYAN, TX 77802",32048296084,00001,07/01/2012,12/31/2012
A PINCH OF CRAFTY,INACTIVE,4475 CARTER CREEK PKWY APT 635,"BRYAN, TX 77802",32068846487,00001,11/06/2018,02/11/2020
A PLUS MAINTENANCE & REPAIR LLC,ACTIVE,2114 KAZMEIER PLZ,"BRYAN, TX 77802",32099922190,00001,04/25/2025,
A STITCH ABOVE,INACTIVE,1409 WOODLAND DR,"BRYAN, TX 77802",32064661856,00001,08/24/2017,06/30/2018
A TISKIT A TASKIT,INACTIVE,2909 BURNING TREE,"BRYAN, TX 77802",17423296783,00001,10/01/1987,12/31/1987
A TO Z DVD,INACTIVE,3713 VALLEY OAKS DR,"BRYAN, TX 77802",32018046576,00001,08/23/2005,04/30/2007
A TOUCH OF ELEGENCE,INACTIVE,3612 PLAINSMAN LN,"BRYAN, TX 77802",32025838528,00002,08/04/1999,12/31/1999
A TOUCH OF HOME,INACTIVE,3917 SIERRA CT,"BRYAN, TX 77802",30115463223,00001,09/01/1992,01/01/1994
A V D LONESTAR,INACTIVE,707 INWOOD DR,"BRYAN, TX 77802",32032449459,00001,08/13/1990,12/25/1999
A WILD HAIR SALON & CO,INACTIVE,4301 CARTER CREEK PKWY,"BRYAN, TX 77802",32012477140,00003,11/01/2022,
A WIPE AWAY,INACTIVE,800 EAGLE PASS ST APT C,"BRYAN, TX 77802",32039590644,00001,05/27/2009,09/10/2009
A 1 MART,INACTIVE,3900 E 29TH ST,"BRYAN, TX 77802",32069915323,00001,05/01/2020,
A+ WALK-IN-BATH TUBS,ACTIVE,2111 ELMWOOD DR,"BRYAN, TX 77802",32030798048,00002,01/28/2010,
A&B SALES & SERVICES,INACTIVE,4103 S TEXAS AVE STE 219,"BRYAN, TX 77802",32022036167,00002,11/09/2006,04/01/2007
"A&G TURF FARMS, L.L.C.",INACTIVE,4713 WESTMINSTER DR,"BRYAN, TX 77802",32020057389,00002,01/01/2012,
A&M ALTERATIONS,ACTIVE,3601 E 29TH ST STE 12,"BRYAN, TX 77802",32041266878,00001,03/01/2010,
A&M FURNITURE STORE LLC,ACTIVE,2104 S TEXAS AVE STE 200,"BRYAN, TX 77802",32063991379,00001,01/01/2018,
A-ABA COMPUTERS,INACTIVE,3905 SIERRA CT,"BRYAN, TX 77802",32021398733,00001,07/26/2000,09/30/2000
A-PLUS COMPUTER SERVICES,INACTIVE,1005 SKRIVANEK DR,"BRYAN, TX 77802",32031182812,00002,10/01/1993,05/31/1995
A-PLUS COMPUTER SERVICES INC,INACTIVE,1816 GREENFIELD PLZ,"BRYAN, TX 77802",17427544238,00003,08/01/2001,12/31/2003
A-1 APPLIANCES,INACTIVE,514 WAYSIDE,"BRYAN, TX 77802",32006470606,00001,06/01/1990,12/31/1993
A-1 HOUR PHOTO,INACTIVE,3602 E 29TH ST # B,"BRYAN, TX 77802",32024201926,00001,10/07/1994,08/31/1998
A-1 LOCK & CYCLE,INACTIVE,3811 E 29TH,"BRYAN, TX 77802",32022631793,00004,06/01/1984,12/31/1985
A-1 LOCK & CYCLE,INACTIVE,3813 E 29TH,"BRYAN, TX 77802",32022631793,00003,08/01/1983,05/31/1984
A-1 LOCK AND SAFE,INACTIVE,1301 EAST 29TH ST,"BRYAN, TX 77802",32022631793,00005,01/01/1986,03/31/1986
A/T SYSTRONICS,INACTIVE,4103 SOUTH TX AVE STE 104,"BRYAN, TX 77802",30114359281,00002,04/01/1992,08/01/1993
A/T SYSTRONICS,INACTIVE,4100 WOODCREST DRIVE,"BRYAN, TX 77802",30114359281,00001,10/25/1990,12/31/1992
A/V PRODUCTIONS COMMUNICATIONS & MARKETING INC,INACTIVE,2508 OAK CIR,"BRYAN, TX 77802",17422957609,00001,01/01/1987,12/31/2008
A'S CLEANING SERVICE,INACTIVE,3806 WINDRIDGE DR,"BRYAN, TX 77802",32029504035,00002,05/01/1992,06/30/1998
AAA COFFEE SERVICE,INACTIVE,1822-B BOONEVILLE,"BRYAN, TX 77802",32020924208,00004,10/15/1987,12/31/1988
AAA FIRE PROTECTION SYSTEMS,INACTIVE,2902 OLD OAKS DR,"BRYAN, TX 77802",32007345633,00011,01/01/1997,08/31/1998
AAA FOOD MART,INACTIVE,3900 E 29TH ST,"BRYAN, TX 77802",32062030195,00001,11/15/2016,03/31/2018
AAA MAINTENANCE SERVICES,INACTIVE,3130 E 29TH ST UNIT 1423,"BRYAN, TX 77802",32059923063,00001,03/21/2016,03/30/2016
AAA SAFE & LOCK,INACTIVE,2103 CARTER CREEK,"BRYAN, TX 77802",32004777044,00001,09/01/1986,09/30/1986
AAA SALES & SALVAGE,INACTIVE,1220 N TEXAS AVE,"BRYAN, TX 77802",32031423323,00004,10/01/1983,12/31/1987
AAA TRANSMISSIONS & AUTOMOTIVE,INACTIVE,2707 S TEXAS AVE,"BRYAN, TX 77802",17424392649,00002,01/01/1988,11/21/1989
AALIQ & S ENTERPRISES,INACTIVE,3900 E 29TH ST,"BRYAN, TX 77802",32049652566,00001,12/10/2012,12/17/2012
AARON'S SALES & LEASE OWNERSHIP #C1001,INACTIVE,2011 S TEXAS AVE,"BRYAN, TX 77802",15806876304,00274,11/01/2006,06/30/2011
AARON'S SALES & LEASE OWNERSHIP C0068,ACTIVE,3516 S TEXAS AVE,"BRYAN, TX 77802",15806876304,00320,09/01/2008,
ABBATES SHOP,INACTIVE,3604 OAK CLIFF CIR,"BRYAN, TX 77802",17414630123,00002,07/11/1969,09/08/1995
ABBEY/FOSTER,INACTIVE,2909 VILLA MARIA EAST,"BRYAN, TX 77802",30011309314,00010,10/01/1988,09/30/1989
ABBOTT CLEANING SERVICE,INACTIVE,3610 BRIGHTON DR,"BRYAN, TX 77802",32010159237,00002,07/01/2003,03/31/2015
ABBOTT WINDOW CLEANING,INACTIVE,2000 KAZMEIER PLZ APT 23,"BRYAN, TX 77802",32056882874,00001,04/01/2015,12/31/2018
"ABC HOME & COMMERCIAL SERVICES, INC.",ACTIVE,1009 N EARL RUDDER FWY,"BRYAN, TX 77802",17417733601,00013,01/01/2021,
"ABC PEST CONTROL OF COLLEGE STATION, INC.",INACTIVE,1009 N EARL RUDDER FWY,"BRYAN, TX 77802",17426958181,00004,05/01/2019,12/31/2020
ABC PLUMBING,INACTIVE,712 LAWRENCE ST,"BRYAN, TX 77802",30116413466,00001,10/01/1994,12/31/1998
ABEGGLEN'S SPECIALTY CAKES & MORE,INACTIVE,3130 E 29TH ST APT B4,"BRYAN, TX 77802",32041742316,00001,07/01/2010,09/30/2010
ABEGGLEN'S SPECIALTY CAKES AND MORE,INACTIVE,3130 E 29TH ST APT E5,"BRYAN, TX 77802",32039651925,00001,10/01/2010,12/31/2010
ABEL SERVICES,INACTIVE,1634 A BARAK LANE,"BRYAN, TX 77802",32029428920,00002,01/01/1993,01/01/1997
ABEL SERVICES,INACTIVE,3501 TEXAS AVE SUITE 102,"BRYAN, TX 77802",32029428920,00001,10/01/1987,12/31/1992
ABERNATHY SERVICES,INACTIVE,3916 PARK MEADOW LN,"BRYAN, TX 77802",32034804073,00003,01/01/2010,06/30/2011
ABERTH ENGINEERING,ACTIVE,811 VINE ST,"BRYAN, TX 77802",32095527365,00001,06/28/2024,
ABI'S ARMOIRE AND QUILTS,INACTIVE,2908 PAR DR,"BRYAN, TX 77802",32068917866,00001,11/30/2018,03/25/2021
ABIGAIL KATE HERRON,INACTIVE,2301 BROADMOOR DR APT 222,"BRYAN, TX 77802",32070632784,00002,07/01/2020,06/13/2025
ABIGAIL MAKES ART,ACTIVE,4105 VICEROY DR,"BRYAN, TX 77802",32084575011,00001,05/16/2022,
ABIGAIL'S ATTIC,INACTIVE,3218 S TEXAS AVE,"BRYAN, TX 77802",32016748363,00001,04/01/2006,01/01/2009
ABIGAIL'S ATTIC,INACTIVE,3218 S TEXAS AVE,"BRYAN, TX 77802",32015602199,00001,09/01/2004,03/31/2006
ABLE TRANSMISSION AND AUTO CENTER,INACTIVE,2707 S TEXAS AVE,"BRYAN, TX 77802",32004760032,00001,05/05/1990,06/30/1991
ABM COMPANY,INACTIVE,3609 E 29TH ST,"BRYAN, TX 77802",32029183129,00001,09/01/1995,07/31/1997
"ABME AUTO SERVICES, INC",ACTIVE,3000 TOWNE CENTRE WAY,"BRYAN, TX 77802",32064928156,00002,03/18/2019,
ABOVE & BEYOND,INACTIVE,4010 STILLMEADOW DR,"BRYAN, TX 77802",32004812122,00001,01/01/1998,07/15/1999
ABOVE & BEYOND LAWN CARE,INACTIVE,3907 BRIGHTON DR,"BRYAN, TX 77802",32016042825,00002,01/01/2007,06/30/2008
ABP IMPORTS,INACTIVE,1500 BROOK HOLLOW DR,"BRYAN, TX 77802",32019124646,00001,02/14/2006,12/31/2006
ABSOLUTE IMAGES,INACTIVE,1710 S TEXAS AVE STE 103A,"BRYAN, TX 77802",32003415307,00001,06/15/2001,12/25/2008
AC EXPRESS,INACTIVE,1910 GREENFIELD PLZ,"BRYAN, TX 77802",17426126102,00001,10/01/2006,12/31/2006
AC EXPRESS,ACTIVE,1910 GREENFIELD PLZ,"BRYAN, TX 77802",17426126102,00001,04/01/2009,
AC PLUMBING SUPPLY INC,INACTIVE,2705 E VILLA MARIA RD,"BRYAN, TX 77802",17603373808,00003,10/01/2000,11/30/2007
ACADIA WATER PURIFICATION OF BRYAN,INACTIVE,4505 BROMPTON LN,"BRYAN, TX 77802",32023611133,00001,01/03/1995,06/30/1998
ACCENTS BY DESIGN,INACTIVE,4306 NEWCASTLE CT,"BRYAN, TX 77802",32028446477,00001,05/18/1998,12/25/2000
ACCESORIES & MORE,INACTIVE,725 E VILLA MARIA RD STE 2100,"BRYAN, TX 77802",32017931067,00001,08/04/2005,09/30/2005
ACCESSORIES BY SCAMARDO,INACTIVE,2505 WAYSIDE,"BRYAN, TX 77802",32014171063,00001,05/26/1989,12/31/1994
ACCESSORIES WITH CARLENE,INACTIVE,1711 BARAK LN STE 106,"BRYAN, TX 77802",32007078382,00001,04/20/1992,12/31/1996
ACCUBOOKS,INACTIVE,1814 WILDE OAK CIR APT 6,"BRYAN, TX 77802",32007132627,00002,02/27/1999,09/30/1999
ACCUPRINT GRAPHICS & PRINTING,ACTIVE,3729 E 29TH ST,"BRYAN, TX 77802",17427085729,00001,07/01/1994,
ACCUPRINT GRAPHICS AND PRINTING,INACTIVE,3729 EAST 29TH STREET,"BRYAN, TX 77802",17426378554,00001,07/01/1992,06/30/1994
ACCURATE MACHINE WORKS,INACTIVE,425 SOUTH MAIN ST,"BRYAN, TX 77802",17425275678,00001,04/16/1991,08/31/1995
ACCURATE PRINTWORX,INACTIVE,4007 GLENN OAKS DR,"BRYAN, TX 77802",32007517827,00001,01/01/1994,01/01/2007
ACCURATE TYPING & WORD PROCESSING,INACTIVE,1513 WOODLAND DR,"BRYAN, TX 77802",32028808122,00005,01/01/1992,09/30/1992
ACCURATE TYPING & WORD PROCESSING,INACTIVE,1513 WOODLAND DR,"BRYAN, TX 77802",32028808122,00003,11/01/1990,03/31/1991
ACE AMERICAS CASH EXPRESS #479,INACTIVE,3328 E 29TH ST,"BRYAN, TX 77802",17521429633,00208,05/30/1995,01/31/2014
ACE BOLT & SCREW CO,INACTIVE,3202 S TEXAS AVE,"BRYAN, TX 77802",17422168140,00003,01/01/1991,04/30/2011
ACE CASH EXPRESS #1721,INACTIVE,3700 S TEXAS AVE STE 100,"BRYAN, TX 77802",17521429633,00609,12/15/2005,01/31/2014
ACE CASH EXPRESS #1721,INACTIVE,3700 S TEXAS AVE STE 400,"BRYAN, TX 77802",17521429633,00874,02/01/2014,11/30/2015
ACE CASH EXPRESS #479,ACTIVE,3304 E 29TH ST,"BRYAN, TX 77802",17521429633,00884,02/01/2014,
ACE CASH EXPRESS INC,INACTIVE,3700 S TEXAS AVE STE 400,"BRYAN, TX 77802",17521429633,00616,08/16/2006,10/31/2006
ACE LAWN CARE,INACTIVE,1801 E 29TH ST,"BRYAN, TX 77802",32022487857,00001,02/07/1995,02/06/1996
ACE PEST CONTROL,ACTIVE,4300 NEWCASTLE CT,"BRYAN, TX 77802",32009919310,00003,07/01/2000,
ACE PEST CONTROL,ACTIVE,4300 NEWCASTLE CT,"BRYAN, TX 77802",32093133786,00001,01/10/2024,
ACES PLACE,INACTIVE,3100 WILDFLOWER DR STE 304,"BRYAN, TX 77802",32086479071,00001,10/01/2022,
ACHIEVEMENT UNLIMITED,INACTIVE,2300 BROADMOOR APT 19,"BRYAN, TX 77802",30009135648,00001,08/07/1985,12/31/1986
ACKER AVIATION SERVICES L L C,INACTIVE,4715 HUNINGTON DR,"BRYAN, TX 77802",14641500369,00001,01/01/2005,12/31/2006
ACME BRICK #284,ACTIVE,987 N EARL RUDDER FWY,"BRYAN, TX 77802",17524033366,00040,04/01/2003,
ACME VALVE & EQUIPMENT,INACTIVE,4705 BROMPTON LN,"BRYAN, TX 77802",32010662099,00001,10/01/1999,12/25/2004
ACME VALVE & EQUIPMENT CO,INACTIVE,4705 BROMPTON LN,"BRYAN, TX 77802",30116411148,00001,01/01/1995,09/30/1999
ACORN COMMUNICATIONS CO,INACTIVE,3130 E 29TH ST STE A-155,"BRYAN, TX 77802",32006923026,00002,02/05/1992,12/25/2007
ACQUIRE COLLEGIATE SCHOLARSHIP,INACTIVE,3804 BROCKHAMPTON DR,"BRYAN, TX 77802",32028075680,00001,01/01/1996,03/30/1997
ACS JANITORIAL/TWC MOBILE AUTO REPAIR,INACTIVE,3132 E 29TH ST APT 45,"BRYAN, TX 77802",32010967944,00001,04/01/2003,11/13/2003
ACTION CLEANING,INACTIVE,2300 BROADMOOR DR APT 112,"BRYAN, TX 77802",32005260727,00002,09/06/1996,09/30/1996
ACTION CLEANING,INACTIVE,1004 S COULTER,"BRYAN, TX 77802",32005260727,00001,03/01/1994,04/01/1994
ACTION TV AND APPLIANCE RENTAL INC,INACTIVE,725 B EAST VILLA MARIA SUITE 102,"BRYAN, TX 77802",17516052242,00057,10/01/1989,10/31/1997
ACTIVE SEX TOYS,INACTIVE,3708 E 29TH ST,"BRYAN, TX 77802",32087148048,00001,01/01/2023,
ADA OIL CO,INACTIVE,1704 N TEXAS AVE,"BRYAN, TX 77802",17410562569,00009,09/01/1961,03/31/1974
ADAM DEVELOPMENT PROPERTIES LP,INACTIVE,1111 BRIARCREST DR # 300,"BRYAN, TX 77802",17420703096,00002,08/10/2001,11/30/2010
ADAMS & ASSOCIATES,INACTIVE,1716 BRIARCREST DR SUITE 300-A,"BRYAN, TX 77802",32047058725,00001,10/01/1993,12/31/1993
ADAMS INVESTMENT COMPANY,INACTIVE,1919 WEST BY-PASS,"BRYAN, TX 77802",17360930741,00008,05/01/1980,12/31/1984
ADAMS VIDEO SERVICE,INACTIVE,2106 LAZY OAKS LN,"BRYAN, TX 77802",32033987580,00001,10/23/2007,09/01/2011
ADI GROUP INC,INACTIVE,1111 BRIARCREST DR STE 300,"BRYAN, TX 77802",17425390832,00004,05/01/1999,09/30/2010
ADORABLE BABY CREATIONS,INACTIVE,3211 S TEXAS AVE,"BRYAN, TX 77802",32030904968,00001,04/01/1995,12/31/1997
ADORN HEALTH CARE,INACTIVE,1716 BRIARCREST DR STE 300,"BRYAN, TX 77802",32093936683,00001,06/02/2024,06/02/2024
"ADVANCE THERAPY, P.C.",INACTIVE,3700 CROSS PARK DR,"BRYAN, TX 77802",17429240819,00001,01/13/2014,03/31/2022
ADVANCED CARPET CLEANING,INACTIVE,1913 A PINETREE,"BRYAN, TX 77802",32008439435,00001,01/01/1987,09/30/1990
ADVANCED COMMUNICATIONS,INACTIVE,1410 S TEXAS AVE,"BRYAN, TX 77802",32013356038,00002,04/01/1995,11/10/1996
ADVANCED DIGITAL ENGINEERING,INACTIVE,1525 E 29TH APT #1107,"BRYAN, TX 77802",30115197342,00001,11/15/1991,12/31/1992
ADVANCED DIGITAL ENGINEERING,INACTIVE,1525 E 29TH SUITE 1107,"BRYAN, TX 77802",32032877543,00001,06/11/1993,12/01/1993
ADVANCED DIGITAL MEDIA,INACTIVE,2606 PECAN RIDGE DR # A,"BRYAN, TX 77802",32030763778,00001,01/15/1999,12/31/1999
ADVANCED GAMING SYSTEMS INC,ACTIVE,2511 BROADMOOR DR STE 102,"BRYAN, TX 77802",17425849282,00002,01/01/2010,
ADVANCED GAMING SYSTEMS INC,INACTIVE,4405 WARWICK LN,"BRYAN, TX 77802",17425849282,00001,10/01/2002,12/31/2009
ADVANCED HOME HEALTH SERVICES,INACTIVE,1908 GREENFIELD PLZ,"BRYAN, TX 77802",17424940710,00003,10/01/1992,01/01/1997
ADVANCED HOME HEALTH SERVICES,INACTIVE,1908 GREENFIELD PLZ,"BRYAN, TX 77802",17424940710,00002,01/01/1991,12/25/2006
ADVANCED HOME MEDIA,INACTIVE,1109 MIMOSA DR,"BRYAN, TX 77802",32040190939,00002,01/01/2011,12/31/2018
ADVANCED MICRO SOLUTIONS,INACTIVE,4103 S TEXAS AVE STE 102,"BRYAN, TX 77802",32024920848,00003,06/01/2000,12/09/2001
ADVANCED SIGN COMPANY,INACTIVE,3600C E 29TH ST,"BRYAN, TX 77802",32028564428,00001,10/01/1999,03/31/2000
ADVANCED SYSTEMS AND SERVICES INC,INACTIVE,1822 GREENFIELD PLZ,"BRYAN, TX 77802",17427274034,00001,01/15/1995,06/30/1996
ADVANCED TRANSCRIPTION SERVICE,INACTIVE,4000 MEADOWWOOD DR,"BRYAN, TX 77802",32027336067,00001,09/06/1995,12/31/1996
ADVANCED TREE CARE,INACTIVE,813 S GORDON ST,"BRYAN, TX 77802",32005419885,00001,07/13/1995,03/31/1998
ADVANCED TV SERVICE,INACTIVE,814 E VILLA MARIA,"BRYAN, TX 77802",32025018378,00004,01/01/1995,12/31/1995
ADVANCED WIRELESS INC,INACTIVE,2200 BRIARCREST (SUPER WAL-MART),"BRYAN, TX 77802",17428211209,00003,02/10/1999,12/31/1999
ADVANCED-HOME HEALTH SERVICES,INACTIVE,1403 MEMORIAL DR,"BRYAN, TX 77802",17424940710,00001,04/04/1988,12/31/1990
ADVANTAGE CASING,ACTIVE,1203 HOPPESS ST,"BRYAN, TX 77802",32071465515,00001,09/01/2019,
ADVANTAGE COMPUTER CENTER,INACTIVE,3707 E 29TH STREET,"BRYAN, TX 77802",32025902514,00001,08/16/1990,09/30/1993
ADVANTAGE COMPUTER LEARNING CENTER,INACTIVE,3707 E 29TH ST,"BRYAN, TX 77802",32031182812,00001,03/13/1990,09/30/1990
"ADVANTAGE COOLING & HEATING, LLC",ACTIVE,6204 WALDHAM GROVE LN,"BRYAN, TX 77802",17428857654,00004,02/01/2016,
ADVANTAGE SPECIALTIES,INACTIVE,1722 BROADMOOR SUITE 114,"BRYAN, TX 77802",30008970227,00002,07/01/1986,01/01/1987
ADVENTURE ADVERTISING SPECIALITIES,INACTIVE,2523 ARBOR DR,"BRYAN, TX 77802",32013377414,00001,12/01/2003,01/01/2016
AELLUR,ACTIVE,3780 COPPERFIELD DR APT 822,"BRYAN, TX 77802",32046919638,00003,01/01/2019,
AEROFIT AT ROYAL OAKS INC,INACTIVE,4455 CARTER CREEK PKWY,"BRYAN, TX 77802",17427766534,00001,03/01/1996,09/30/1999
AEROFIT HEALTH & FITNESS CENTERS,INACTIVE,3100 WILDFLOWER DR STE 300,"BRYAN, TX 77802",17429302130,00003,05/01/2011,11/01/2017
AEROFIT HEALTH & FITNESS CENTERS,INACTIVE,4455 CARTER CREEK PKWY,"BRYAN, TX 77802",17429302130,00002,10/01/1999,11/01/2017
AEROSPACE COMPONENTS DEVELOPMENT,INACTIVE,2368 W BRIARGATE DR,"BRYAN, TX 77802",14808813217,00001,07/24/1987,12/31/1997
AESTHETIC ELECTROLYSIS & SKIN CARE INC,INACTIVE,2402 BROADMOOR DR STE 101,"BRYAN, TX 77802",17428706018,00001,04/01/1998,01/01/1999
AESTHETICS X ASHLEY,INACTIVE,3100 WILDFLOWER DR STE 304,"BRYAN, TX 77802",32079502038,00001,07/01/2021,09/30/2021
AETOS INTERNATIONAL CORP,INACTIVE,1737 BRIARCREST SUITE 12,"BRYAN, TX 77802",32008820840,00001,08/29/1986,12/31/1986
AFFORDABLE COMM LTD,INACTIVE,1919 S TEXAS AVE,"BRYAN, TX 77802",17605407943,00033,06/19/2006,03/30/2007
AFG COMPUTERS,INACTIVE,2411 DELEE #12,"BRYAN, TX 77802",32021421667,00001,10/30/1991,09/30/1992
AFTER HOURS ARTWORKS,INACTIVE,2415 MEMORIAL DRIVE,"BRYAN, TX 77802",32019762726,00003,07/01/1990,07/01/1994
AFTERGLOW ESTHETICS,INACTIVE,3001 WILDFLOWER DR STE C3,"BRYAN, TX 77802",32086950659,00001,12/01/2022,
AG MECHANICAL,INACTIVE,2604 B PECAN RIDGE,"BRYAN, TX 77802",32023042933,00001,03/12/1995,07/01/1997
AG PC,INACTIVE,3416 OAK HILL DR,"BRYAN, TX 77802",32001214496,00001,01/08/1999,12/31/2001
AG RAGZ,INACTIVE,2305 E BRIARGATE DR,"BRYAN, TX 77802",32025869101,00002,08/10/1994,12/31/1998
AG SERVICES,INACTIVE,739 SHADY LANE,"BRYAN, TX 77802",32028943010,00001,01/21/1994,01/21/1994
AG SOLAR GUARD & SOUND,INACTIVE,3410 S TEXAS AVE,"BRYAN, TX 77802",32023601381,00001,09/01/1996,11/30/1997
AG SOLAR GUARD AND SOUND LLC,INACTIVE,3410 S TEXAS AVE,"BRYAN, TX 77802",17428565356,00001,12/01/1997,06/30/1999
AG SOLAR GUARD INC,ACTIVE,3410 S TEXAS AVE,"BRYAN, TX 77802",17428716843,00001,07/01/1999,
AG WIRE WORKS,INACTIVE,4004 WILLOW OAK ST,"BRYAN, TX 77802",32017482145,00001,05/25/2005,05/25/2005
AGAIN4EVER,INACTIVE,3416 OAK HILL DR,"BRYAN, TX 77802",32076437212,00001,10/12/2021,12/31/2023
AGAIN4EVER,ACTIVE,3416 OAK HILL DR,"BRYAN, TX 77802",32076437212,00002,08/13/2025,
AGASIS COMPANY,INACTIVE,2501 MORRIS LN,"BRYAN, TX 77802",30116412203,00001,07/15/1995,12/01/1995
"AGC KEATING, LLC",ACTIVE,738 N EARL RUDDER FWY,"BRYAN, TX 77802",32081004668,00001,12/15/2021,
AGENT FRIENDLY SOFTWARE INC,INACTIVE,4343 CARTER CREEK PARKWAY SUITE 115,"BRYAN, TX 77802",30007332072,00001,10/01/1983,03/31/1986
AGGIE ART STUDIO,INACTIVE,3813 COURTNEY CIRCLE,"BRYAN, TX 77802",32010468299,00001,10/01/1976,09/30/1980
AGGIE AUDIO,INACTIVE,3701 SOUTH TEXAS AVE,"BRYAN, TX 77802",32004847201,00001,10/01/1991,01/31/1994
AGGIE COMPUTERS & UPGRADES,INACTIVE,2920 KENT ST APT 202,"BRYAN, TX 77802",32010011776,00001,04/28/1997,09/30/1998
AGGIE INDOOR / OUTDOOR SERVICE,INACTIVE,2201 LAZY OAKS LN,"BRYAN, TX 77802",32007066841,00001,08/12/1996,09/30/1999
AGGIE INDOOR/OUTDOOR SERVICE,INACTIVE,2205 HILLSIDE DR,"BRYAN, TX 77802",32007066841,00002,10/01/1999,12/31/2006
AGGIE LAND BBQ,INACTIVE,2536 PINON CT,"BRYAN, TX 77802",32041669683,00001,07/01/2019,03/31/2020
"AGGIE MOM'S CLEANING, LLC",ACTIVE,4600 PARK HAVEN CIR,"BRYAN, TX 77802",32093686718,00002,04/01/2025,
AGGIE TAMALES,INACTIVE,3700 STILLMEADOW,"BRYAN, TX 77802",30116413409,00001,01/27/1995,08/16/1995
AGGIE WEAR,INACTIVE,2600 OSLER BLVD,"BRYAN, TX 77802",17423520075,00001,01/01/1991,05/01/1991
AGGIELAND A/C & HEATING INC,INACTIVE,3910 PARK HURST DR,"BRYAN, TX 77802",17429930823,00001,04/01/2001,12/31/2001
"AGGIELAND AESTHETICS, LLC",ACTIVE,1500 MAGLOTHIN CT,"BRYAN, TX 77802",32071099652,00001,01/01/2020,
AGGIELAND ALL BREED DOG GROOMING,INACTIVE,515 WAYSIDE DR,"BRYAN, TX 77802",32032924857,00002,04/17/1997,06/30/1997
AGGIELAND ALL BREED DOG GROOMING,INACTIVE,515 WAYSIDE DR,"BRYAN, TX 77802",32032924857,00001,04/01/1996,06/30/1996
AGGIELAND APPLIANCE REPAIR,INACTIVE,2409 BARAK LN,"BRYAN, TX 77802",32039113322,00004,08/31/2020,08/31/2020
AGGIELAND APPLIANCE REPAIR,INACTIVE,2409 BARAK LN,"BRYAN, TX 77802",32057288519,00001,09/20/2015,09/30/2023
AGGIELAND AUDIO,INACTIVE,3701 S TEXAS AVE,"BRYAN, TX 77802",32004868413,00001,02/01/1994,12/20/1994
AGGIELAND BATTERY,INACTIVE,3300 S TEXAS AVE,"BRYAN, TX 77802",32006587417,00002,05/24/1999,06/30/1999
AGGIELAND CARPET CLEANING,INACTIVE,4700 TIFFANY PARK CIR,"BRYAN, TX 77802",32018147002,00004,06/04/2019,
AGGIELAND CARPET CLEANING,INACTIVE,4700 TIFFANY PARK CIR,"BRYAN, TX 77802",32055070836,00001,09/15/2014,03/31/2019
AGGIELAND CBD,INACTIVE,2103 BRIAR OAKS DR,"BRYAN, TX 77802",32066912414,00001,04/25/2018,
AGGIELAND CELLULAR TUTORING,INACTIVE,2907 ELISE LN,"BRYAN, TX 77802",32033716179,00001,10/01/2007,12/31/2007
AGGIELAND CHICKEN 3 LLC,INACTIVE,3706 S TEXAS AVE,"BRYAN, TX 77802",32057830948,00001,07/25/2016,08/31/2017
"AGGIELAND CLIMATE CONTROL, INC.",ACTIVE,2605 BRIAR OAKS DR,"BRYAN, TX 77802",12027424758,00001,05/02/2005,
AGGIELAND COMPUTERS,INACTIVE,1203 SKRIVANEK DR,"BRYAN, TX 77802",32017572796,00001,06/20/2005,08/01/2007
AGGIELAND DISCOUNT AUTO REPAIR,INACTIVE,1805 BOONEVILLE UNIT 2,"BRYAN, TX 77802",32015400602,00007,11/01/1985,07/25/1986
AGGIELAND DISCOUNT AUTO REPAIR,INACTIVE,2903 VILLA MARIA,"BRYAN, TX 77802",32015400602,00006,03/01/1985,10/30/1985
AGGIELAND DISCOUNT AUTO REPAIR,INACTIVE,1403 BRIARCREST,"BRYAN, TX 77802",32015400602,00004,11/22/1982,02/28/1985
AGGIELAND DISCOUNT FURNITURE,INACTIVE,5505 SOMERFORD LN,"BRYAN, TX 77802",32029590612,00001,02/01/2000,06/30/2000
AGGIELAND EXTERIORS,ACTIVE,2303 BARAK LN,"BRYAN, TX 77802",32081582820,00001,08/25/2022,
AGGIELAND GROOMING,INACTIVE,515 WAYSIDE DR,"BRYAN, TX 77802",32009361851,00001,06/02/1997,06/30/1997
AGGIELAND JEWELRY REPAIR,INACTIVE,3512 HILLCREST,"BRYAN, TX 77802",32013356038,00001,09/06/1994,12/31/1994
AGGIELAND KIRBY REPAIR,INACTIVE,3607 S TEXAS AVE,"BRYAN, TX 77802",32042496813,00001,09/01/2010,04/30/2014
AGGIELAND LANDSCAPE & LAWN SERVICE,INACTIVE,304 MADELINE DR,"BRYAN, TX 77802",32007438305,00001,02/03/1994,12/30/2002
AGGIELAND MEDICAL,INACTIVE,2301 BROADMOOR DR APT 264,"BRYAN, TX 77802",32016046495,00001,10/21/2004,11/29/2004
AGGIELAND PERFORMANCE DIESEL & CUSTOMS,INACTIVE,3906 SIOUX CIR,"BRYAN, TX 77802",32044097874,00001,01/01/2012,12/31/2013
AGGIELAND PEST CONTROL,INACTIVE,2402 BROADMOOR BLDG A SUITE 105,"BRYAN, TX 77802",17426170266,00001,11/01/1991,08/01/1993
"AGGIELAND PIZZA, INC.",INACTIVE,4715 HERON LAKES CIR,"BRYAN, TX 77802",32038254796,00002,10/21/2013,05/31/2018
AGGIELAND PRINTING,INACTIVE,1673 BRIARCREST ARDAN SHOP CTR,"BRYAN, TX 77802",17424684490,00001,08/01/1987,12/31/1991
AGGIELAND QUALITY PREOWNED,INACTIVE,2104 E WM J BRYAN PKWY,"BRYAN, TX 77802",32020029321,00003,03/01/2015,07/01/2015
AGGIELAND QUALITY PREOWNED,INACTIVE,1900 S TEXAS AVE,"BRYAN, TX 77802",32020029321,00001,01/01/2008,12/31/2013
"AGGIELAND SPECTACLES, LLC",INACTIVE,2801 E 29TH ST STE 101,"BRYAN, TX 77802",32050409070,00002,05/01/2013,03/31/2020
AGGIELAND STAMP CO,INACTIVE,1103A E VILLA MARIA RD,"BRYAN, TX 77802",32008491238,00001,04/01/1992,09/30/1996
AGGIELAND STAMP COMPANY,INACTIVE,1103-A E VILLA MARIA RD,"BRYAN, TX 77802",32029876573,00003,10/01/1985,03/31/1992
AGGIELAND TEXACO,INACTIVE,2909 S TEXAS AVE STE B,"BRYAN, TX 77802",17423442320,00004,07/15/1999,06/26/2004
AGGIELAND TITLE COMPANY,INACTIVE,3740 COPPERFIELD DR STE 101,"BRYAN, TX 77802",17429858958,00002,01/01/2006,06/30/2016
AGGIELAND TITLE COMPANY,INACTIVE,3608 E 29TH ST STE 101,"BRYAN, TX 77802",17429858958,00001,04/01/2001,12/31/2005
"AGGIELAND TOT, LLC",ACTIVE,3817 HOLLY DR,"BRYAN, TX 77802",32057464102,00002,10/01/2018,
AGGIELAND YARD GREETINGS,INACTIVE,3501 SPRING LN,"BRYAN, TX 77802",32055414109,00001,10/16/2014,12/31/2019
AGGIESTITCHERS,ACTIVE,5614 HAYDUKE LN,"BRYAN, TX 77802",32020639558,00005,01/01/2025,
"AGN ENTERPRISES, LLC",INACTIVE,3405 OAK HOLLOW DR,"BRYAN, TX 77802",32043748576,00002,01/01/2017,12/31/2017
"AGN ENTERPRISES, LLC",INACTIVE,3405 OAK HOLLOW DR,"BRYAN, TX 77802",32043748576,00001,03/04/2011,12/31/2012
AGP ENERGY SERVICES LLC,INACTIVE,1716 BRIARCREST DR STE 334,"BRYAN, TX 77802",18430774002,00001,11/01/2019,
"AGS SCIENTIFIC, INC.",ACTIVE,2010 E VILLA MARIA RD STE C,"BRYAN, TX 77802",13310713360,00005,03/01/2024,
AIC INFORMATION CORPORATION,INACTIVE,1822 GREENFIELD PLZ STE B,"BRYAN, TX 77802",12006782929,00001,02/01/2004,12/31/2004
AICEDI LTD,INACTIVE,1822 GREENFIELD PLZ STE B,"BRYAN, TX 77802",12006784164,00001,10/01/2004,06/30/2006
AIM APPRAISAL SERVICES,INACTIVE,1111 BRIARCREST DR,"BRYAN, TX 77802",17424440505,00005,01/01/2012,12/25/2013
AIM APPRAISAL SERVICES,INACTIVE,1733 BRIARCREST DR,"BRYAN, TX 77802",17424440505,00002,09/25/1989,12/31/2011
AIM DEPOT,ACTIVE,1003 N EARL RUDDER FWY,"BRYAN, TX 77802",32044138306,00003,10/01/2019,
AIMEE ALLEN INTERIORS INC,INACTIVE,3608 E 29TH ST STE 205,"BRYAN, TX 77802",17423360753,00002,06/01/1998,04/30/2000
AIMEE ART & CRAFTS,INACTIVE,3503B CURTIS ST,"BRYAN, TX 77802",32012216415,00001,09/03/2003,09/30/2004
AIR CARE SERVICES,INACTIVE,3 OAK HOLLOW CIRCLE,"BRYAN, TX 77802",30113610494,00001,02/14/1990,01/01/1993
AIR INDUSTRIES,INACTIVE,706 INWOOD DR,"BRYAN, TX 77802",32028505207,00001,05/26/1999,03/31/2000
AJ COUTURE,INACTIVE,4050 PENDLETON DR APT 428,"BRYAN, TX 77802",32042696016,00001,10/01/2010,09/30/2011
AL-DAN HOLDING,INACTIVE,4150 PENDLETON DR APT 513,"BRYAN, TX 77802",32085692096,00001,10/01/2022,12/31/2023
AL'S FORMAL WEAR,INACTIVE,1103 VILLA MARIA,"BRYAN, TX 77802",30000450129,00015,10/01/1978,03/31/1979
AL'S FORMAL WEAR,INACTIVE,1103 VILLA MARIA,"BRYAN, TX 77802",17512898960,00019,07/01/1978,10/01/1978
ALAN'S CATERIG CO,INACTIVE,8 8/10 MI E OF CH ON HWY 30,"BRYAN, TX 77802",32031498986,00002,02/18/1987,12/31/1987
ALBERT HORELKA,INACTIVE,1905B PINE TREE DR,"BRYAN, TX 77802",32047863223,00001,05/06/2012,12/25/2013
ALBERT'S HAIR DESIGN,INACTIVE,1713 BROADMOOR DR STE 400,"BRYAN, TX 77802",32004590686,00004,04/01/2018,09/30/2018
ALBERT'S HAIR DESIGN,INACTIVE,1713 BROADMOOR DR STE 400,"BRYAN, TX 77802",32028508714,00005,10/01/2018,
ALBERTA'S ATTIC COLLECTIBLE DOLLS,INACTIVE,2620D PECAN RIDGE DR,"BRYAN, TX 77802",32029862904,00001,05/04/2000,10/31/2001
ALBERTSON'S #2796,INACTIVE,1901 S TEXAS AVE,"BRYAN, TX 77802",18201844349,00433,01/09/2002,07/30/2006
ALBERTSON'S EXPRESS #2796F,INACTIVE,1909A S TEXAS AVE,"BRYAN, TX 77802",18201844349,00434,01/09/2002,07/30/2006
ALBERTSON'S EXPRESS #2796F,INACTIVE,1909A S TEXAS AVE,"BRYAN, TX 77802",17419316645,00242,12/01/2001,07/30/2006
ALDEN DAILY,INACTIVE,2805 BRIARCREEK CT,"BRYAN, TX 77802",32092051864,00001,12/01/2023,
ALDI (TEXAS) L.L.C. #178,ACTIVE,1760 BRIARCREST DR,"BRYAN, TX 77802",32020223395,00106,10/01/2016,
ALEXANDER'S NAIL GALLERY,INACTIVE,3803A TEXAS AVE,"BRYAN, TX 77802",32030246725,00001,10/01/1992,03/31/1993
ALEXSYS SYSTEMS INC,INACTIVE,2402 BROADMOOR DR STE A103,"BRYAN, TX 77802",17427947316,00001,12/01/1996,12/31/1996
ALFIE'S FISH & CHIPS,INACTIVE,2700 TEXAS AVENUE,"BRYAN, TX 77802",17416485310,00001,10/16/1969,05/01/1971
ALFRED A MARTIN,INACTIVE,4500 CARTER CREEK PKWY STE 105,"BRYAN, TX 77802",32009882369,00002,01/01/1998,12/31/2020
ALFRED A MARTIN PC,INACTIVE,4500 CARTER CREEK PKY STE 105,"BRYAN, TX 77802",17425838970,00001,11/01/1990,12/31/1997
ALICE STEIN,INACTIVE,2506 BRIARWOOD CIR,"BRYAN, TX 77802",32008041181,00001,03/01/1995,12/25/2007
ALICE TREYBIG,INACTIVE,1316 GARDEN LANE,"BRYAN, TX 77802",32008962980,00001,10/01/1986,12/31/1991
ALICE'S ANGELS OF LOVE,INACTIVE,2605 E VILLA MARIA,"BRYAN, TX 77802",32027885006,00001,02/07/1995,03/31/1996
ALL ABOUT HAIR SALON,INACTIVE,3030 E 29TH ST STE 104,"BRYAN, TX 77802",32011796110,00001,07/15/2003,06/30/2006
ALL ABOUT LANDSCAPING,INACTIVE,520 WAYSIDE DR,"BRYAN, TX 77802",32060451104,00001,05/12/2016,12/31/2019
ALL AMERICAN CARPET CLEANING,INACTIVE,3700 BRIGHTON DR,"BRYAN, TX 77802",32014451986,00001,07/01/2003,12/31/2005
ALL AMERICAN EMBROIDERY,INACTIVE,1851 BRIARCREST DR,"BRYAN, TX 77802",17428083285,00002,04/01/2010,08/31/2011
ALL AMERICAN EMBROIDERY,INACTIVE,3735 E 29TH ST,"BRYAN, TX 77802",32001320186,00002,06/01/2008,06/30/2009
ALL AMERICAN EMBROIDERY,INACTIVE,1851 BRIARCREST DR,"BRYAN, TX 77802",32044778879,00001,08/03/2011,09/30/2015
ALL AMERICAN EMBROIDERY,INACTIVE,3735 E 29TH ST,"BRYAN, TX 77802",17428083285,00001,05/15/2009,05/31/2010
ALL AMERICAN EMBROIDERY AND BOUTIQUE,INACTIVE,3001 WILDFLOWER DR STE 711,"BRYAN, TX 77802",32058513386,00002,04/01/2016,
ALL AMERICAN INDUSTRIES INC,INACTIVE,701 AVONDALE,"BRYAN, TX 77802",30004554926,00001,10/01/1979,10/01/1979
"ALL AMERICAN MOTORSPORTS, LLC",INACTIVE,1918 S TEXAS AVE,"BRYAN, TX 77802",32037186080,00001,06/03/2008,12/31/2008
ALL AMERICAN SLEEP,INACTIVE,1673 BRIARCREST DR STE 108B,"BRYAN, TX 77802",12056637635,00007,09/01/2007,01/15/2009
ALL AMERICAN SLEEP & MATTRESS,INACTIVE,728 E VILLA MARIA RD,"BRYAN, TX 77802",17606042970,00003,01/15/2001,07/31/2004
ALL AMERNICAN SLEEP,INACTIVE,1673 B BRIANCREST #108,"BRYAN, TX 77802",17606042970,00004,08/01/2004,10/31/2007
ALL AROUND AIRCRAFT REPAIR,INACTIVE,1810 BRIAR OAKS DR,"BRYAN, TX 77802",32032581335,00001,04/01/1997,04/01/1997
ALL DIRECT DISTRIBUTION INC,INACTIVE,4103 S TEXAS AVE STE 220,"BRYAN, TX 77802",32001841421,00001,10/01/1999,03/31/2000
ALL HEART PHOTOGRAPHY,ACTIVE,4108 BEDFORD DR,"BRYAN, TX 77802",32034063969,00001,12/15/2015,
ALL PHONE TOYS,INACTIVE,3600 S TEXAS AVE STE 100,"BRYAN, TX 77802",17109402481,00005,10/15/2006,03/31/2017
ALL PHONE TOYS,ACTIVE,3600 S TEXAS AVE STE 100,"BRYAN, TX 77802",32005759884,00009,04/01/2017,
ALL STAR AUDIO INC,INACTIVE,3601 E 29TH,"BRYAN, TX 77802",17418599167,00013,06/01/1983,08/31/1985
ALL STAR OFFICIALS SUPPLY,INACTIVE,730 E VILLA MARIA RD,"BRYAN, TX 77802",32022068020,00001,07/16/1993,02/28/1998
ALL STAR PEST CONTROL,ACTIVE,2812 ALLEN RIDGE DR,"BRYAN, TX 77802",32033714273,00003,07/01/2015,
ALL THAT JAZZ,INACTIVE,3801 E 29TH ST,"BRYAN, TX 77802",32010931569,00002,10/01/2005,01/15/2009
ALL THAT JAZZ,INACTIVE,3817 E 29TH ST,"BRYAN, TX 77802",32010931569,00001,04/28/2003,01/01/2007
ALL THINGS ITALIA,INACTIVE,1101 RUSKIN DR,"BRYAN, TX 77802",32008648894,00009,05/01/2021,10/31/2021
ALL THINGS SHOES LLC,INACTIVE,2301 BROADMOOR DR APT 259,"BRYAN, TX 77802",32093211889,00001,02/06/2024,
ALLAN T KRAFT,INACTIVE,3202 S TEXAS AVE,"BRYAN, TX 77802",32025751598,00002,10/01/1989,12/31/1990
ALLEN ACADEMY,INACTIVE,3201 FM 158,"BRYAN, TX 77802",17418211938,00002,07/01/1990,12/31/2005
ALLEN BLIND & DRAPERY INC,INACTIVE,3812 S TEXAS AVENUE,"BRYAN, TX 77802",17422096481,00001,01/01/1982,03/31/1986
ALLEN OLDSMOBILE-CADILLAC INC,INACTIVE,2401 S TEXAS AVE,"BRYAN, TX 77802",17416694861,00001,07/01/1970,03/31/1997
ALLEN TIRE CO,INACTIVE,2920-G EAST BY PASS,"BRYAN, TX 77802",32005162600,00002,07/01/1985,08/31/1986
ALLEN TIRE CO,INACTIVE,2114-SUITE C BOONVILLE RD,"BRYAN, TX 77802",32005162600,00001,06/13/1984,06/30/1985
ALLEN WELDING,INACTIVE,3015 RED ROBIN LOOP,"BRYAN, TX 77802",32005239457,00001,05/23/1984,05/01/1989
ALLIANCE INTERACTIVE SOFTWARE INC,INACTIVE,904 BRIAR BEND CT,"BRYAN, TX 77802",16504594397,00001,04/01/1994,12/31/1996
ALLIED RENT-ALL,INACTIVE,3030 S TEXAS AVE,"BRYAN, TX 77802",17423535107,00001,05/01/1985,08/31/2001
ALLIES ATTIC,INACTIVE,2000B E 29TH ST,"BRYAN, TX 77802",32000288194,00001,11/25/1997,06/24/1999
ALLIS GROOMING SALON,INACTIVE,3141 BRIARCREST DR STE 526,"BRYAN, TX 77802",32074443121,00001,06/09/2020,09/26/2021
ALLRED MOTOR COMPANY INCORPORATED,INACTIVE,1803 S TEXAS AVE,"BRYAN, TX 77802",17425990151,00003,01/01/1996,12/31/2010
ALLTRAN BRYAN FINANCIAL,INACTIVE,4001 E 29TH ST STE 130,"BRYAN, TX 77802",17420288817,00003,03/01/2022,08/11/2023
ALLURE SALON,INACTIVE,3808B S TEXAS AVE,"BRYAN, TX 77802",32009274682,00001,11/20/2002,10/20/2013
ALLY JOE PHOTOGRAPHY,ACTIVE,2524 WILLOW BEND DR,"BRYAN, TX 77802",32072556932,00002,11/01/2022,
ALMA MATER QUILTS,INACTIVE,1102 RUSKIN DR,"BRYAN, TX 77802",32055911781,00001,12/22/2014,10/01/2016
ALMARCO CUSTARD,ACTIVE,930 N EARL RUDDER FWY,"BRYAN, TX 77802",32047694511,00001,06/12/2012,
ALPHA AND OMEGA PIANO SERVICE,INACTIVE,2106 ELMWOOD DR,"BRYAN, TX 77802",32028091174,00001,01/03/1998,12/25/1998
ALPHA AQUATICS INC,INACTIVE,2904 HILLSIDE DR,"BRYAN, TX 77802",14316653204,00003,01/01/1997,06/30/1998
ALPHA ENGINEERING SERVICES,INACTIVE,4001 E 29TH ST # 170H&J,"BRYAN, TX 77802",32006684099,00001,10/03/1997,12/31/2004
ALPHA1 COMMUNICATIONS,INACTIVE,1313A BRIARCREST DR,"BRYAN, TX 77802",17427620665,00001,07/01/1996,06/30/2015
ALTA GRAPHICS,INACTIVE,720 N ROSEMARY DR,"BRYAN, TX 77802",32022385168,00001,06/10/1992,12/31/1994
ALTAIRIS SYSTEMS INC,INACTIVE,2300 BROADMOOR #8,"BRYAN, TX 77802",17425173089,00002,04/01/1990,01/01/1991
"ALTEGRITY RISK INTERNTIONAL, INC.",INACTIVE,1716 BRIARCREST DR STE 300,"BRYAN, TX 77802",32041309256,00001,02/01/2010,09/30/2011
ALTERATION STATION,INACTIVE,4006 STILLMEADOW DR,"BRYAN, TX 77802",32028677188,00002,07/01/1997,03/30/2001
ALTERATIONS BY CHARLOTTE,INACTIVE,1673 BRIARCREST DR SUITE B-106,"BRYAN, TX 77802",32028677188,00001,06/01/1995,06/16/1997
ALTERNATIVE PEST AND TURF SOLUTIONS,INACTIVE,4825 ALDINE DR,"BRYAN, TX 77802",32043006223,00002,06/01/2013,12/31/2014
ALTON LEWIS THORTON,INACTIVE,305 S GORDON ST,"BRYAN, TX 77802",32027963639,00001,01/01/1994,12/31/1994
ALTRUITEES,INACTIVE,2511 TOWERING OAKS DR,"BRYAN, TX 77802",32086936609,00001,11/25/2022,
AM PM PHARMACY,INACTIVE,3820 S TEXAS AVENUE,"BRYAN, TX 77802",30006913971,00001,02/10/1983,07/01/1983
AMA TOWING,INACTIVE,4709 TIFFANY PARK CIR,"BRYAN, TX 77802",32041616791,00001,04/12/2010,12/31/2011
"AMANDA COLBORN ILLUSTRATION, LLC",ACTIVE,2507 PECAN RIDGE DR APT C,"BRYAN, TX 77802",32097453099,00001,12/27/2024,
AMANI HAIR SALON,INACTIVE,1713 BROADMOOR DR STE 400,"BRYAN, TX 77802",32044748302,00001,08/01/2011,12/31/2013
AMATI SALON,INACTIVE,3100 WILDFLOWER DR STE 304,"BRYAN, TX 77802",32075771140,00001,09/28/2020,09/30/2021
AMAZING CRAFTERS,INACTIVE,4103 MEADOWWOOD DR,"BRYAN, TX 77802",32043297764,00001,10/27/2010,12/25/2018
AMAZING SPACE,INACTIVE,3009 GLENEAGLES CT,"BRYAN, TX 77802",32009452999,00008,10/01/2011,12/31/2011
AMAZING SPACE,INACTIVE,2906 BRIARCREEK CT,"BRYAN, TX 77802",32009452999,00007,01/01/2003,09/30/2011
AMBER E SIMMONS,INACTIVE,2905 OAKSIDE DR,"BRYAN, TX 77802",32093130170,00001,01/01/2023,12/31/2023
AMBER'S FOOD MART,INACTIVE,3500 E 29TH ST,"BRYAN, TX 77802",17604499032,00001,11/15/1994,10/24/1998
AMBERDAWN COLLECTION,INACTIVE,6017 WALDHAM GROVE LN,"BRYAN, TX 77802",32031684155,00003,03/12/1997,12/31/1998
AMBIENCE,INACTIVE,4417 NOTTINGHAM LN,"BRYAN, TX 77802",17427404904,00002,07/01/1995,12/31/2010
"AMEN GLASS, LLC",INACTIVE,3600 E 29TH ST,"BRYAN, TX 77802",32055163326,00004,05/01/2018,11/30/2018
AMEN SHOWERS AND GLASS,INACTIVE,4050 PENDLETON DR APT 412,"BRYAN, TX 77802",32073707765,00001,03/11/2020,
AMERICA'S BEST VALUE INN & SUITES,INACTIVE,1601 S TEXAS AVE,"BRYAN, TX 77802",12011561607,00001,09/01/2004,04/13/2007
AMERICAN BATH TOWELS LLC,ACTIVE,801 DELLWOOD ST STE 100-287,"BRYAN, TX 77802",32078280537,00001,04/06/2021,
AMERICAN BOX & CONTAINER CO,INACTIVE,3723 E 29TH ST,"BRYAN, TX 77802",32028316316,00004,07/28/1995,12/31/2001
AMERICAN BOX & CONTAINER CO.,INACTIVE,3708 E 29TH ST,"BRYAN, TX 77802",12600301977,00002,01/01/2002,12/31/2002
AMERICAN CABLEVISION OF HOOD,INACTIVE,1111 BRIARCREST DRIVE STE 300,"BRYAN, TX 77802",17424125684,00001,02/01/1987,02/01/1987
AMERICAN COMPUTER DEVELOPMENT INC,INACTIVE,1735 BRIARCREST DR #20,"BRYAN, TX 77802",17421190483,00001,07/14/1980,12/31/1983
AMERICAN DANCE PORTRAITS AND VIDEO,INACTIVE,3000 BROADMOOR,"BRYAN, TX 77802",32004977271,00002,09/17/1985,09/17/1985
AMERICAN DEER FOUNDATION - BUCKMASTERS,INACTIVE,3232 BRIARCREST DR,"BRYAN, TX 77802",17430068530,00001,08/22/2006,08/22/2006
AMERICAN DREAMS DISCOUNTERS,INACTIVE,1525 E 29TH ST APT 904,"BRYAN, TX 77802",32031727053,00001,01/08/1996,09/30/1996
AMERICAN FIRE & SAFETY INC,INACTIVE,1412 TEXAS,"BRYAN, TX 77802",17422165955,00004,01/01/1982,04/01/1992
"AMERICAN FREIGHT, INC.",ACTIVE,3125 S TEXAS AVE STE 1500,"BRYAN, TX 77802",32061777218,00011,06/26/2018,
AMERICAN HANDICRAFTS CO,INACTIVE,701 VILLA MARIA RD,"BRYAN, TX 77802",17510489127,00032,07/01/1972,06/30/1974
AMERICAN HEART ASSOCIATION,INACTIVE,3130 E 29TH ST B-130,"BRYAN, TX 77802",17412221321,00017,01/01/1988,12/30/1993
AMERICAN HEART ASSOCIATION,INACTIVE,3833 S TEXAS AVE STE 216,"BRYAN, TX 77802",17412221321,00033,01/01/1994,09/03/1998
AMERICAN HEART ASSOCIATION INC,ACTIVE,3833 S TEXAS AVE STE 216,"BRYAN, TX 77802",11356137973,00041,09/04/1998,
AMERICAN HOMEPATIENT,INACTIVE,3703 E 29TH ST,"BRYAN, TX 77802",16212988352,00081,09/01/2008,08/01/2013
AMERICAN HOMEPATIENT,INACTIVE,4001 E 29TH ST STE 150,"BRYAN, TX 77802",16212988352,00067,06/26/2003,09/08/2008
AMERICAN HOMEPATIENT,INACTIVE,2014 E 29TH ST,"BRYAN, TX 77802",16212988352,00058,10/01/1999,12/31/1999
AMERICAN HOMEPATIENT,INACTIVE,2014EAST 29TH STREET,"BRYAN, TX 77802",16212988352,00030,03/01/1999,06/26/2003
AMERICAN HOMEPATIENT,INACTIVE,2014 E 29TH ST,"BRYAN, TX 77802",17104577386,00007,06/07/1985,06/30/1999
"AMERICAN HOMEPATIENT, INC.",INACTIVE,1871 BRIARCREST DR,"BRYAN, TX 77802",16212988352,00093,09/01/2013,11/01/2024
"AMERICAN LUBE CENTER - BRYAN, LLC",INACTIVE,1621 BRIARCREST DR,"BRYAN, TX 77802",32039326635,00001,06/01/2009,09/13/2016
AMERICAN LUBE CENTER - COLLEGE STATION,INACTIVE,1791 BRIARCREST DR,"BRYAN, TX 77802",32039218105,00002,06/01/2009,08/01/2009
"AMERICAN LUBE CENTER - 2510, LLC",INACTIVE,2510 S TEXAS AVE,"BRYAN, TX 77802",32043508228,00001,03/01/2011,02/28/2019
"AMERICAN LUBE CENTERS, LLC",INACTIVE,3501 S TEXAS AVE STE 300,"BRYAN, TX 77802",32039218105,00003,05/01/2015,12/31/2020
AMERICAN PAY - TEL,INACTIVE,INT FM 1179 & OAK FOREST DR,"BRYAN, TX 77802",32005144897,00001,07/01/1984,03/31/1987
AMERICAN PLUMBING COMPANY,ACTIVE,2300 W BRIARGATE DR,"BRYAN, TX 77802",32072659116,00001,02/01/2020,
AMERICAN RED CROSS - BRAZOS VALLEY CHAPTER,INACTIVE,4244 HWY 156,"BRYAN, TX 77802",17411689262,00011,10/01/2004,12/31/2006
AMERICAN RED CROSS-  BRAZOS VALLEY CHAPTER,INACTIVE,4244 BOONVILLE RD,"BRYAN, TX 77802",17411689262,00014,01/01/2007,12/31/2009
AMERICAN SLEEP,INACTIVE,1673 BRIARCREST DR STE 1088,"BRYAN, TX 77802",32038476951,00001,12/08/2008,11/30/2018
AMERICAN SPEEDY PRINTING CENTER OF BRYAN TX,INACTIVE,3729 EAST 29TH ST,"BRYAN, TX 77802",32021676369,00003,08/01/1987,01/01/1993
AMERICAN STOCK HORSE ASSOCIATION INC,INACTIVE,3100 BARAK LN,"BRYAN, TX 77802",32034563224,00001,03/25/2010,03/25/2010
AMERICAN STUDIOS INC,INACTIVE,2200 BRIARCREST DR,"BRYAN, TX 77802",15620024644,00112,08/01/1997,06/30/2000
AMERICAN STUDIOS INC,INACTIVE,2200 BRIARCREST DR,"BRYAN, TX 77802",15617583214,00010,10/01/1993,07/31/1997
AMERICAN TITLE COMPANY OF BRAZOS COUNTY,INACTIVE,3608 E 29TH ST STE 101,"BRYAN, TX 77802",17418492538,00003,01/01/1990,12/31/2001
AMERITEX AUCTIONS,INACTIVE,845 N ROSEMARY DR,"BRYAN, TX 77802",32010262890,00004,02/01/2005,12/25/2015
AMISH FURNITURE FOR GENERATIONS,INACTIVE,4001 E 29TH ST STE 82,"BRYAN, TX 77802",32009420640,00001,01/01/2003,06/30/2012
AMODA,INACTIVE,4050 PENDLETON DR APT 827,"BRYAN, TX 77802",32094685719,00001,06/21/2024,09/30/2024
AMPLIFY SCIENTIFIC,INACTIVE,905 MITCHELL ST,"BRYAN, TX 77802",32059545247,00001,03/01/2016,06/30/2016
AMTS INCORPORATED,INACTIVE,3600 E 29TH ST,"BRYAN, TX 77802",17428812642,00001,10/01/1998,12/31/1999
AMWEL INTERNATIONAL,INACTIVE,2807 HILLSIDE DR,"BRYAN, TX 77802",32032929179,00002,07/01/1998,10/24/1998
AMY CASAS PHOTOGRAPHY,INACTIVE,1805 RICHMOND AVE,"BRYAN, TX 77802",32029962613,00001,04/13/2007,
AMY'S KITCHEN,INACTIVE,505 WAYSIDE DR APT 4,"BRYAN, TX 77802",32064139762,00001,06/26/2017,07/31/2017
AMY'S PARTY PLANNING,INACTIVE,4401 KIRKWOOD DR,"BRYAN, TX 77802",32014299393,00001,02/16/2004,12/31/2011
AN ELEGANT AFFAIR BEAUTY EMPORIUM,INACTIVE,2012 S TEXAS AVE,"BRYAN, TX 77802",32011583807,00004,01/15/1996,12/31/1996
AN-TEK-EN 4 MEM-R-IES,INACTIVE,1203 DELMA DR,"BRYAN, TX 77802",32006087897,00001,05/30/2002,12/31/2009
ANALIAHS FASHION BOUTIQUE,INACTIVE,2549 ALLEN RIDGE DR,"BRYAN, TX 77802",32080710901,00001,09/19/2021,12/31/2021
ANCO INSURANCE MANAGERS LTD,INACTIVE,1733 BRIARCREST DR STE 111,"BRYAN, TX 77802",17602567566,00001,06/03/2002,12/31/2011
ANCO INSURANCE MANAGERS LTD.,INACTIVE,1111 BRIARCREST DR,"BRYAN, TX 77802",17602567566,00002,01/01/2012,09/30/2024
ANCO/THE ANDERSON COMPANY,INACTIVE,1733 BRIARCREST DRIVE,"BRYAN, TX 77802",17416581498,00001,01/01/1981,12/25/1985
"ANDALE HOLDINGS, LLC",INACTIVE,1009 N EARL RUDDER FWY,"BRYAN, TX 77802",32050910424,00001,10/10/2013,
ANDERSON GENERAL,INACTIVE,708 GARDEN ACRES BLVD,"BRYAN, TX 77802",32015222634,00002,04/01/2005,12/31/2006
ANDERSON'S WRECKER SERVICE,INACTIVE,2401 S TEXAS AVE,"BRYAN, TX 77802",32029216440,00001,09/01/1989,12/25/1999
"ANDREW C HUMPHREYS, CH",INACTIVE,2604 WAYSIDE DR,"BRYAN, TX 77802",32057187539,00001,05/31/2015,03/31/2016
ANDREW D SEIDEL,INACTIVE,2710 ARBOR DR,"BRYAN, TX 77802",32020920123,00005,10/01/1990,12/25/1999
ANDREW JAMES BURDA,ACTIVE,747 MEADOW LN,"BRYAN, TX 77802",32014715315,00002,01/01/2007,
ANDREW LIEBIG DESIGNS,INACTIVE,3780 COPPERFIELD DR APT 513,"BRYAN, TX 77802",32039592046,00001,05/01/2009,05/19/2010
ANDREW VANDERVEER,ACTIVE,4804 WINCHESTER DR,"BRYAN, TX 77802",32010718032,00003,08/29/2025,
ANDREWS COLLEGE BOOK COMPANY,INACTIVE,3535 PLAINSMAN F76,"BRYAN, TX 77802",32023102075,00002,06/01/1988,12/31/1988
ANDREWS FLOWERS,INACTIVE,3810 S TEXAS AVE,"BRYAN, TX 77802",12715438268,00001,01/25/2010,01/31/2011
ANDY BLAND,INACTIVE,4317 KIRKWOOD DR,"BRYAN, TX 77802",32026500515,00001,06/17/1991,12/31/1994
ANESTHESIOLOGY ASSOCIATES,INACTIVE,1737 BRIARCREST DR STE 14,"BRYAN, TX 77802",17423446123,00001,01/01/1987,05/04/2012
ANGEL ANTIQUES,INACTIVE,3131 E 29TH ST STE A,"BRYAN, TX 77802",32030110392,00001,10/01/1997,12/25/1999
ANGEL'S ACCENTS,INACTIVE,2018 S TEXAS AVE,"BRYAN, TX 77802",32031234274,00001,04/12/1993,02/28/1996
ANGEL'S ACCENTS,INACTIVE,2018 S TEXAS AVE,"BRYAN, TX 77802",30009143246,00003,02/12/1992,04/30/1993
ANGEL'S GARDEN CANDLES,INACTIVE,3502 PARKWAY TER,"BRYAN, TX 77802",32032375548,00001,08/01/1999,01/01/2001
ANGELA R ANDERSON,INACTIVE,3902 E 29TH ST APT A2,"BRYAN, TX 77802",32040326442,00001,09/22/2009,12/31/2010
ANGELAS BEADS AND THINGS,INACTIVE,3501 OAK HOLLOW DR,"BRYAN, TX 77802",32019320913,00003,03/30/2006,09/30/2006
ANGELETTA L BROWN MD,INACTIVE,3201 E UNVIERSITY DR SUITE 375,"BRYAN, TX 77802",17211761253,00003,07/01/2002,06/30/2008
ANGELETTA L BROWN MD,INACTIVE,2801 E 29TH ST STE 117,"BRYAN, TX 77802",17211761253,00002,08/01/1997,06/30/2002
ANGELITA PEREZ,INACTIVE,1525 E 29TH ST APT 709,"BRYAN, TX 77802",32016674197,00001,06/04/2009,12/31/2010
ANGELS,INACTIVE,3506 OAK VALLEY CIR,"BRYAN, TX 77802",32028789470,00001,01/23/1996,12/31/1996
ANGELS FROM DIXIE,INACTIVE,5609 MIDDLEBURY DR,"BRYAN, TX 77802",32025694103,00001,07/01/1997,12/31/1998
ANGELS WINGS,INACTIVE,2305 OXFORD ST,"BRYAN, TX 77802",30116413037,00001,01/16/1996,10/25/1996
ANGONIA PRINT & COPY SERVICE,ACTIVE,1673 BRIARCREST DR STE A103,"BRYAN, TX 77802",10207658682,00001,03/10/2006,
ANIMAL WORLD,INACTIVE,719-B VILLA MARIA MANOR E MALL,"BRYAN, TX 77802",17513800239,00002,08/01/1972,11/30/2003
ANN KELLETT COMMUNICATIONS,ACTIVE,5801 CANTERBURY DR,"BRYAN, TX 77802",32030487584,00004,05/01/2016,
ANN KELLETT PROFESSIONAL WRITING & EDITING,INACTIVE,5801 CANTERBURY DR,"BRYAN, TX 77802",32030487584,00001,08/11/1999,12/25/2000
ANN M KELLETT,INACTIVE,5801 CANTERBURY DR,"BRYAN, TX 77802",32030487584,00002,07/01/2008,06/23/2009
ANNA KELLETT,INACTIVE,2103 RED RIVER DR,"BRYAN, TX 77802",32029415042,00001,03/02/1994,12/31/1997
ANNA QUINTERO,INACTIVE,3100 WILDFLOWER DR STE 304,"BRYAN, TX 77802",32007189890,00003,09/28/2020,12/25/2021
ANNABELLE'S COLLECTABLES,INACTIVE,4727 HUNINGTON DR,"BRYAN, TX 77802",32011586446,00002,07/01/2004,12/31/2007
ANNETTE CORTINAS,INACTIVE,2910 OAKSIDE DR,"BRYAN, TX 77802",32047612513,00001,04/12/2012,06/30/2021
ANNIE L JONES,INACTIVE,2920 - D EAST BYPASS,"BRYAN, TX 77802",32023544599,00001,04/28/1986,12/31/1986
ANNUAL FUNDRAISER,INACTIVE,725 E VILLA MARIA RD STE 301,"BRYAN, TX 77802",17424460800,00002,08/07/1999,08/07/1999
ANOTHER'S TREASURE,INACTIVE,707 ENFIELD ST,"BRYAN, TX 77802",32008296900,00001,11/29/1995,12/31/2000
ANTHONY F GANGI CONSULTANTS,INACTIVE,3804 SUNNYBROOK LN,"BRYAN, TX 77802",32021171601,00001,12/20/1992,12/25/1999
ANTHONY M MILAZZO,INACTIVE,3210 WILDLIFE,"BRYAN, TX 77802",32024158423,00001,03/15/1983,12/31/1983
ANTHONY S INC,INACTIVE,2704-C WILDFLOWER,"BRYAN, TX 77802",17421914122,00004,11/01/1988,12/31/1989
ANTHONY'S AIR CONDITIONING & HEATING CO,INACTIVE,2704C WILDFLOWER,"BRYAN, TX 77802",32012041334,00002,01/01/1989,08/31/1989
ANTHONY'S ARCHERY,INACTIVE,3605 RAVENWOOD DR,"BRYAN, TX 77802",32009648844,00001,02/01/1997,12/25/2002
ANTHONY'S INC,INACTIVE,2112 BOONEVILLE RD,"BRYAN, TX 77802",17421914122,00002,10/01/1982,10/31/1988
ANTHONY'S INC,INACTIVE,2318 KENT ST,"BRYAN, TX 77802",17421914122,00005,01/01/1990,03/31/1991
ANTIQUES & ACCENTS,INACTIVE,1300 HOPPESS ST,"BRYAN, TX 77802",32008045646,00001,12/01/1996,12/25/2005
ANTLER'S HORN,INACTIVE,2903A PRAIRIE FLOWER CIR,"BRYAN, TX 77802",32025142228,00001,09/21/1992,12/25/1999
ANTOJITOS CHAPINES TAQUERIA (TACOS CHAPINES),INACTIVE,3151 BRIARCREST DR,"BRYAN, TX 77802",32088312957,00001,02/09/2023,12/31/2023
ANTONIO DESOUZA,INACTIVE,1715 LUZA LN,"BRYAN, TX 77802",32023138855,00001,12/01/1993,12/31/1994
"ANUNCIO, LLC",INACTIVE,801 DELLWOOD ST # 362,"BRYAN, TX 77802",14122056782,00004,07/01/2015,12/31/2016
ANY ITEM 99 CENTS,INACTIVE,P-529 MANOR EAST MALL,"BRYAN, TX 77802",32005173193,00002,04/13/1991,06/10/1991
ANY TIME ANALYSIS,INACTIVE,4015 S TEXAS AVE,"BRYAN, TX 77802",32033393672,00001,03/06/2008,09/30/2009
ANYTIME FITNESS,INACTIVE,3100 WILDFLOWER DR  STE 300,"BRYAN, TX 77802",12615378804,00001,09/01/2008,05/31/2011
AOK POOL SERVICE,INACTIVE,2804 CHERRY CREEK CIR,"BRYAN, TX 77802",32022798899,00001,04/21/1994,09/30/1999
APARTMENT CLEANERS,INACTIVE,2503 BRIARWOOD CIR,"BRYAN, TX 77802",32003489252,00001,06/14/2001,12/31/2002
APEX PREDATOR FIGHTWEAR,INACTIVE,2507A PECAN RIDGE DR,"BRYAN, TX 77802",32040190392,00001,09/01/2009,12/31/2010
APEXDIA,INACTIVE,4603 PARK RDG,"BRYAN, TX 77802",32016397724,00001,01/01/2005,10/31/2012
"APEXONE BUCCANEER, LLC",INACTIVE,1508 HOLLOWHILL DR,"BRYAN, TX 77802",32052283549,00001,11/01/2016,11/01/2016
APPELT PHOTO GRAPHICS,INACTIVE,2402 BROADMOOR D-1 #101,"BRYAN, TX 77802",17423911951,00002,07/01/1989,06/30/1990
APPLETREE MARKET #1193,INACTIVE,1760 BRIARCREST DR,"BRYAN, TX 77802",19430210609,00029,10/21/1988,12/31/2009
APPLIANCE DISTRIBUTORS INC,INACTIVE,2007 S TEXAS AVE,"BRYAN, TX 77802",17427558543,00004,02/01/1996,07/31/1999
APPLIED COMPUTING SERVICE INC,INACTIVE,1805 BRIAR OAKS DR STE C,"BRYAN, TX 77802",17423303183,00006,04/01/1996,09/30/1997
APPLIED COMPUTING SERVICES INC,INACTIVE,3608 E 29TH ST STE 212,"BRYAN, TX 77802",17423303183,00007,10/01/1997,03/31/2003
APPLIED COMPUTING SERVICES INC,INACTIVE,4405 WARWICK LN,"BRYAN, TX 77802",17423303183,00005,04/25/1991,03/31/1996
APPLIED COMPUTING SERVICES INC,INACTIVE,1733 BRIARCREST DR SUITE 200A,"BRYAN, TX 77802",17423303183,00004,01/01/1989,04/24/1991
APPLIED COMPUTING SERVICES INC,INACTIVE,1805 BRIAR OAKS STE B,"BRYAN, TX 77802",17423303183,00003,08/01/1987,12/31/1988
APRIL GRAHAM HAIR STYLIST,INACTIVE,4008 STILLMEADOW DR,"BRYAN, TX 77802",32024976568,00001,08/30/1999,12/31/2000
AQUA APPLICATIONS,INACTIVE,2908 RIVER OAKS CIRCLE,"BRYAN, TX 77802",32023111001,00001,06/24/1993,04/14/1995
AQUA GREEN,INACTIVE,2227 W BRIARGATE DR,"BRYAN, TX 77802",32007726014,00002,07/07/2005,12/31/2007
AQUA GREEN,INACTIVE,2112 KAZMEIER PLZ,"BRYAN, TX 77802",32007726014,00001,08/01/2000,07/07/2005
AQUA-BREEZE MARKETING,INACTIVE,4008 WOODBRIAR,"BRYAN, TX 77802",32024615190,00001,10/16/1990,12/31/1993
AQUARIA SYSTEMS,INACTIVE,815 VINE ST,"BRYAN, TX 77802",32011024489,00001,04/01/1994,12/31/1994
AQUATIC CONCEPTS,INACTIVE,1525 E 29TH ST #1307,"BRYAN, TX 77802",32023714762,00004,05/22/1991,03/31/1993
AR PHOTOGRAPHY,INACTIVE,3711 E 29TH ST,"BRYAN, TX 77802",32010468299,00002,08/01/1977,09/30/1987
"AR PHOTOGRAPHY BCS, LLC",ACTIVE,3813 COURTNEY CIR,"BRYAN, TX 77802",32068104655,00001,10/01/2018,
ARAMARK CLINICAL TECHNOLOGY SERVICES #6346,INACTIVE,3131 BRIARCREST DR STE 100,"BRYAN, TX 77802",13306944086,00016,03/01/2012,02/28/2018
ARAMARK CLINICAL TECHNOLOGY SERVICES INC #7600,INACTIVE,2801 FRANCISCAN DR,"BRYAN, TX 77802",13306944086,00001,10/01/2002,02/28/2018
ARAMARK FACILITY SERVICES INC 6877,INACTIVE,STJOSEPH HOSP HLTH CTR 2801 FRANCISCAN D,"BRYAN, TX 77802",15208821767,00028,09/01/1994,03/31/2011
ARBY'S,INACTIVE,3501 E 29TH ST,"BRYAN, TX 77802",17422434450,00003,08/17/1993,05/31/1996
ARCC ENTERPRISES,INACTIVE,915 WESTVIEW ST,"BRYAN, TX 77802",32006713666,00001,09/26/2000,12/31/2001
ARCH WIRELESS HOLDINGS INC,INACTIVE,1601 S TEXAS AVE,"BRYAN, TX 77802",12233174205,00023,07/01/2000,06/29/2002
ARCHER IN THE STARS CRYSTAL CO.,INACTIVE,1591 WIMBERLY PL,"BRYAN, TX 77802",32078781328,00001,04/21/2021,03/15/2022
ARCHIE'S 39¢ HAMBURGER PLACE #107,INACTIVE,310 N TEXAS,"BRYAN, TX 77802",17422979116,00006,11/12/1984,09/30/1986
ARCHIMEDES ARSENAL LLC,ACTIVE,3609 BROCKHAMPTON DR,"BRYAN, TX 77802",32061901453,00001,01/01/2017,
ARDAN CATALOG SHOWROOMS,INACTIVE,1673 BRIARCREST DRIVE,"BRYAN, TX 77802",14210227766,00010,10/04/1979,10/04/1979
ARDAN INC,INACTIVE,1673 BRIARCREST DRIVE,"BRYAN, TX 77802",14208100355,00010,09/01/1980,10/31/1986
ARDEN JEWELERS & DISTRIBUTORS INC,INACTIVE,1673 BRIARCREST DRIVE,"BRYAN, TX 77802",14210227766,00009,10/11/1979,08/30/1980
AREA WIDE PEST CONTROL INC,INACTIVE,4735 TIFFANY PARK CIR,"BRYAN, TX 77802",14708710356,00001,10/01/2002,07/01/2020
AREA-WIDE PEST CONTROL,INACTIVE,4735 FIFFANY PARK CIR,"BRYAN, TX 77802",32028974205,00002,10/15/1993,09/30/2002
ARIDANI,ACTIVE,801 DELLWOOD ST,"BRYAN, TX 77802",32085744095,00001,12/01/2022,
ARISTOKUTS,INACTIVE,4235 BOONVILLE RD,"BRYAN, TX 77802",32006959640,00002,01/24/2001,12/31/2006
ARL PUBLISHING/MCWILLIAM COMMUNICATIONS CO,INACTIVE,1606 E BY PASS STE B,"BRYAN, TX 77802",32009691935,00003,10/01/1987,12/31/1988
"ARMCALL BRYAN, LLC",ACTIVE,2111 W BRIARGATE DR,"BRYAN, TX 77802",32049672861,00001,01/01/2013,
ARMSTRONG CONSULTING,INACTIVE,720 EDGEWOOD DR,"BRYAN, TX 77802",32027893802,00001,12/18/1995,12/25/2000
ARMSTRONG MCCALL BEAUTY SUPPLY,INACTIVE,2111 W BRIARGATE DR,"BRYAN, TX 77802",30001409207,00003,05/01/2011,12/31/2012
ARMSTRONG-MCCALL OF BRYAN,INACTIVE,3813 E 29TH,"BRYAN, TX 77802",30001409207,00001,01/10/1972,03/31/1991
ARNEE'S ANGELS OF LOVE,INACTIVE,4724 WILLIAMSBURG DR,"BRYAN, TX 77802",32008773288,00001,01/17/1995,12/31/1996
ARNOLD J SALINAS,INACTIVE,2835 OAKSIDE DRIVE BOX 8,"BRYAN, TX 77802",32027805665,00001,11/01/1990,07/01/1992
ARROWHEAD GUN CLUB,INACTIVE,1604 E 25TH ST,"BRYAN, TX 77802",32031893491,00001,10/01/1990,12/31/1995
ART OF INVENTIONS,INACTIVE,2512 TWISTED OAKS DR,"BRYAN, TX 77802",32031270740,00001,09/03/2014,12/25/2016
ART OF NOAH WILBER,ACTIVE,4475 CARTER CREEK PKWY UNIT 821,"BRYAN, TX 77802",32098285557,00001,01/14/2025,
ART WORKS,INACTIVE,712 E VILLA MARIA,"BRYAN, TX 77802",32004766310,00003,09/01/1994,03/31/1995
ART'S FOR EVERYONE INCORPORATED,INACTIVE,1307 MEMORIAL DR STE 606,"BRYAN, TX 77802",17427755412,00001,03/07/1996,12/31/1997
ARTHUR HOBBS,INACTIVE,3800 TANGLEWOOD DR,"BRYAN, TX 77802",32006163953,00003,01/01/1991,12/31/2003
ARTHUR M HOBBS,INACTIVE,3800 TANGLEWOOD,"BRYAN, TX 77802",32006163953,00002,01/01/1973,12/31/1987
ARTHUR M HOBBS,INACTIVE,1316 A BARAK LANE,"BRYAN, TX 77802",32006163953,00001,01/01/1972,12/31/1972
ARTIST IN ACTION,INACTIVE,4004B OAK BEND DR,"BRYAN, TX 77802",32025570147,00005,03/09/2012,12/25/2019
ARTISTRY BY LIZ,INACTIVE,3833 S TEXAS AVE STE 108,"BRYAN, TX 77802",32079983055,00001,07/01/2021,12/31/2023
ARTS & ANTIQUES,INACTIVE,2317 BRISTOL,"BRYAN, TX 77802",32005989192,00001,02/01/1989,10/31/1990
ARTTISMES STUDIOS,INACTIVE,3902 E 29TH ST APT R16,"BRYAN, TX 77802",32088606986,00001,01/01/2023,
ARUHA MART LLC,INACTIVE,3708 E 29TH ST UNIT 303,"BRYAN, TX 77802",32087076348,00001,12/01/2022,
ASHES TO BEAUTY,INACTIVE,2900 WILDFLOWER DR,"BRYAN, TX 77802",32059805880,00001,04/01/2016,06/30/2016
ASHESTOBEAUTYY,INACTIVE,3100 WILDFLOWER DR STE 304,"BRYAN, TX 77802",32076880031,00001,12/10/2020,12/31/2023
ASHFORDS BRAZOS VALLEY ANSWERING SERVICE,INACTIVE,1404 E 27TH ST,"BRYAN, TX 77802",32005269223,00005,10/01/1991,12/31/1992
ASHIKA ENTERPRISES LLC,INACTIVE,2807 RUSTLING OAKS DR,"BRYAN, TX 77802",17428845907,00001,08/01/1998,12/31/2005
ASHLEY SOFTWARE INC,INACTIVE,3400 TEXAS AVE STE 3,"BRYAN, TX 77802",17424850661,00001,01/13/1988,04/01/1991
ASHTIN SERVICES,INACTIVE,2501 RUSTLING OAKS DR,"BRYAN, TX 77802",32027393126,00001,07/22/1996,08/30/1999
ASHTON'S,INACTIVE,4475 CARTER CREEK PKWY APT 413,"BRYAN, TX 77802",32020151869,00001,07/07/2006,12/31/2006
ASK COGEN #3,INACTIVE,1401 MEMORIAL,"BRYAN, TX 77802",17418773994,00006,10/01/1988,12/31/1990
ASK COGEN #4,INACTIVE,825 VILLA MARIA,"BRYAN, TX 77802",17418773994,00008,04/01/1989,12/31/1990
ASLEEP @ THE GRILL,INACTIVE,735 EAGLE PASS ST APT 9,"BRYAN, TX 77802",32044877739,00001,10/01/2011,12/25/2013
ASLEEP @ THE GRILL,INACTIVE,735 EAGLE PASS ST APT 9,"BRYAN, TX 77802",32044877739,00001,06/01/2014,06/30/2015
ASSOCIATED CONSULTANTS,INACTIVE,4104 BROMPTON LANE,"BRYAN, TX 77802",32027392557,00001,05/19/1994,03/31/1995
ASSOCIATED CONSULTANTS,INACTIVE,4104 BROMPTON LN,"BRYAN, TX 77802",32007176517,00001,09/08/1994,06/15/1996
ASSOCIATED INDUSTRIES SALES,INACTIVE,3807 OAK RIDGE DR,"BRYAN, TX 77802",32023427886,00001,04/01/1977,12/31/1995
ASSOCIATED OFFICES,INACTIVE,2114 D BOONEVILLE RD,"BRYAN, TX 77802",32029504720,00003,05/01/1985,07/01/1986
ASSOCIATED POWER ANALYSTS INC,INACTIVE,1722 BROADMOOR SUITE 122,"BRYAN, TX 77802",17417458423,00001,04/01/1988,06/30/1989
ASSOCIATION OF NATIVE TEXANS INC,INACTIVE,4342 CARTER CREEK #101,"BRYAN, TX 77802",30006753427,00001,10/01/1982,12/31/1982
"AT OF AGGIELAND, LLC",ACTIVE,3153 WILDFLOWER DR,"BRYAN, TX 77802",32084324451,00001,05/01/2023,
AT YOUR SERVICE,INACTIVE,1404 E 27TH,"BRYAN, TX 77802",32005269223,00004,05/31/1988,12/31/1988
AT&T MOBILITY # K833,INACTIVE,1801 BRIARCREST DR,"BRYAN, TX 77802",32033177646,00027,07/01/2007,12/31/2009
AT&T MOBILITY # K833,ACTIVE,1801 BRIARCREST DR,"BRYAN, TX 77802",12233300800,00035,01/01/2010,
AT&T MOBILITY #K833,INACTIVE,1801 BRIARCREST DR,"BRYAN, TX 77802",15824232472,00030,08/01/2006,06/30/2007
AT&T WIRELESS SERVICES,INACTIVE,1801 BRIARCREST DR,"BRYAN, TX 77802",19118796127,00004,01/01/1998,03/31/1999
ATC TEXAS,INACTIVE,3100 BROADMOOR DR,"BRYAN, TX 77802",32025478853,00002,01/08/1992,12/31/1997
ATKINSON TOYOTA,INACTIVE,728 N EARL RUDDER FWY,"BRYAN, TX 77802",17429024395,00001,03/01/1999,12/31/2012
"ATL WINGS, BURGERS & SEAFOOD LLC",INACTIVE,4301 BOONVILLE RD,"BRYAN, TX 77802",32066943674,00001,09/21/2018,05/29/2019
ATLAS BELLE STUDIO,INACTIVE,2510 WHISPERING OAKS CIR,"BRYAN, TX 77802",32080574265,00001,09/01/2021,09/01/2021
ATLAS CONSOLIDATED CONSTRUCTION INC,INACTIVE,903 JANE LN,"BRYAN, TX 77802",17426799114,00002,10/01/1995,12/31/1995
ATTITUDES DANCEWEAR,INACTIVE,1865B BRIARCREST DR,"BRYAN, TX 77802",32043740219,00001,06/06/2011,03/31/2014
AUCTIONMART.COM,INACTIVE,1716 BRIARCREST DR STE 800,"BRYAN, TX 77802",17429308327,00002,10/01/2006,06/30/2011
AUCTIONMART.COM,INACTIVE,3608 E 29TH ST STE 109,"BRYAN, TX 77802",17429308327,00001,10/01/2000,09/30/2006
AUDIO INTEGRATION SERVICES,INACTIVE,1313 BARAK LN,"BRYAN, TX 77802",32050097115,00001,02/05/2013,12/31/2017
AUNT B'S,INACTIVE,711 INWOOD DR,"BRYAN, TX 77802",32031017976,00001,01/01/1991,12/25/2000
AUNT DOTTIE'S PLACE,INACTIVE,704 N ROSEMARY DR,"BRYAN, TX 77802",32010091083,00004,05/01/2002,12/25/2002
AUNT DOTTIE'S QUICHE,INACTIVE,4301 S TEXAS AVE,"BRYAN, TX 77802",32010091083,00003,04/01/2000,04/30/2002
AURORA EXPRESS,ACTIVE,891 N EARL RUDDER FWY,"BRYAN, TX 77802",32073805650,00001,05/15/2020,
AURORA STORE NO. 102,ACTIVE,2305 E VILLA MARIA RD,"BRYAN, TX 77802",32060662924,00001,12/01/2018,
AUTO CAR WASH #104,INACTIVE,29TH ST AT BARAK,"BRYAN, TX 77802",17422221832,00003,03/01/1982,02/01/1995
AUTO FINANCE,INACTIVE,1412 S TEXAS AVE,"BRYAN, TX 77802",32008567268,00001,06/01/2000,04/30/2006
AUTO FINANCE,INACTIVE,1412 S TEXAS AVE,"BRYAN, TX 77802",32025438865,00002,04/19/1993,10/20/1998
AUTO TECH,INACTIVE,1101 E 30TH ST,"BRYAN, TX 77802",32005325462,00001,03/10/1986,03/31/1986
AUTO TRENDS,INACTIVE,2608 TROPHY DR,"BRYAN, TX 77802",32010304700,00001,01/31/2003,12/01/2004
AUTO X CHANGE,INACTIVE,725 E VILLA MARIA RD STE 405,"BRYAN, TX 77802",17428981488,00001,07/01/1999,12/31/1999
AUTOMATIC CAR WASH,INACTIVE,3500 E 29TH ST,"BRYAN, TX 77802",32013393411,00002,03/15/1972,02/28/1982
AUTOZONE # 1464,ACTIVE,1640 S TEXAS AVE,"BRYAN, TX 77802",32054808269,00122,09/01/2014,
AUTOZONE #1464,INACTIVE,3516 S TEXAS AVE,"BRYAN, TX 77802",16216110615,00129,08/27/1995,08/31/2014
AVENUE DOUGHNUT CO,INACTIVE,3409 S TEXAS AVE,"BRYAN, TX 77802",32020539337,00007,02/01/2017,06/30/2019
AVENUE NICOLE,ACTIVE,2900 WILDFLOWER DR APT 4216,"BRYAN, TX 77802",32076920860,00002,10/01/2023,
AVENUE NICOLE,INACTIVE,3619B ELLIOTT ST,"BRYAN, TX 77802",32076920860,00001,01/01/2021,09/30/2023
AVERAGE GUY SOLUTIONS,INACTIVE,811 ESTHER BLVD,"BRYAN, TX 77802",32057782677,00001,07/16/2015,12/31/2016
AVERAGE JOE'S SUPPLEMENTS,INACTIVE,3513 MIDWEST DR,"BRYAN, TX 77802",32019098618,00001,02/10/2006,06/30/2006
AVIATECH,INACTIVE,603B CACHE COVE ST,"BRYAN, TX 77802",32009053391,00002,07/01/1995,11/30/2002
AWARD LAWNS,INACTIVE,2504 TOWERING OAKS DR,"BRYAN, TX 77802",32044766791,00001,08/01/2011,03/31/2013
AWARDS & MORE,ACTIVE,710 N ROSEMARY DR,"BRYAN, TX 77802",12627202786,00001,06/01/2008,
AWARDS & MORE,INACTIVE,4413 S TEXAS AVE,"BRYAN, TX 77802",32028387564,00001,04/01/1995,03/31/1999
AWARDS & MORE,INACTIVE,710 N ROSEMARY DR,"BRYAN, TX 77802",32001320186,00001,04/01/1999,05/31/2008
"AWP, INC. - AREA WIDE PROTECTIVE",ACTIVE,2751 NASH ST STE 130,"BRYAN, TX 77802",32058048862,00003,09/01/2017,
"AXIODYNE TECHNOLOGIES, INC.",INACTIVE,2402 QUAIL HOLLOW DR,"BRYAN, TX 77802",32041636674,00001,03/01/2011,03/31/2013
B & C UNIQUE SHADES,INACTIVE,3808 PLAINSMAN LN,"BRYAN, TX 77802",32008465489,00002,01/01/2005,12/25/2007
B & D SEAMLESS PRODUCTS,INACTIVE,2402 BROADMOOR BLDG D-2 STE 115,"BRYAN, TX 77802",17427458843,00001,02/01/1995,03/31/1999
B & F SHOES #3518,INACTIVE,VILLA MARIA & TEXAS AVE,"BRYAN, TX 77802",14305922404,00064,03/01/1978,01/01/1985
B & G XPRESS,ACTIVE,2519 RHAPSODY CT,"BRYAN, TX 77802",32085583493,00001,05/11/2022,
B & J BIMMER WORKS,INACTIVE,3 1/2 MI E ON HWY 21,"BRYAN, TX 77802",32004855154,00001,07/21/1987,12/31/1989
B & L SALES,INACTIVE,2403 QUAIL HOLLOW,"BRYAN, TX 77802",32022375524,00001,10/01/1992,03/31/1994
B & M MOBILE SERVICES LLC,INACTIVE,1716 BRIARCREST DR STE 3003002,"BRYAN, TX 77802",32083255789,00001,01/24/2023,09/30/2023
B & S COMPUTER SERVICE,INACTIVE,1673 BRIARCREST DR STE A108,"BRYAN, TX 77802",30001409207,00002,04/01/1991,04/30/2011
B & S SALVAGE CO,INACTIVE,8092 LONGVIEW,"BRYAN, TX 77802",32025343149,00002,04/01/1993,04/01/1994
B & W SOUND,INACTIVE,1525 E 29TH #409,"BRYAN, TX 77802",32006809068,00002,01/01/1990,08/23/1990
B & W SOUND,INACTIVE,906 DELMA,"BRYAN, TX 77802",32006809068,00001,12/12/1983,12/31/1989
B AND C ARTS AND CRAFTS,INACTIVE,3132 E 29TH STREET APT 69,"BRYAN, TX 77802",32006873635,00001,08/06/1991,09/30/1992
B ANTHONY'S CREATIONS,INACTIVE,2901 RUSTLING OAKS DR,"BRYAN, TX 77802",32006917366,00001,07/30/1993,12/31/2002
B B ENTERPRISES,INACTIVE,3604 MEADOW OAKS LN,"BRYAN, TX 77802",32004706225,00001,04/11/2002,09/30/2002
B C S DIGITAL,INACTIVE,708 EAGLE PASS ST,"BRYAN, TX 77802",32028588005,00001,01/04/2001,12/31/2001
B J PHOTOGRAPHY INC,INACTIVE,2802 WOOD MEADOW,"BRYAN, TX 77802",17602364352,00001,01/01/1989,12/31/1990
B V C L BOOK STORE,INACTIVE,3601 E 29TH ST STE 8,"BRYAN, TX 77802",17428812923,00001,07/01/1998,12/17/1998
B YOUNG CREATIONS,INACTIVE,404 EMMETT ST,"BRYAN, TX 77802",32087253822,00001,11/01/2022,06/30/2023
"B.C.S TOTAL SERVICES, LLC",INACTIVE,2807 S TEXAS AVE STE 201,"BRYAN, TX 77802",32054029387,00001,02/28/2013,02/28/2013
"B.C.S. TOTAL SERVICES, LLC",INACTIVE,2807 S TEXAS AVE STE 201,"BRYAN, TX 77802",32040318399,00001,01/01/2011,02/28/2013
B-COLLEGE STORE,INACTIVE,1720 E 29TH ST,"BRYAN, TX 77802",32039566057,00001,07/01/2009,09/30/2019
B-CS CHAMBER OF COMMERCE,ACTIVE,4001 E 29TH ST STE 175,"BRYAN, TX 77802",17405312053,00004,01/01/1993,
B-CS MEDICAL BILLING SERVICE,INACTIVE,5508 SOMERFORD LN,"BRYAN, TX 77802",32011032755,00001,01/01/2003,11/30/2005
B-CS MEDICAL CENTER INC,INACTIVE,1403 MEMORIAL DRIVE,"BRYAN, TX 77802",17423225329,00001,09/04/1984,01/31/1986
B-CS SHINE-A-BLIND,INACTIVE,5600 CHELSEA CIR,"BRYAN, TX 77802",32006612140,00001,08/06/1991,01/01/2004
B-5 DISTRIBUTING,INACTIVE,1200 GARDEN LANE,"BRYAN, TX 77802",32008567706,00003,11/01/1988,03/30/1989
B/CS BUDGET BLINDS,INACTIVE,3506 MIDWEST DR,"BRYAN, TX 77802",32013771954,00001,01/01/2004,04/17/2004
BABE CAVE AND BEAUTY CO,INACTIVE,3100 WILDFLOWER DR,"BRYAN, TX 77802",32085109877,00001,06/22/2022,
BABE'S BLOOMS LLC,INACTIVE,2612 LOUISA CT,"BRYAN, TX 77802",32087282052,00001,09/01/2023,03/31/2025
BABE'S ON A BUDGET RESALE,INACTIVE,2606 S TEXAS AVE,"BRYAN, TX 77802",32045050591,00002,04/01/2013,10/31/2013
BABES DOUGHNUT,INACTIVE,3409 S TEXAS AVE,"BRYAN, TX 77802",32073527130,00001,06/01/2020,06/30/2023
BABES DOUGHNUT,INACTIVE,3409 S TEXAS AVE,"BRYAN, TX 77802",32070983948,00001,07/01/2019,04/01/2025
BABIES N TODDLERS DRESSES,INACTIVE,3502 OAKSIDE DR,"BRYAN, TX 77802",32040425921,00001,10/01/2009,12/31/2010
BABY ANDY & CO,INACTIVE,412 EMMETT ST,"BRYAN, TX 77802",32078373498,00001,05/01/2021,10/01/2021
"BABY BUMP PRENATAL, LLC",INACTIVE,2609 E 29TH ST,"BRYAN, TX 77802",32078929166,00001,12/12/2021,04/01/2025
BABYLON CAFE,ACTIVE,3700 S TEXAS AVE STE 100,"BRYAN, TX 77802",32072329066,00001,11/01/2019,
BABYLON CAFE,INACTIVE,3700 S TEXAS AVE STE 100,"BRYAN, TX 77802",32057301148,00001,06/01/2015,10/31/2019
BABYLON CAFE,INACTIVE,3700 S TEXAS AVE STE 100,"BRYAN, TX 77802",32055206273,00001,10/01/2014,05/31/2015
BABYLON CAFE,INACTIVE,3700 S TEXAS AVE,"BRYAN, TX 77802",32014193166,00002,06/01/2014,10/01/2014
BACKSTAGE SOUND,INACTIVE,3202 E 29TH ST # A,"BRYAN, TX 77802",32027286825,00004,08/07/1991,05/14/1996
BACKSTAGE SOUND AND LIGHTING INC,INACTIVE,3602A E 29TH ST,"BRYAN, TX 77802",17428084762,00001,09/01/1996,06/30/1999
BAD BABY BOWS,INACTIVE,4610 PARK HAVEN CIR,"BRYAN, TX 77802",32065855119,00002,01/01/2021,12/01/2024
BAHAMA BUCKS,INACTIVE,1124 E VILLA MARIA RD,"BRYAN, TX 77802",16114430651,00001,05/20/2004,11/30/2005
BAILEY JACK PHOTOGRAPHY,ACTIVE,710 INWOOD DR,"BRYAN, TX 77802",32086991471,00001,12/01/2022,
BAKED EARTH,INACTIVE,2920 KENT ST APT 152,"BRYAN, TX 77802",32031472999,00001,08/01/1998,03/30/1999
BAKED OR FRIED,INACTIVE,3203 FREEDOM BLVD STE 100,"BRYAN, TX 77802",32044887373,00003,03/01/2016,06/24/2018
BAKED OR FRIED 2,ACTIVE,4301 BOONVILLE RD,"BRYAN, TX 77802",32072843686,00001,01/02/2020,
"BAKER O & P ENTERPRISES, INC.",ACTIVE,2611 E 29TH ST,"BRYAN, TX 77802",17529252664,00010,10/19/2020,
BALDWIN PIANOS,INACTIVE,4014 STILLMEADOW DR,"BRYAN, TX 77802",32005018851,00004,04/22/1994,06/24/1996
BALLEM HARMONY CLINIC,ACTIVE,4500 CARTER CREEK PKWY STE 101B,"BRYAN, TX 77802",32097605672,00001,03/01/2025,
BALLET BRAZOS,ACTIVE,3000 BRIARCREST DR STE 207,"BRYAN, TX 77802",32056598066,00001,11/20/2020,
BALLOON BONANZA,INACTIVE,1405 BRIARCREST,"BRYAN, TX 77802",32005631984,00001,10/01/1985,09/30/1987
BALLOON'S BY RUTH,INACTIVE,1205 ESTHER BLVD,"BRYAN, TX 77802",32029237321,00001,11/10/2000,12/31/2001
BAMIX & MAGIC MILL,INACTIVE,2311 OXFORD,"BRYAN, TX 77802",32031995411,00001,03/03/1980,12/31/1987
BANGLES N BEADS,INACTIVE,3602A WESTERN ST,"BRYAN, TX 77802",32007544789,00001,11/29/2001,12/31/2001
BANK EQUIPMENT SERVICE TECHS,INACTIVE,402 JUNE STREET,"BRYAN, TX 77802",17426952499,00001,01/01/1994,03/31/1994
BAR B BOUTIQUE,INACTIVE,4405 S TEXAS AVE,"BRYAN, TX 77802",32038183524,00004,08/22/2014,09/30/2018
BARA ME BOUTIQUE,INACTIVE,2914 PRAIRIE FLOWER CIR UNIT A,"BRYAN, TX 77802",32052292680,00001,10/08/2013,12/31/2015
BARBARA A SCAMARDO,INACTIVE,3313 OAK HOLLOW DR,"BRYAN, TX 77802",32024765425,00002,10/15/2011,12/25/2012
BARBARA B BESSIRE,ACTIVE,3804 VALLEY OAKS DR,"BRYAN, TX 77802",32007700761,00002,10/01/2022,
BARBARA BAILEY,INACTIVE,1525 E 29TH ST APT 805,"BRYAN, TX 77802",32016975990,00005,09/01/2024,
BARBARA DONALSON ALTHAUS,INACTIVE,2101 HILLSIDE DR,"BRYAN, TX 77802",32045153338,00001,09/27/2011,12/25/2017
BARBARA HOLLEY,INACTIVE,2900 OAKSIDE,"BRYAN, TX 77802",32018018542,00001,10/11/1985,07/15/1989
BARBARA HOLLEY,INACTIVE,4726 WILLIAMSBURG DR,"BRYAN, TX 77802",32018018542,00002,07/16/1989,06/30/1996
BARBARA PROVAZEK,INACTIVE,3513 CARTER CREEK PKWY,"BRYAN, TX 77802",32014151248,00001,01/17/2004,12/25/2006
BARBELLA STUDIO,INACTIVE,3100 WILDFLOWER DR STE 304,"BRYAN, TX 77802",32075604408,00001,09/15/2020,06/30/2022
BARCO SALES,INACTIVE,1 MI E HWY 21 RHS,"BRYAN, TX 77802",32028924309,00003,04/10/1990,04/15/1991
BARE AND BOLD BY V,INACTIVE,3100 WILDFLOWER DR,"BRYAN, TX 77802",32074496673,00001,09/28/2020,09/30/2024
BARE CREEK CONSTRUCTION,INACTIVE,3327 BROADMOOR DR,"BRYAN, TX 77802",32049509006,00001,11/19/2012,12/31/2012
BARE IT ALL ESTHETICS LLC,INACTIVE,3100 WILDFLOWER DR STE 304,"BRYAN, TX 77802",32075047160,00001,10/01/2020,
BARKER LIVESTOCK PHOTOGRAPHY,INACTIVE,1103 VILLA MARIA,"BRYAN, TX 77802",32009240394,00003,09/01/1985,05/16/1988
BARKER PHOTOGRAPHY,INACTIVE,2301 QUAIL HOLLOW DR,"BRYAN, TX 77802",32009240394,00010,07/01/2015,12/31/2020
BARKER PHOTOGRAPHY,INACTIVE,3711 E 29TH ST,"BRYAN, TX 77802",32009488399,00008,01/01/1988,09/30/1999
BARKER PHOTOGRAPHY,INACTIVE,1103 VILLA MARIA,"BRYAN, TX 77802",32009488399,00006,06/01/1979,04/30/1980
BARKER PRODUCTIONS,ACTIVE,2505 BRIARWOOD CIR,"BRYAN, TX 77802",32009488399,00012,01/01/2013,
BARKER PRODUCTIONS,INACTIVE,3604 E 29TH ST,"BRYAN, TX 77802",32009488399,00010,10/01/1999,01/31/2013
BARKER STREET PET GROOMING,ACTIVE,1806 WILDE OAK CIR,"BRYAN, TX 77802",32069434895,00001,01/01/2019,
BARNES APPRAISAL SERVICE,INACTIVE,106 N BROWN ST,"BRYAN, TX 77802",32026467533,00001,01/04/1993,05/15/1994
BARNES GARAGE,INACTIVE,1105 SKRIVANEK DR,"BRYAN, TX 77802",32007305553,00002,10/01/1993,06/30/1998
BARNETT CLEANING SERVICE,ACTIVE,4225 PENDLETON DR APT 8106,"BRYAN, TX 77802",32074771877,00001,09/01/2020,
BARNETT FAMILY TRUCKING LLC,ACTIVE,4089 CROSS PARK DR UNIT 414,"BRYAN, TX 77802",32087038488,00001,05/24/2023,
BARNHILL'S BUFFET INC,INACTIVE,1701 S TEXAS AVE,"BRYAN, TX 77802",16214980977,00001,03/17/1998,10/24/2007
BARNHILLS COUNTRY BUFFETT,INACTIVE,1701 SOUTH TEXAS AVED,"BRYAN, TX 77802",15934360197,00001,03/01/1998,03/01/1998
BARRY LANDS VIDEO PRODUCTIONS,INACTIVE,3505 CURTIS ST APT A,"BRYAN, TX 77802",32008399860,00004,01/01/2003,12/31/2003
BARRY LANDS VIDEO PRODUCTIONS,INACTIVE,2020 S TEXAS AVE,"BRYAN, TX 77802",32008399860,00003,08/01/2001,12/03/2002
BARRY LANDS VIDEO PRODUCTIONS,INACTIVE,2000 KAZMEIER PLZ APT 1,"BRYAN, TX 77802",32008399860,00001,02/19/1993,12/31/1995
BARRY POOL COMPANY,INACTIVE,3806 S TEXAS AVENUE,"BRYAN, TX 77802",17422819304,00003,05/01/1983,07/02/1986
BARRY'S AND JORAYE'S COLLECTABLES,INACTIVE,2000 KAZMEIER PLAZA APT 1,"BRYAN, TX 77802",30115219310,00001,08/01/1992,12/31/1994
BASI,INACTIVE,2905 PARTRIDGE CIRCLE,"BRYAN, TX 77802",17425051368,00001,08/31/1989,06/30/1990
BASICS FOR BREASTFEEDING/WEE LITTLE ME,INACTIVE,2700 E VILLA MARIA RD,"BRYAN, TX 77802",32041124036,00003,08/01/2013,03/31/2023
BASICS FOR BREASTFEEDING/WEE LITTLE ME,INACTIVE,2600 E VILLA MARIA RD,"BRYAN, TX 77802",32041124036,00002,04/01/2012,07/31/2013
BASKET SENSE,INACTIVE,3605 OAK RIDGE DRIVE,"BRYAN, TX 77802",32021455079,00001,10/01/1985,08/22/1987
BASKETS BY MINKA,INACTIVE,3703 OAK HILL DR,"BRYAN, TX 77802",32016339577,00001,12/10/2004,07/31/2007
BASKETS ON THE BRAZOS,INACTIVE,1200 BRIARCREST DR STE 1000,"BRYAN, TX 77802",18303597886,00001,08/01/2003,04/15/2006
BASKETS ON THE BRAZOS,INACTIVE,1200 BRIARCREST DR STE 1000,"BRYAN, TX 77802",14122037642,00001,04/17/2006,10/31/2006
BASKIN ROBBINS,INACTIVE,3001 WILDFLOWER DR,"BRYAN, TX 77802",32034399611,00001,10/15/2008,12/01/2010
BASKIN ROBBINS,INACTIVE,1918 S TEXAS AVE,"BRYAN, TX 77802",19522739663,00015,01/01/1980,12/31/2001
BASKIN ROBBINS 31 EXPRESS,INACTIVE,603 E VILLA MARIA RD,"BRYAN, TX 77802",17600480358,00003,04/25/1990,12/10/1990
BASKIN'S GROUP LTD,INACTIVE,725 E VILLA MARIA RD STE 4700,"BRYAN, TX 77802",12006945120,00014,08/24/2005,07/31/2009
BASKINS #161,ACTIVE,725 E VILLA MARIA RD STE 4700,"BRYAN, TX 77802",32051048737,00014,05/26/2013,
"BASKINS ACQUISITION HOLDINGS, LLC",INACTIVE,725 E VILLA MARIA RD STE 4700,"BRYAN, TX 77802",32039699478,00009,07/01/2009,08/31/2013
BATSON TIRE AND AUTOMOTIVE CENTER INC,INACTIVE,1411 S TEXAS AVE,"BRYAN, TX 77802",17425964347,00001,04/01/1991,08/05/1999
BATTERY WAREHOUSE,INACTIVE,3300 S TEXAS AVE,"BRYAN, TX 77802",32009289524,00003,02/01/1981,03/03/1987
BATTERY WAREHOUSE,INACTIVE,3300 S TEXAS AVE,"BRYAN, TX 77802",32027183188,00002,01/01/1993,11/30/1998
BATTERY WAREHOUSE AND SERVICE CENTER,INACTIVE,3300 S TEXAS AVE,"BRYAN, TX 77802",32017960611,00002,09/01/2006,08/31/2009
BATTERY WAREHOUSE AND SERVICE CENTER,INACTIVE,3300 S TEXAS AVE,"BRYAN, TX 77802",32001876492,00001,10/18/1999,08/31/2006
BATTLE CULTURE CLOTHING CO.,ACTIVE,3924 SIERRA CT,"BRYAN, TX 77802",32081048046,00001,01/30/2022,
"BAUR SERVICES, INC.",ACTIVE,3708 E 29TH ST,"BRYAN, TX 77802",32063253994,00001,05/01/2017,
BAY AREA REFRIGERATION,INACTIVE,2804 WOOD MEADOW,"BRYAN, TX 77802",32008007893,00010,07/01/1986,03/31/1988
BAZILLION BEAUTIFUL BEADS,INACTIVE,3803-C S TEAS AVE,"BRYAN, TX 77802",32008377783,00005,01/01/1999,09/30/2006
BB LASH SUPPLY,ACTIVE,4001 E 29TH ST,"BRYAN, TX 77802",32101644816,00001,09/10/2025,
BB STUDIOS,INACTIVE,2611B PECAN RIDGE DR,"BRYAN, TX 77802",32019803231,00001,04/01/2006,07/16/2012
BBB HOLDINGS LLC,INACTIVE,3505 GREEN RIDGE CIR,"BRYAN, TX 77802",17428528578,00001,01/02/1998,03/31/2000
BCI FLOORING,INACTIVE,2905 VILLA MARIA,"BRYAN, TX 77802",32008558481,00001,02/11/1997,09/30/2004
BCS ABUNDANT LIFE FAMILY PRACTICE,INACTIVE,2715 OSLER BLVD,"BRYAN, TX 77802",12007400190,00001,05/31/2005,05/31/2005
BCS APARTMENT SERVICES,INACTIVE,3700 OLD OAKS,"BRYAN, TX 77802",30115559442,00001,06/01/1993,01/01/1994
BCS AUTO GLASS,ACTIVE,3602 E 29TH ST,"BRYAN, TX 77802",32069853078,00001,04/01/2020,
BCS AXE HOUSE,INACTIVE,3601 S TEXAS AVE # 3601,"BRYAN, TX 77802",32071474673,00001,10/01/2019,01/31/2025
BCS BARTER EXCHANGE NETWORK,INACTIVE,2800 CHERRY CREEK CIR,"BRYAN, TX 77802",32007989315,00010,09/07/2001,12/31/2003
BCS BOOKS AND COMICS,INACTIVE,701 INWOOD DR,"BRYAN, TX 77802",32010213844,00002,08/01/1989,12/31/2003
BCS BOOKS AND COMICS,ACTIVE,701 INWOOD DR,"BRYAN, TX 77802",32014342326,00001,01/01/2004,
BCS CAPITAL CORP,INACTIVE,3000 BRIARCREST DR STE 206,"BRYAN, TX 77802",17424797490,00001,06/01/2016,06/30/2018
BCS CHRISTMAS LIGHTS,ACTIVE,3519 MIDWEST DR,"BRYAN, TX 77802",32068694663,00001,10/01/2019,
BCS DOOR & HARDWARE,INACTIVE,1207 BROADMOOR DR,"BRYAN, TX 77802",32074595870,00001,06/15/2020,06/15/2020
BCS D1 SPORTS TRAINING,INACTIVE,3121 UNIVERSITY DR E,"BRYAN, TX 77802",32065483508,00001,02/05/2018,12/08/2022
BCS ELECTRIC,INACTIVE,1606 E BYPASS,"BRYAN, TX 77802",17424309726,00001,07/15/1988,01/01/1989
BCS EXCHANGE,INACTIVE,4218 WILLOW OAK ST,"BRYAN, TX 77802",32097230265,00001,01/01/2025,03/31/2025
BCS FITNESS,ACTIVE,4301 S TEXAS AVE,"BRYAN, TX 77802",32057092770,00001,01/01/2015,
BCS FSBO,INACTIVE,3708 E 29TH ST # 132,"BRYAN, TX 77802",32008884259,00001,09/01/2001,03/31/2003
BCS HEALTH AND WELLNESS LLC,INACTIVE,2810 HILLSIDE DR,"BRYAN, TX 77802",32091687353,00001,10/15/2023,09/30/2024
BCS JEWELRY & MORE,ACTIVE,1673 BRIARCREST DR STE 100B,"BRYAN, TX 77802",32092218877,00001,02/26/2023,
BCS LAUNDRY MOM LLC,INACTIVE,4007 OAK BEND DR,"BRYAN, TX 77802",32085443219,00001,08/01/2022,06/05/2024
BCS MIT LLC,ACTIVE,3100 BRIARCREST DR,"BRYAN, TX 77802",32086809012,00001,01/01/2023,
BCS MUSIC,INACTIVE,745 OAK LANE,"BRYAN, TX 77802",32024971106,00003,06/09/1987,06/30/1987
BCS PHARMACY,ACTIVE,2601 OSLER BLVD,"BRYAN, TX 77802",32072170635,00001,02/17/2020,
BCS POOL PROS LLC,ACTIVE,3600 OLD OAKS DR,"BRYAN, TX 77802",32098169314,00001,03/17/2025,
"BCS PRINT, SIGNS & GRAPHICS",ACTIVE,3141 BRIARCREST DR STE 501B,"BRYAN, TX 77802",32023124608,00003,01/01/2024,
BCS SELF DEFENSE PRODUCTS,INACTIVE,210 S GORDON ST,"BRYAN, TX 77802",32043844425,00001,04/15/2011,12/31/2011
BCS STOP & GO POTTIES,ACTIVE,3030 S TEXAS AVE,"BRYAN, TX 77802",17430031181,00001,05/08/2001,
BCS TECHNICAL SERVICES,INACTIVE,2920 KENT ST APT 200,"BRYAN, TX 77802",32015927554,00002,03/01/2013,10/07/2013
"BCS TWISTED OAK LANDSCAPING, LLC",INACTIVE,3003 PAR DR,"BRYAN, TX 77802",32065949110,00001,05/01/2019,02/28/2025
BCS WOODWORKS,INACTIVE,4207 CARTER CREEK PKWY,"BRYAN, TX 77802",32007137212,00001,07/30/1996,12/31/1998
BCS' BOOKS & COMICS,INACTIVE,3801 S TEXAS AVE,"BRYAN, TX 77802",32010213844,00001,05/10/1989,07/31/1989
BCTC OF TEXAS INC,INACTIVE,1801 BRIARCREST DR,"BRYAN, TX 77802",32001422362,00002,04/01/1999,08/31/2001
BCTC OF TEXAS INC,INACTIVE,1801 BRIARCREST DR,"BRYAN, TX 77802",32001422362,00001,04/01/1999,08/31/2001
BCTC OF TEXAS LLC,INACTIVE,1801 BRIARCREST DR,"BRYAN, TX 77802",16407584867,00003,10/01/2001,10/31/2001
BD ENTERPRISES,INACTIVE,1107 FOREST GLEN,"BRYAN, TX 77802",32021297695,00001,03/15/1995,03/16/1995
BE & BE BEAUTY SUPPLY #2,INACTIVE,3511 S TEXAS AVEUE,"BRYAN, TX 77802",17420518064,00003,07/01/1979,03/31/1986
BEACON SYSTEMS INC,INACTIVE,3131 E 29TH ST STE F114,"BRYAN, TX 77802",17428551745,00003,09/01/1999,03/31/2002
BEACON SYSTEMS INC,INACTIVE,4001 E 29TH ST STE 170-G,"BRYAN, TX 77802",17428551745,00002,04/01/1998,08/31/1999
BEAD ATTACK,INACTIVE,1710 S TEXAS AVE STE 101C,"BRYAN, TX 77802",32017582670,00003,05/20/2006,03/04/2007
BEAD-AZZLED,INACTIVE,2527 ARBOR DR,"BRYAN, TX 77802",32014508363,00001,03/01/2004,09/30/2007
BEAD-IT-SHOP,INACTIVE,2906 BROADMOOR DR,"BRYAN, TX 77802",32076795809,00001,12/04/2020,06/30/2021
BEADS BEADS & MORE BEADS,INACTIVE,3503 HILLCREST CIRCLE,"BRYAN, TX 77802",32023028924,00001,04/17/1985,09/30/1986
BEADS FROM THE HEART,INACTIVE,2301 BROADMOOR DR APT 272,"BRYAN, TX 77802",32015812210,00001,09/01/2004,05/27/2005
BEADS OF ... BRYAN,INACTIVE,3737 E 29TH ST,"BRYAN, TX 77802",32007092201,00006,07/14/2006,03/31/2008
BEALLS #22,INACTIVE,MANOR EAST SHPG CENTER,"BRYAN, TX 77802",17506134208,00022,02/01/1975,07/31/1993
BEALLS #22,INACTIVE,MANOR EAST SHOPPING CENTER,"BRYAN, TX 77802",17408219008,00053,08/01/1993,08/29/2020
BEAMING TEES,INACTIVE,1507 HOLLOWHILL DR APT D,"BRYAN, TX 77802",32047119634,00001,03/01/2012,03/31/2012
BEAR GAS SERVICES,INACTIVE,4301 CARTER CREEK PKWY SUITE 203,"BRYAN, TX 77802",17424058059,00001,04/01/1986,06/30/1987
BEARD PUMP SERVICE,INACTIVE,819 S ROSEMARY,"BRYAN, TX 77802",32029504720,00005,01/01/1987,03/31/1987
BEARD PUMP SERVICE,INACTIVE,2114-D BOONVILLE RD,"BRYAN, TX 77802",32029504720,00002,04/01/1985,12/31/1986
BEATY LANDSCAPES,INACTIVE,3535 PLAINSMAN #109,"BRYAN, TX 77802",32024030440,00001,03/01/1985,06/30/1985
BEAUTIFUL HOMES CLEANING SERVICE,INACTIVE,1513 WOODLAND,"BRYAN, TX 77802",32028808122,00004,11/01/1990,01/01/1992
BEAUTIFUL HOMES CLEANING SERVICE,INACTIVE,1513 WOODLAND DR,"BRYAN, TX 77802",32028808122,00007,08/01/1993,12/31/1994
BEAUTIFUL HOMES CLEANING SERVICE,INACTIVE,1513 WOODLAND,"BRYAN, TX 77802",32028808122,00006,01/01/1992,09/30/1992
BEAUTIFUL THINGS BEAUTIFUL YOU,INACTIVE,3619B ELLIOTT ST,"BRYAN, TX 77802",32076920837,00001,04/01/2021,09/30/2023
BEAUTIFUL THINGS BEAUTIFUL YOU,ACTIVE,2900 WILDFLOWER DR APT 4216,"BRYAN, TX 77802",32076920837,00002,10/01/2023,
BEAUTIFULLYGORGEOUS BY ALINA,INACTIVE,3100 WILDFLOWER DR STE 304,"BRYAN, TX 77802",32076795007,00001,12/01/2020,
BEAUTY BY VAL.XX,INACTIVE,3500 S TEXAS AVE,"BRYAN, TX 77802",32093030602,00001,01/05/2024,
BEAUTY LOUNGE,INACTIVE,111 EHLINGER,"BRYAN, TX 77802",32024956438,00002,05/30/1986,01/01/1987
BEBOB'S FOOD SERVICE,INACTIVE,3810 COURTNEY CIR,"BRYAN, TX 77802",32025551964,00003,04/01/2010,06/30/2016
BECKY & LISA'S GIFT SHOP,INACTIVE,725 EAST VILLA MARIA (MANOR EAST MALL),"BRYAN, TX 77802",32007472817,00003,08/13/1997,12/31/1997
BECKY WHITERSPOON,INACTIVE,3801 E CREST DR APT 4102,"BRYAN, TX 77802",32038889716,00002,12/15/2017,12/31/2017
BECKY WITHERSPOON,INACTIVE,3201 WOODCREST DR,"BRYAN, TX 77802",32038889716,00001,03/15/2009,12/25/2013
BECKY'S FAR AWAY IMPORT-EXPORT,INACTIVE,905 DELLWOOD ST,"BRYAN, TX 77802",32007472817,00002,08/20/1993,03/31/1997
BEETLE'S B B Q,INACTIVE,203 EAST VILLA MARIA RD,"BRYAN, TX 77802",32022410248,00002,10/01/1986,11/24/1993
BEETLES PEST CONTROL,INACTIVE,1202 E VILLA MARIA RD,"BRYAN, TX 77802",32008721188,00004,12/01/2001,09/30/2002
BEJEWELED,INACTIVE,1709 LUZA ST,"BRYAN, TX 77802",32075031909,00001,09/01/2020,12/31/2020
BEJEWELED,INACTIVE,1525 E 29TH ST APT 613,"BRYAN, TX 77802",32070769339,00001,04/01/2019,06/30/2019
BEL NOME PHARAMCY,INACTIVE,818 E VILLA MARIA RD,"BRYAN, TX 77802",32075625643,00001,05/01/2021,09/30/2022
BELL FAST FOTO,INACTIVE,3813 EAST 29TH ST,"BRYAN, TX 77802",32026481252,00005,12/01/1987,03/31/1990
BELL SHOE STORE #125,INACTIVE,MANOR EAST SHOPPING CTR,"BRYAN, TX 77802",16202113409,00127,10/01/1972,11/01/1986
BELL'S WELDING & BACKHOE SERVICE,INACTIVE,5 MI E ON HWY 158,"BRYAN, TX 77802",32026481252,00001,03/04/1969,12/31/1981
BELLA'S,INACTIVE,5669 CHELSEA CIR,"BRYAN, TX 77802",32029183129,00002,07/28/2011,09/30/2011
BELTRAND ENTERPRISES,INACTIVE,3602 B EAST 29TH ST,"BRYAN, TX 77802",32031293676,00005,12/16/1985,08/20/1994
BEN BAILEY,INACTIVE,3601 E 29TH ST SUITE 1,"BRYAN, TX 77802",30004384647,00001,08/15/1979,08/30/1987
BEN BAILEY'S WHOLESALE,INACTIVE,3602 E 29TH ST G,"BRYAN, TX 77802",30004384647,00005,10/01/1984,12/31/1986
BEN BOW INC,INACTIVE,1735 BRIARCREST SUITE 212,"BRYAN, TX 77802",30004638737,00001,03/01/1981,06/30/1982
BEN BUTLER ELECTRIC CO INC,INACTIVE,3009 VILLA MARIA,"BRYAN, TX 77802",17425202441,00002,01/01/1994,01/01/1994
BEN T MAHONEY,INACTIVE,1703 CARTER CREEK,"BRYAN, TX 77802",32012177765,00002,01/18/1980,12/31/1981
BENCHMARK LEASING INC,INACTIVE,1735 BRIARCREST STE 101,"BRYAN, TX 77802",17422387526,00001,10/01/1982,10/31/1983
BENDER CUSTOM CERAMICS & GIFTS,ACTIVE,2707 RUSTLING OAKS DR,"BRYAN, TX 77802",32064686010,00001,09/01/2017,
BENEFIELD & COMPANY INC,INACTIVE,4001 E 29TH ST STE 118,"BRYAN, TX 77802",17426060269,00001,07/02/1991,12/31/2008
"BENEVIS, LLC",INACTIVE,3111 S TEXAS AVE,"BRYAN, TX 77802",12700055242,00008,08/01/2010,08/31/2024
BENJAMIN B LOGGINS,INACTIVE,2512 BEXAR GRASS CT,"BRYAN, TX 77802",32032962113,00001,01/15/2000,12/31/2001
BENJAMIN BEAVER,INACTIVE,700 AVONDALE AVE,"BRYAN, TX 77802",32045477992,00001,11/01/2011,12/31/2011
BERNICE'S DRAPERY SHOP,INACTIVE,104 SOUTH BREWER,"BRYAN, TX 77802",32007081691,00001,12/09/1975,12/31/1980
BERRY CHIC BOUTIQUE,INACTIVE,4202 WINCHESTER DR,"BRYAN, TX 77802",32006617826,00004,09/15/2020,12/30/2023
BESS QUILTS,INACTIVE,OFF OLD HOUSTON RD ON SPRING FIELD ON RT,"CONROE, TX 77802",32031471827,00001,01/01/1992,12/25/1998
BEST BUY FURNITURE,INACTIVE,1702 S TEXAS AVE BLDG A,"BRYAN, TX 77802",32022065752,00005,04/01/1995,11/30/1995
BEST BUY FURNITURE,INACTIVE,911 S TEXAS AVE,"BRYAN, TX 77802",32022065752,00004,11/01/1993,04/01/1995
BEST CHOICE ELEVATION LLC,INACTIVE,1817 WILDE OAK CIR APT B,"BRYAN, TX 77802",32086874404,00001,11/18/2022,
BEST CLEANERS,INACTIVE,1517 S TEXAS AVE,"BRYAN, TX 77802",12085198310,00001,04/01/2007,09/01/2008
BEST CLEANERS,INACTIVE,1517 S TEXAS AVE,"BRYAN, TX 77802",32014719879,00002,04/01/2005,03/31/2007
BEST CLEANERS,INACTIVE,1517 S TEXAS AVE,"BRYAN, TX 77802",32007163366,00003,12/09/2003,03/31/2005
BEST FRIENDS,INACTIVE,1205 SKRIVANEK DR,"BRYAN, TX 77802",32007345666,00001,01/01/1997,12/31/2004
BEST H2O TEXAS,ACTIVE,2719 OSLER BLVD,"BRYAN, TX 77802",32056757332,00001,09/15/2023,
BEST INTERIOR SHUTTERS AND BLINDS INC,INACTIVE,4709 WESTMINSTER DR,"BRYAN, TX 77802",17429541430,00003,03/01/2006,04/30/2007
BEST INTERIOR SHUTTERS AND BLINDS INC,INACTIVE,3780 COPPERFIELD DR APT 416,"BRYAN, TX 77802",17429541430,00002,11/01/2003,02/28/2006
BEST INTERIOR SHUTTERS AND BLINDS INC,INACTIVE,4712 HUNINGTON DR,"BRYAN, TX 77802",17429541430,00001,04/01/2000,10/01/2003
BEST NAILS,INACTIVE,802 E VILLA MARIA RD,"BRYAN, TX 77802",32010179763,00001,01/11/1999,12/31/2010
BEST NAILS,INACTIVE,802 E VILLA MARIA RD,"BRYAN, TX 77802",32009467377,00001,04/01/1998,12/31/1998
BEST WESTERN ATREA AT OLD TOWN CENTER,INACTIVE,1920 AUSTINS COLONY PKWY,"BRYAN, TX 77802",12607295925,00001,07/01/2009,02/28/2014
BEST WESTERN PREMIER,ACTIVE,1920 AUSTINS COLONY PKWY,"BRYAN, TX 77802",32102105734,00001,10/15/2025,
BEST WESTERN PREMIER BRYAN COLLEGE STATION,ACTIVE,1920 AUSTINS COLONY PKWY,"BRYAN, TX 77802",32052712299,00001,12/10/2013,
"BETAMED, INC.",INACTIVE,1908 GREENFIELD PLZ,"BRYAN, TX 77802",17606956781,00002,12/15/2006,09/24/2020
BETH DAVIS PHOTOS,INACTIVE,4505 CARTER CREEK PKWY APT 10,"BRYAN, TX 77802",32077206624,00001,01/01/2021,04/01/2023
BETH GOYEN ENTERPRISES,INACTIVE,2705 ARBOR DR,"BRYAN, TX 77802",32007190484,00005,01/01/1999,12/31/2005
BETHEL LUTHERAN WOMEN'S MISSIONARY LEAGUE,ACTIVE,4221 BOONVILLE RD,"BRYAN, TX 77802",32049599353,00003,01/01/2013,
BETHEL LUTHERAN WOMEN'S MISSIONARY LEAGUE,INACTIVE,410 BETHEL LN,"BRYAN, TX 77802",32049599353,00002,01/01/1999,12/31/2012
BETHEL LUTHERAN WOMEN'S MISSIONARY LEAGUE,INACTIVE,410 EAST LN,"BRYAN, TX 77802",32049599353,00001,11/01/1993,12/31/1998
BETS DAVIS ARTIST,ACTIVE,724 S ROSEMARY DR,"BRYAN, TX 77802",32006093572,00006,01/01/2005,
BETSY BIRDWELL,INACTIVE,2907 BROADMOOR DR,"BRYAN, TX 77802",32008963178,00001,10/15/1998,12/25/2010
BETTER IDEA DEVELOPMENT COMPANY,INACTIVE,1722 BROADMOOR SUITE 122,"BRYAN, TX 77802",30114510727,00001,01/01/1992,08/31/1992
BETTER IDEA DEVELOPMENT COMPANY,INACTIVE,1722 BROADMOOR SUITE 122,"BRYAN, TX 77802",17426441535,00001,09/01/1992,08/31/1993
BETTY HALL,INACTIVE,3608 MEADOW OAKS LN,"BRYAN, TX 77802",32025800643,00001,06/15/1998,12/31/1998
BETTY JONES INTERIORS,INACTIVE,703 ELLEN LEE COURT,"BRYAN, TX 77802",17416170094,00005,10/01/1974,02/01/1976
BETTY MILBURN PRODUCTIONS,INACTIVE,3833 TEXAS AVE SUITE 123,"BRYAN, TX 77802",32011725556,00002,11/14/1989,08/07/1992
BEVERLY A DUFF,INACTIVE,3509 CARTER CREEK,"BRYAN, TX 77802",32007637393,00002,01/01/1980,12/31/1981
BEVERLY ALEXANDER,INACTIVE,4738 RENWICK DR,"BRYAN, TX 77802",32027121865,00003,11/01/2007,12/31/2007
BEVERLY'S FINE CUT GLASSWORKS,INACTIVE,2600 MORRIS,"BRYAN, TX 77802",32029369744,00003,01/01/1994,06/30/1995
BEVERLY'S PAINTINGS,INACTIVE,109 N BROWN,"BRYAN, TX 77802",32010253527,00002,06/13/1978,03/31/1988
BEWITCHING CREATIONS,INACTIVE,4105 WARWICK LN,"BRYAN, TX 77802",32012615103,00001,10/24/2003,03/31/2004
BEYOND BLESSED CUSTOM APPAREL & MORE,ACTIVE,3716 RAVENWOOD DR,"BRYAN, TX 77802",32097538147,00001,11/10/2024,
BEYOND WORDS,INACTIVE,2615A PECAN RIDGE DR,"BRYAN, TX 77802",32003014985,00002,07/01/2001,12/31/2001
BEYOND WORDS,INACTIVE,1202 E VILLA MARIA RD,"BRYAN, TX 77802",32003014985,00001,02/01/2001,06/30/2001
BEYOUTIFUL BOUTIQUE,INACTIVE,2902 WOODMEADOW DR,"BRYAN, TX 77802",32075831506,00001,09/15/2020,12/31/2020
BGP ARTHUR MERVISH ENTERPRISES,INACTIVE,2917 BROADMOOR,"BRYAN, TX 77802",32020983162,00002,04/01/1984,12/31/1988
BHS AIR FORCE JUNIOR ROTC BOOSTER CLUB,INACTIVE,3450 CAMPUS DR,"BRYAN, TX 77802",32025589006,00001,02/07/2007,12/31/2009
BICITY PAWN,INACTIVE,3200 S TEXAS AVENUE,"BRYAN, TX 77802",30008801828,00002,01/01/1991,02/28/1994
BIENSKI CONSULTING,INACTIVE,2800 BARWICK CIR,"BRYAN, TX 77802",12634885904,00001,10/01/2008,06/30/2013
BIG BOY BIKES,INACTIVE,3613 OAK RIDGE DR,"BRYAN, TX 77802",32042889470,00001,11/01/2010,12/25/2013
BIG BOY TOY SHOW,INACTIVE,3232 BRIARCREST DR,"BRYAN, TX 77802",17419789296,00003,06/29/2008,06/29/2008
BIG BUDDYS BBQ,INACTIVE,2608 BRITON DR,"BRYAN, TX 77802",32057857487,00001,07/25/2015,06/30/2017
BIG DADDY'S TATTOO STUDIO,INACTIVE,814 E VILLA MARIA RD,"BRYAN, TX 77802",32041238521,00002,04/01/2010,08/31/2013
BIG DAWG BARBECUE LLC,ACTIVE,1720 E 29TH ST,"BRYAN, TX 77802",32072735239,00001,04/01/2022,
BIG HIT DRIVING RANGE,INACTIVE,3715 MOHAWK ST,"BRYAN, TX 77802",32032551684,00001,01/10/2001,04/10/2002
BIG HIT DRIVING RANGE,INACTIVE,3715 MOHAWK ST,"BRYAN, TX 77802",32014311560,00001,01/05/2004,06/30/2004
BIG MIKES CATERING,INACTIVE,907 LAZY LN,"BRYAN, TX 77802",32084176356,00001,04/21/2022,08/26/2022
BIG POPPA T'S,INACTIVE,2629 SYMPHONY PARK DR,"BRYAN, TX 77802",32026828080,00001,03/01/2007,12/31/2009
BIG RACK TRADING COMPANY,INACTIVE,5347 FM ROAD 79,"BRYAN, TX 77802",32028135369,00001,02/01/1997,06/30/1997
BIG SPIRITS AND WINE,INACTIVE,4301 BOONVILLE RD STE 100,"BRYAN, TX 77802",12024194271,00002,02/01/2017,06/30/2024
BIG STATE PAWN,INACTIVE,1820 S TEXAS AVE,"BRYAN, TX 77802",17426913459,00002,02/01/1998,09/30/2000
BIG STATE PAWN OF BRYAN,INACTIVE,3807 SO TEXAS AVE,"BRYAN, TX 77802",17415561236,00059,05/18/1987,04/30/1988
BIG WORMS AUTHENTIC THROWBACK JERSEYS,INACTIVE,1202 E VILLA MARIA RD,"BRYAN, TX 77802",32015839080,00001,10/01/2004,03/21/2005
BIG WORMS AUTHENTIC THROWBACK JERSEYS,INACTIVE,1202 E VILLA MARIA RD,"BRYAN, TX 77802",32016997648,00001,04/01/2005,09/30/2005
BIG'S,INACTIVE,4301 BOONVILLE RD,"BRYAN, TX 77802",12024194271,00001,11/01/2005,06/30/2024
BIG'S SPIRITS & WINE,ACTIVE,4301 BOONVILLE RD STE 100,"BRYAN, TX 77802",32083824881,00001,01/02/2023,
BIG'S 108,INACTIVE,4301 BOONVILLE RD,"BRYAN, TX 77802",17430043889,00035,07/01/2004,10/31/2005
BIJOUTERIE,INACTIVE,2809 BARWICK CIR,"BRYAN, TX 77802",32015598058,00001,09/01/2004,12/31/2004
BILL BAILEY PHARMACY,INACTIVE,2110 E VILLA MARIA RD,"BRYAN, TX 77802",17413367560,00002,04/01/1970,03/31/2001
BILL CLARK - MAC TOOLS,INACTIVE,2101 VINEWOOD,"BRYAN, TX 77802",32009052633,00002,10/01/1982,11/30/1994
BILL INDUSTRIES LLC,ACTIVE,2812 CAMELOT DR,"BRYAN, TX 77802",32092094021,00001,10/26/2023,
BILL MAY & ASSOCIATES,INACTIVE,719 ENFIELD ST,"BRYAN, TX 77802",32027955023,00001,03/02/1994,09/30/1998
BILL ROBERTS,ACTIVE,4133 WOODCREST DR,"BRYAN, TX 77802",32004536689,00002,04/28/2024,
BILL'S COMPUTER PORTRAITS,INACTIVE,741 GARDEN ACRES,"BRYAN, TX 77802",32030486453,00003,12/08/1989,04/01/1993
BILL'S GARDEN CENTER INC,INACTIVE,3410 S TEXAS AVENUE,"BRYAN, TX 77802",17420829339,00001,10/01/1979,05/31/1992
BILLFISH BLADES,INACTIVE,2503 BRIARWOOD CIR,"BRYAN, TX 77802",32037082982,00002,01/19/2015,07/11/2017
BILLFISH BLADES,INACTIVE,2503 BRIARWOOD CIR,"BRYAN, TX 77802",32037082982,00001,06/01/2008,12/25/2010
BILLS TRACTOR REPAIR,INACTIVE,2101 CARTER CREEK PKWY,"BRYAN, TX 77802",32046388214,00001,01/01/2012,06/22/2012
"BILLY ""Q"" HELL YEAH BAR-B-QUE",INACTIVE,2506 WILLOW BEND DR,"BRYAN, TX 77802",32070237873,00001,04/20/2019,04/20/2019
BILLY L PUCKETT JE,INACTIVE,3780 COPPERFIELD DR APT 214,"BRYAN, TX 77802",32005361582,00001,04/30/2002,10/01/2002
BILLY'S MOTORCYCLE SERVICE,INACTIVE,1820 S TEXAS AVE,"BRYAN, TX 77802",32030625704,00001,05/19/1980,12/31/1984
"BIMBO BAKERIES USA, INC.",ACTIVE,907 N EARL RUDDER FWY,"BRYAN, TX 77802",17524912015,00129,06/01/2023,
BINDIBLOOM,INACTIVE,3901 SIOUX CIR,"BRYAN, TX 77802",32058261333,00001,09/26/2015,12/31/2016
BINGO CONCESSIONS,INACTIVE,2015 TEXAS AVE,"BRYAN, TX 77802",32030325479,00004,01/01/1989,02/28/1991
BIOGUARD PEST SOLUTIONS,ACTIVE,5207 DRAYCOTT CT,"BRYAN, TX 77802",32059784697,00001,03/30/2016,
BIRD'S EYE ADJUSTING SERVICE,INACTIVE,4316 WARWICK LN,"BRYAN, TX 77802",32042115496,00001,07/01/2010,12/25/2014
BISHOP'S BRUSH,ACTIVE,2507 MEMORIAL DR,"BRYAN, TX 77802",32011201046,00003,08/02/2024,
BK JANITORIAL SERVICES,INACTIVE,304 MESA DR,"BRYAN, TX 77802",32019122269,00001,03/01/2006,09/30/2009
BK TECHNOLOGIES LLC,INACTIVE,4404 WINCHESTER DR,"BRYAN, TX 77802",32045031054,00002,01/01/2014,10/15/2019
BLACK EAGLE,INACTIVE,2607 C PECAN KNOLL,"BRYAN, TX 77802",32032003348,00001,04/21/1995,12/21/1995
BLACK FOREST BAKERY & CAFE,INACTIVE,3817 E 29TH,"BRYAN, TX 77802",30114857326,00001,10/17/1991,03/15/1992
BLACK FOREST CONFECTION CONNECTION,INACTIVE,3817E 29TH ST,"BRYAN, TX 77802",32005242253,00001,04/01/1992,06/30/1992
BLACK FOREST CONFECTION CONNECTION,INACTIVE,3817 E 29TH ST,"BRYAN, TX 77802",32021973477,00004,06/01/1989,11/01/1991
BLACK VELVET ENTERPRISES,INACTIVE,4400 CARTER CREEK #104,"BRYAN, TX 77802",32031539482,00001,02/22/1995,06/01/1995
BLACKFOREST CONFECTION CONNECTION,INACTIVE,3817 EAST 29TH,"BRYAN, TX 77802",32029811570,00001,10/01/1993,10/07/1994
BLACKFOREST CONFECTION CONNECTION,INACTIVE,3817 E 29TH ST,"BRYAN, TX 77802",32021085504,00001,11/01/1994,03/31/1996
BLAIR LAWNSERVICE,INACTIVE,4106 MEADOWBROOK DR,"BRYAN, TX 77802",32048647534,00001,07/16/2012,03/31/2014
BLAQ DENARI,INACTIVE,1922 BRIAR OAKS DR,"BRYAN, TX 77802",32078491597,00001,04/05/2021,03/31/2023
"BLASINGAME HOLDINGS, LLC",INACTIVE,4050 EASTCHESTER DR APT 807,"BRYAN, TX 77802",32065897376,00002,08/01/2020,06/30/2025
BLASSINGAME BROTHERS PLUMBING CO. LLC,INACTIVE,4050 EASTCHESTER DR APT 321,"BRYAN, TX 77802",32092550436,00001,01/01/2024,06/25/2025
BLESSED BY JIC,INACTIVE,3900 SIOUX CIR,"BRYAN, TX 77802",32055513058,00001,10/26/2014,03/31/2016
BLESSED HANDS ACCESSORIES,INACTIVE,1308 BARAK LN APT C,"BRYAN, TX 77802",32042868896,00005,03/23/2020,03/31/2021
"BLESSED HANDS CHIROPRACTIC, PLLC",ACTIVE,1121 BRIARCREST DR STE 100A,"BRYAN, TX 77802",32067175771,00001,08/20/2018,
BLING BLING BOUTIQUE,INACTIVE,2606 S TEXAS AVE,"BRYAN, TX 77802",32045113530,00002,12/10/2012,12/31/2014
BLING COUNTRY,INACTIVE,1525 E 29TH ST APT 1207,"BRYAN, TX 77802",32043375404,00001,02/01/2011,03/01/2012
BLINN COLLEGE,ACTIVE,2520 E VILLA MARIA RD,"BRYAN, TX 77802",17460004009,00013,10/01/1999,
BLINN COLLEGE BOOKSTORE,INACTIVE,2423 BLINN BLVD,"BRYAN, TX 77802",11325361191,00099,06/01/2003,09/30/2009
BLINN COLLEGE-BRYAN CAMPUS,INACTIVE,TOWNSHIRE CENTER-1905 TEXAS AVENUE,"BRYAN, TX 77802",17460004009,00006,01/01/1991,09/30/1999
BLINN COLLEGE-BRYAN CAMPUS #316,ACTIVE,2423 BLINN BLVD,"BRYAN, TX 77802",12708840850,00028,10/01/2009,
BLISS DESIGNER EVENTS,INACTIVE,4445 CARTER CREEK PKWY APT 822,"BRYAN, TX 77802",32040942685,00001,02/01/2010,06/07/2013
BLISSFUL WISHES,INACTIVE,4415 S TEXAS AVE,"BRYAN, TX 77802",32006214533,00002,10/01/2000,07/30/2005
BLO OUT,INACTIVE,4340 CARTER CREEK PKWY STE 102,"BRYAN, TX 77802",32051901596,00003,11/17/2015,06/30/2022
BLOCKBUSTER #48437,INACTIVE,1121 E VILLA MARIA RD,"BRYAN, TX 77802",14516457299,00080,04/22/2011,09/30/2013
BLOCKBUSTER VIDEO #48437,INACTIVE,1121 E VILLA MARIA RD,"BRYAN, TX 77802",15216551026,00462,01/01/2002,04/30/2011
BLOOM TRUST CO.,INACTIVE,1201 E 30TH ST,"BRYAN, TX 77802",32076315251,00001,11/11/2020,04/30/2024
BLOOMER'S,INACTIVE,2818 CHERRY CREEK CIRCLE,"BRYAN, TX 77802",32007679494,00001,09/01/1992,09/17/1992
BLOOMING SHELLS FLORAL DESIGN,INACTIVE,1128 E VILLA MARIA,"BRYAN, TX 77802",30010591995,00002,09/14/1988,08/20/1990
BLOSSOMING ARTIST,INACTIVE,3601B COMANCHE ST,"BRYAN, TX 77802",32085253782,00001,04/21/2022,10/01/2022
BLOWN,INACTIVE,3708 E 29TH ST # 1034,"BRYAN, TX 77802",32088992378,00001,05/20/2023,
BLUE BAY,INACTIVE,4005 WOODCREST DR,"BRYAN, TX 77802",32010882986,00003,01/01/2005,09/06/2005
BLUE JAY RECORDS,INACTIVE,3507 OLD OAKS DR,"BRYAN, TX 77802",32018640329,00001,07/25/1994,12/31/1994
BLUE LIGHT COMPUTER TECHNOLOGIES,INACTIVE,2301 BROADMOOR DR APT 223,"BRYAN, TX 77802",32041745202,00001,07/25/2011,06/30/2012
BLUE LIGHT COMPUTER TECHNOLOGIES,INACTIVE,2613 E 29TH ST,"BRYAN, TX 77802",32041745202,00002,01/01/2012,05/20/2012
BLUE PROCESSORS LLC,INACTIVE,2303 OXFORD ST,"BRYAN, TX 77802",32074968648,00001,08/01/2020,06/30/2022
BLUE RIBBONS,INACTIVE,3503 MIDWEST,"BRYAN, TX 77802",32022385051,00001,09/01/1990,12/31/1993
BLUEBIRD INTERIORS AND PROPERTIES LLC,INACTIVE,801 DELLWOOD ST STE 100,"BRYAN, TX 77802",32085487539,00001,09/01/2022,06/30/2024
BLUEBONNET BARGINS,INACTIVE,1705 LUZA LN,"BRYAN, TX 77802",32006785995,00003,01/01/1996,01/01/1996
BLUEBONNET CUSTOM CREATIONS,INACTIVE,902 STANFIELD CIR,"BRYAN, TX 77802",32063474996,00001,04/21/2017,09/30/2017
BLUEBONNET ENTERPRISES,INACTIVE,807 LAZY LN,"BRYAN, TX 77802",32006809894,00007,09/02/2005,12/31/2008
BLUEBONNETS BY MARY,INACTIVE,725 EDGEWOOD,"BRYAN, TX 77802",32006139052,00001,03/25/1987,12/31/1990
BLUELINK PHD.COM,INACTIVE,726 E VILLA MARIA RD,"BRYAN, TX 77802",32016365564,00002,03/01/2006,09/30/2006
BLUJEAN'S CREATIONS,INACTIVE,411 LESLIE DR,"BRYAN, TX 77802",32026550064,00001,04/22/1993,06/30/1994
BNF SHOP,INACTIVE,4744 BROMPTON LN,"BRYAN, TX 77802",32058123913,00001,09/01/2015,12/31/2017
BO-DECKER'S TREASURE HUNT RESALE & THRIFT SHOP,INACTIVE,804 E VILLA MARIA RD,"BRYAN, TX 77802",32033175384,00001,07/09/2007,12/31/2009
BO'S RAMEN AND SUSHI,ACTIVE,3001 WILDFLOWER DR STE 501,"BRYAN, TX 77802",32095001122,00001,07/15/2024,
BOA VISION CENTERS #07,INACTIVE,1121 BRIARCREST DR STE 302,"BRYAN, TX 77802",32039019883,00006,03/01/2009,07/08/2011
BOA VISION CENTERS #07,INACTIVE,1121 BRIARCREST DR STE 302,"BRYAN, TX 77802",32037962266,00002,11/24/2008,02/28/2009
BOARDWALK,INACTIVE,4340 CARTER CREEK PKY STE 101,"BRYAN, TX 77802",17424572513,00003,01/01/1989,03/31/2013
BOARDWALK HAIR SALON,INACTIVE,4340 CARTER CREEK PKWY STE 100,"BRYAN, TX 77802",32049673372,00001,01/01/2013,12/31/2015
BOARDWALK MED SPA LLC,INACTIVE,4340 CARTER CREEK PKWY STE 103,"BRYAN, TX 77802",32066015002,00001,01/25/2018,03/31/2020
BOARDWALK SALON & SPA,ACTIVE,4340 CARTER CREEK PKWY STE 100,"BRYAN, TX 77802",32081675343,00001,11/04/2021,
BOARDWALK SALON & SPA-SKINCARE PRODUCTS,INACTIVE,43340 CARTER CREEK,"BRYAN, TX 77802",32025577688,00001,07/30/1999,04/30/2000
"BOARDWALK SALON, LLC",INACTIVE,4340 CARTER CREEK PKWY STE 100,"BRYAN, TX 77802",32051901596,00001,10/12/2015,06/30/2022
BOARDWALK SPA,INACTIVE,4340 CARTER CREEK PKWY STE 105,"BRYAN, TX 77802",17429769684,00001,10/01/2000,12/18/2001
BOARDWALK SPA & NAIL SALON,INACTIVE,4340 CARTER CREEK PKWY STE 104,"BRYAN, TX 77802",17428825990,00001,08/15/2003,05/22/2017
BOARDWALK SPA & NAIL SALON,INACTIVE,4340 CARTER CREEK PKWY STE 105,"BRYAN, TX 77802",32008567458,00002,01/02/2002,08/15/2003
BOB'S SMALL ENGINE,INACTIVE,508 AVONDALE AVE,"BRYAN, TX 77802",32006943750,00001,08/01/2002,09/30/2003
BOBBI GARNER,INACTIVE,1509 BARAK LN,"BRYAN, TX 77802",32006780483,00001,07/15/1993,12/31/1996
BOBCAT13 PHOTOGRAPHY,INACTIVE,5557 SOMERFORD LN,"BRYAN, TX 77802",32033960298,00001,10/20/2007,12/31/2010
BOBCAT13 PHOTOGRAPHY LLC,INACTIVE,5557 SOMERFORD LN,"BRYAN, TX 77802",32043458432,00001,01/21/2011,12/31/2014
BODY & BATH TREATS,INACTIVE,5657 CHELSEA CIR,"BRYAN, TX 77802",32044477936,00001,07/01/2011,12/25/2014
BODY & SOL INTEGRATIVE MEDICINE,ACTIVE,3000 BRIARCREST DR STE 203,"BRYAN, TX 77802",32049284824,00001,08/15/2025,
BODY PIERCING BY TODD,INACTIVE,2605 S TEXAS AVE,"BRYAN, TX 77802",32027097339,00001,04/01/1997,12/31/1998
BOHOECLECTICBYLEZLEA,INACTIVE,3508 PARKWAY TER,"BRYAN, TX 77802",32027117343,00002,10/01/2021,09/01/2023
"BOLFING CONSTRUCTION, LLC",INACTIVE,1114 LAMAR DR,"BRYAN, TX 77802",32043606048,00001,05/10/2012,12/25/2013
BOMAR ANTIQUES,INACTIVE,BRAZOS CENTER,"BRYAN, TX 77802",32031282331,00001,02/04/1989,02/04/1989
BON CUISINE CATERING,INACTIVE,2 1/2 MI E OF FM 158 ON FM 1179,"BRYAN, TX 77802",32026233695,00002,10/01/1983,07/01/1987
BOND'S GROCERY & GRILL,INACTIVE,HWY 30 S/S 8 8/10 MI E OF CH,"BRYAN, TX 77802",30006468067,00001,06/01/1982,11/10/1983
BONE-AFIDE ORIGINALS,INACTIVE,1818 GREENFIELD PLZ,"BRYAN, TX 77802",32029299446,00002,08/19/1999,08/19/1999
BONFIRE PICS,INACTIVE,4103 S TEXAS AVENUE SUITE 106,"BRYAN, TX 77802",32023585402,00002,01/01/1993,12/31/1993
BONNIE BLUE FIREARMS,ACTIVE,1012 EDGEWOOD DR,"BRYAN, TX 77802",32049462446,00001,01/07/2013,
BONNIE'S CRAFTS & ANTIQUES,INACTIVE,2819 CHERRY CREEK CIR,"BRYAN, TX 77802",32032215108,00001,10/16/1997,08/31/1998
BOOKS-BOOKS-BOOKS,INACTIVE,3535 PLAINSMAN LN # 76,"BRYAN, TX 77802",32023102075,00003,04/13/1990,12/31/1994
BOONEVILLE ANIMAL HOSPITAL,INACTIVE,2416 BOONEVILLE RD,"BRYAN, TX 77802",32009752802,00001,07/01/1989,12/31/1993
BOONVILLE FOOD MART,ACTIVE,3200 BOONVILLE RD,"BRYAN, TX 77802",32042902893,00001,12/10/2010,
BOOT BARN,INACTIVE,2 MI E ON HWY 1179 AT STEEPHOLLOW,"BRYAN, TX 77802",17415401094,00002,02/01/1984,09/30/1984
BOOT BARN,INACTIVE,1 7/10 MI OCL ON FM 1179,"BRYAN, TX 77802",32005384923,00001,02/07/1986,12/31/1987
BORLAND ARMS COMPANY,INACTIVE,4709 WARWICK LN,"BRYAN, TX 77802",32010670027,00002,07/23/1996,12/31/2003
BOSS 24HR TIRE & ROADSIDE SERVICE,ACTIVE,2710 TODD ST,"BRYAN, TX 77802",32072898573,00002,09/01/2025,
BOSSIER CHRYSLER DODGE,INACTIVE,4100 HIGHWAY 6 BYP S,"BRYAN, TX 77802",17600352722,00004,09/01/1990,08/31/2004
BOSSIER CHRYSLER DODGE,INACTIVE,1411 S TEXAS AVENUE,"BRYAN, TX 77802",17600352722,00001,05/01/1983,03/01/1991
BOSSIER JEEP EAGLE,INACTIVE,1411 TEXAS AVE,"BRYAN, TX 77802",30010873757,00001,09/01/1990,05/01/1991
BOTANICAL RESEARCH CENTER,INACTIVE,1628 BARAK LN # A,"BRYAN, TX 77802",30116413342,00001,03/20/1995,05/31/1995
BOTTOM LINE BOOKKEEPING,INACTIVE,3609 EAST 29TH STREET SUITE D,"BRYAN, TX 77802",17425340183,00001,07/01/1989,06/30/1991
BOTTOM LINE BOOKKEEPING INC,INACTIVE,1121 BRIARCREST DR STE 200,"BRYAN, TX 77802",17425340183,00004,01/01/2001,12/31/2002
BOTTOM LINE BOOKKEEPING INC,INACTIVE,725 E VILLA MARIA RD STE 302,"BRYAN, TX 77802",17425340183,00003,01/01/1999,12/30/2000
BOTTOM LINE BOOKKEEPING INC,INACTIVE,2511 S TEXAS AVE STE A,"BRYAN, TX 77802",17425340183,00002,07/01/1991,12/31/1998
BOTTOMS UP BLOOMERS & MORE,INACTIVE,810 ESTHER BLVD,"BRYAN, TX 77802",32014644630,00001,06/15/2004,09/30/2005
BOUJJI TRENDS,INACTIVE,4212 PEREGRINE WAY,"BRYAN, TX 77802",32043586687,00002,03/01/2022,03/12/2022
BOUNCE-A-LOT,INACTIVE,2216 W BRIARGATE DR,"BRYAN, TX 77802",32015203113,00002,01/01/2008,11/03/2009
BOUNCE-A-LOT,INACTIVE,2509 WINDSOR CT,"BRYAN, TX 77802",32007442182,00002,07/31/2000,09/30/2004
BOUNCE-A-LOT / SUPER SLIDE RENTALS ETC,INACTIVE,4103 S TEXAS AVE STE 106,"BRYAN, TX 77802",32015203113,00001,06/11/2004,12/31/2007
"BOUTIQUE GINNY, LLC",ACTIVE,2501 WHISPERING OAKS CIR,"BRYAN, TX 77802",32033198964,00001,07/01/2021,
BOUTIQUE SENIOR MOVERS,ACTIVE,728 MEADOW LN,"BRYAN, TX 77802",32085670100,00001,09/15/2022,
BOWEN ELEMENTARY PTO,ACTIVE,4825 COPPERFIELD DR,"BRYAN, TX 77802",30116326338,00001,08/16/1994,
BOWMAN BUSINESS SERVICES,INACTIVE,3609A E 29TH ST,"BRYAN, TX 77802",32008593785,00002,01/01/1994,09/30/1996
BOX CAR BARBEQUE,INACTIVE,INT FM 159 & HWY 6 S,"BRYAN, TX 77802",17422354856,00001,08/02/1982,12/31/1995
BOX OFFICE VIDEO,INACTIVE,4021 E 29TH ST SUIT 104,"BRYAN, TX 77802",30010684998,00001,08/26/1987,06/01/1992
BOX OFFICE VIDEO,INACTIVE,4021 E 29TH ST SUITE 104,"BRYAN, TX 77802",32004912336,00003,05/22/1992,11/01/1994
BOX OFFICE VIDEO,INACTIVE,4021 E 29TH ST STE 104,"BRYAN, TX 77802",17427183326,00001,08/15/1994,09/30/1996
BOX OFFICE VIDEO,INACTIVE,4021 E 29TH ST STE 104,"BRYAN, TX 77802",17605157852,00001,10/01/1996,09/30/1999
BOXDROP B/CS,INACTIVE,2700 WILDFLOWER DR,"BRYAN, TX 77802",32072396644,00001,01/01/2020,01/31/2023
BOXDROP COLLEGE STATION,INACTIVE,2700 WILDFLOWER DR,"BRYAN, TX 77802",32068151243,00003,01/01/2019,11/30/2020
BOXES BY HEART,INACTIVE,1410 E 31ST ST,"BRYAN, TX 77802",32008036157,00001,01/14/1991,07/31/1991
BRADSHAW GIFTS,INACTIVE,2326B LONG DR,"BRYAN, TX 77802",32004065077,00001,12/17/2001,12/31/2004
BRAKE TIME,ACTIVE,3413 S TEXAS AVE,"BRYAN, TX 77802",32082991723,00002,03/28/2024,
BRANDED RECKLESS LLC,INACTIVE,4050 PENDLETON DR APT 1513,"BRYAN, TX 77802",32080873386,00001,11/01/2021,
BRANDON J NADRASH,INACTIVE,2512 PECAN RIDGE DR,"BRYAN, TX 77802",32004825090,00001,12/31/1996,12/31/1996
BRAVO EQUIP & SUPPLY CO,INACTIVE,1007 N EARL RUDDER FWY,"BRYAN, TX 77802",17417883117,00003,01/01/2005,03/31/2021
BRAVO EQUIP & SUPPLY CO,INACTIVE,1400 EAST BY-PASS,"BRYAN, TX 77802",17417883117,00002,07/01/1986,12/31/2004
BRAVO EQUIPMENT & SUPPLY COMPANY,INACTIVE,1700 BARAK LANE,"BRYAN, TX 77802",17417883117,00001,04/01/1974,06/30/1986
BRAXXTON PRINTING & GRAPHICS,INACTIVE,808 E VILLA MARIA RD,"BRYAN, TX 77802",32008815626,00002,04/01/1988,12/22/2006
BRAZOA VALLEY CARDIO RESPIRATORY,INACTIVE,2110 E VILLA MARIA RD,"BRYAN, TX 77802",32007565941,00002,10/01/2002,12/25/2008
BRAZOS ALARM SYSTEMS,INACTIVE,5908 KNIGHTSBRIDGE LN,"BRYAN, TX 77802",32026082241,00001,09/01/1997,12/31/2000
BRAZOS APPLIANCES,INACTIVE,1907 S TEXAS AVENUE,"BRYAN, TX 77802",17423190739,00001,05/01/1984,02/01/1995
BRAZOS BEEF EMPORIUM,INACTIVE,1701 BRIARCREST DR STE 101,"BRYAN, TX 77802",17423685589,00001,09/01/1985,03/31/1986
BRAZOS BERRY GARDEN,INACTIVE,4203 MEADOWBROOK DR,"BRYAN, TX 77802",32030905833,00001,10/13/1993,12/31/1995
BRAZOS BEST CARPET CLEANING LLC,INACTIVE,2104 S TEXAS AVE STE 100,"BRYAN, TX 77802",32034591407,00001,06/01/2008,09/30/2010
BRAZOS BINGO,ACTIVE,1805 BRIARCREST DR,"BRYAN, TX 77802",17424947350,00003,07/01/1991,
BRAZOS BINGO CONCESSION,INACTIVE,2015 TEXAS AVE,"BRYAN, TX 77802",17424859118,00001,08/04/1988,09/30/1988
BRAZOS BLIND AND DRAPERY,INACTIVE,3806 S TEXAS AVE,"BRYAN, TX 77802",17427874825,00002,10/01/2000,05/31/2009
BRAZOS BLIND AND DRAPERY,INACTIVE,3806 S TEXAS AVE,"BRYAN, TX 77802",32028032905,00002,06/01/2009,09/30/2010
BRAZOS BLIND AND DRAPERY,INACTIVE,3812 S TEXAS AVE,"BRYAN, TX 77802",17427874825,00001,07/01/1996,09/30/2000
BRAZOS BLUE RIBBON CARRY OUT CAFE,INACTIVE,FM 158 AT COPPERFIELD,"BRYAN, TX 77802",17425302134,00002,06/01/1996,03/31/1997
BRAZOS BLUE RIBBON CARRY OUT CAFE,INACTIVE,1136 VILLA MARIA,"BRYAN, TX 77802",17425302134,00001,01/01/1989,12/31/1998
BRAZOS BOTANICALS,ACTIVE,1301 BROADMOOR DR,"BRYAN, TX 77802",32073720180,00001,03/13/2020,
BRAZOS BOUQUETS,INACTIVE,745 OAK LANE,"BRYAN, TX 77802",32024971106,00002,06/10/1985,09/30/1985
BRAZOS BROADCASTING CO,INACTIVE,4141 E 29TH ST,"BRYAN, TX 77802",17412795951,00001,03/01/1966,03/31/2000
BRAZOS BUSINESS FORMS,INACTIVE,2906 BRAEBURN,"BRYAN, TX 77802",32024160312,00002,01/03/1984,12/31/1984
BRAZOS CENTER,ACTIVE,3232 BRIARCREST DR,"BRYAN, TX 77802",17460004330,00085,08/01/2007,
BRAZOS CENTER,INACTIVE,3232 BRIARCREST DR,"BRYAN, TX 77802",32046158294,00011,07/01/2012,12/31/2014
BRAZOS CENTRAL APPRAISAL DISTRICT,ACTIVE,1673 BRIARCREST DR STE A101,"BRYAN, TX 77802",17420727384,00002,09/28/1987,
BRAZOS CENTRAL APPRAISAL DISTRICT,INACTIVE,1121 VILLA MARIA ROAD,"BRYAN, TX 77802",17420727384,00001,03/01/1982,09/27/1987
BRAZOS CITY GRILL,INACTIVE,1805 BRIARCREST DR,"BRYAN, TX 77802",30118105193,00001,05/29/1996,08/31/2003
BRAZOS CITY GRILL,INACTIVE,1805 BRIARCREST DR,"BRYAN, TX 77802",32012398916,00001,09/01/2003,02/28/2016
BRAZOS COFFEE SERVICE,INACTIVE,3519 GREENRIDGE CR,"BRYAN, TX 77802",32031426581,00001,09/01/1987,12/31/1987
BRAZOS COMMERCIAL CLEANING,INACTIVE,408 EAST 23RD ST,"BRYAN, TX 77802",32004853720,00001,02/01/1993,03/31/1994
BRAZOS CONTROL COMPANY,INACTIVE,3011 RUSTLING OAKS DR,"BRYAN, TX 77802",32029488346,00001,01/01/1995,06/30/1997
BRAZOS CONTROL COMPANY L L C,INACTIVE,3011 RUSTLING OAKS DR,"BRYAN, TX 77802",17427454487,00001,07/01/1997,04/01/2004
BRAZOS COUNTY ABSTRACT COMPANY,INACTIVE,3800 CROSS PARK DR,"BRYAN, TX 77802",30002464706,00002,04/01/2006,06/30/2016
BRAZOS COUNTY DEMOCRATIC PARTY,INACTIVE,1801 GREENFIELD PLAZA,"BRYAN, TX 77802",17424011801,00001,06/17/1988,12/31/1994
BRAZOS COUNTY MEDICINE CHEST,INACTIVE,2302 DE LEE ST,"BRYAN, TX 77802",32037943555,00001,05/03/2010,04/01/2024
BRAZOS COUNTY PROFESSIONAL OPTICIANS INC,INACTIVE,2901 E 29TH ST STE 105,"BRYAN, TX 77802",17425276361,00001,01/01/1989,12/31/2009
BRAZOS COUNTY RESEARCH SERVICES L C,INACTIVE,1512 S TEXAS AVE STE 1,"BRYAN, TX 77802",17426374017,00002,01/01/1999,12/31/2006
BRAZOS DATA SYSTEMS INC,INACTIVE,3904 HILLTOP,"BRYAN, TX 77802",17421432216,00001,04/01/1981,12/31/1984
BRAZOS DIGITAL,INACTIVE,1525 E 29TH ST APT 1004,"BRYAN, TX 77802",32028205980,00005,12/30/2015,12/25/2017
BRAZOS DISTRIBUTORS,INACTIVE,3809 BRIGHTON DR,"BRYAN, TX 77802",32006809092,00001,09/21/1993,12/25/2003
"BRAZOS FAST FOOD CORPORATION, INC.",ACTIVE,3321 S TEXAS AVE,"BRYAN, TX 77802",32057284575,00001,06/25/2015,
"BRAZOS FUN CENTER, LLC",INACTIVE,1517 S TEXAS AVE,"BRYAN, TX 77802",17429406527,00001,01/01/2009,01/06/2011
BRAZOS FURNITURE CLEARANCE CENTER,INACTIVE,4700 TIFFANY PARK CIR,"BRYAN, TX 77802",32018147002,00002,10/01/2010,12/31/2012
BRAZOS GENEALOGICAL ASSOCIATION,INACTIVE,2303 KENT ST,"BRYAN, TX 77802",30116412849,00001,11/15/1995,12/31/2007
BRAZOS GLASSWORKS,INACTIVE,1903 DEBBIE DR,"BRYAN, TX 77802",14505061326,00002,01/01/2007,10/31/2007
BRAZOS GLASSWORKS,INACTIVE,1865 BRIARCREST DR,"BRYAN, TX 77802",14505061326,00001,07/01/2003,12/31/2006
BRAZOS GRILL,INACTIVE,1805 BRIARCREST DR,"BRYAN, TX 77802",32005516987,00004,08/20/1991,05/15/1996
BRAZOS HARDWARE INC,INACTIVE,3131 BRAIRCREST DR SUITE 500,"BRYAN, TX 77802",30007346288,00002,06/01/1983,02/29/1984
"BRAZOS IMPORTS GROUP, LLC",ACTIVE,3100 BRIARCREST DR,"BRYAN, TX 77802",32072527925,00001,01/01/2020,
BRAZOS INFORMATION HWY SERVICES,INACTIVE,1200 BRIARCREST DR,"BRYAN, TX 77802",32022956935,00002,09/01/1997,10/31/1997
BRAZOS INFORMATION SYSTEMS,ACTIVE,2706 E VILLA MARIA RD # B,"BRYAN, TX 77802",17429442167,00001,09/08/2000,
BRAZOS INSTRUMENTATION,ACTIVE,809 NORTH AVE,"BRYAN, TX 77802",32042480916,00001,08/20/2010,
BRAZOS JANITORIAL,INACTIVE,2520 WILLOW BEND,"BRYAN, TX 77802",32024203880,00001,02/27/1991,12/31/1993
BRAZOS KENNELS,INACTIVE,200 YDS OFF BOONEVILLE RD OFF HICKS LANE,"BRYAN, TX 77802",32023020483,00001,01/12/1989,12/31/1999
BRAZOS MEDICAL SUPPLY CO,INACTIVE,804 OAK ST,"BRYAN, TX 77802",13714579557,00001,03/31/2003,09/30/2004
"BRAZOS MOBILE CONCESSIONS, LLC",INACTIVE,1127 E VILLA MARIA RD,"BRYAN, TX 77802",32056943080,00001,05/01/2015,04/01/2016
BRAZOS MOTOR CO,INACTIVE,2019 S TEXAS AVE,"BRYAN, TX 77802",30116412989,00001,10/09/1995,12/31/1997
BRAZOS NATURAL FOODS INC,INACTIVE,4303 S TEXAS AVE,"BRYAN, TX 77802",17427300474,00002,04/01/1995,09/30/2021
BRAZOS OAKS NURSERY,INACTIVE,1309 BARAK LN,"BRYAN, TX 77802",32022957131,00001,10/01/1989,01/01/1998
BRAZOS OFFICE SUPPLY,INACTIVE,3505 E 29TH ST,"BRYAN, TX 77802",17427280940,00001,11/01/1994,01/31/1998
BRAZOS PROFESSIONAL OPTICIANS,INACTIVE,1737 BRIARCREST DR,"BRYAN, TX 77802",17421887583,00001,06/01/1981,12/31/1988
BRAZOS RESPIROTORY HOME CARE,INACTIVE,4301 CARTER CREEK PKWY STE 101,"BRYAN, TX 77802",11617481285,00001,05/01/2006,12/25/2007
BRAZOS RESTAURANT SUPPLIES INC,ACTIVE,1517 S TEXAS AVE,"BRYAN, TX 77802",32059008279,00002,04/01/2019,
BRAZOS SELF STORAGE LTD,INACTIVE,1079 N EARL RUDDER FWY,"BRYAN, TX 77802",17427510650,00001,01/01/1996,12/31/2006
BRAZOS SERVICES INC,INACTIVE,3 CARGILL DR,"BRYAN, TX 77802",17425417890,00002,06/20/1989,12/31/2000
BRAZOS SPINNERS AND WEAVERS GUILD,INACTIVE,3604 HOLLY DR,"BRYAN, TX 77802",17419035682,00001,09/30/2000,10/01/2020
BRAZOS SPLASH AQUATICS TEAM,INACTIVE,3833 S TEXAS AVE STE 213,"BRYAN, TX 77802",17429581121,00003,08/07/2006,12/31/2006
BRAZOS TIRE & AUTO CENTER,INACTIVE,2707 TEXAS AVE,"BRYAN, TX 77802",17418726752,00007,02/01/1986,03/31/1988
BRAZOS TIRE SERVICE INC,INACTIVE,2707 S TEXAS AVENUE,"BRYAN, TX 77802",17415629538,00001,03/01/1967,02/28/1986
BRAZOS TRADING CO,INACTIVE,3018 S TEXAS AVENUE,"BRYAN, TX 77802",32029079418,00001,11/12/1982,12/31/1983
BRAZOS TRADING CO INC,INACTIVE,751 MEADOW LANE,"BRYAN, TX 77802",30007977728,00001,08/20/1984,12/31/1984
BRAZOS TRAIL PROVISIONS,INACTIVE,3603 OAK HILL DR,"BRYAN, TX 77802",32004919778,00005,08/21/1990,01/31/1998
BRAZOS VALEY SATELLITE TV,INACTIVE,1923 S TEXAS AVENUE,"BRYAN, TX 77802",32006449410,00004,01/01/1983,06/30/1986
BRAZOS VALLEY AB STUDY GROUP,INACTIVE,2807 S TEXAS AVE,"BRYAN, TX 77802",30004609951,00002,01/01/1987,12/31/1999
BRAZOS VALLEY AIR CONDG - REFRIG,INACTIVE,FM 158 OFF HWY 30,"BRYAN, TX 77802",32008023221,00001,07/07/1972,06/30/1982
BRAZOS VALLEY AIR CONDG-REFRIGERATION,INACTIVE,STEEP HOLLOW RD 1000 FT OFF ELMO WEEDON,"BRYAN, TX 77802",17422402903,00001,07/01/1982,08/24/1993
BRAZOS VALLEY AQUARIUM SUPPLY,INACTIVE,PLAINSMAN,"BRYAN, TX 77802",30001576112,00001,07/01/1972,03/31/1973
BRAZOS VALLEY ASSOCIATES,INACTIVE,3708 WARREN CIRCLE,"BRYAN, TX 77802",32031102463,00003,06/01/1986,12/31/1989
BRAZOS VALLEY BALLOONING ASSOCIATION,INACTIVE,4444 CARTER CREEK PKWY STE 105,"BRYAN, TX 77802",17425961921,00002,01/01/1992,01/31/1999
BRAZOS VALLEY BALLOONING ASSOCIATION,INACTIVE,4444 CARTER CREEK PKWY STE 105,"BRYAN, TX 77802",17425961921,00002,01/01/2000,12/31/2005
BRAZOS VALLEY BEE-BOYS SALES AND RENTALS,INACTIVE,3407 SANDRA,"BRYAN, TX 77802",32014094513,00001,04/01/1992,06/06/1995
BRAZOS VALLEY BODYWORKS & MASSAGE,INACTIVE,4455 CARTER CREEK PKWY,"BRYAN, TX 77802",32011158428,00001,04/09/2003,12/25/2004
"BRAZOS VALLEY BOOKKEEPING, LLC",ACTIVE,2700 APPLE CREEK CIR,"BRYAN, TX 77802",32086471862,00001,10/01/2022,
BRAZOS VALLEY CANDLE COMPANY,INACTIVE,4608 KENSINGTON RD,"BRYAN, TX 77802",32008315908,00005,01/01/2003,12/31/2004
"BRAZOS VALLEY CAR RENTAL, L.L.C.",ACTIVE,205 N EARL RUDDER FWY,"BRYAN, TX 77802",32049556650,00001,04/01/2013,
BRAZOS VALLEY CASINGS,INACTIVE,3719 VALLEY OAKS DR,"BRYAN, TX 77802",32020163450,00001,01/01/2008,12/31/2019
BRAZOS VALLEY CHRISTIAN LIFE,INACTIVE,2612A PECAN RIDGE DR,"BRYAN, TX 77802",32018559685,00004,12/01/2005,03/30/2006
BRAZOS VALLEY CLEANING SERVICE,ACTIVE,4408 KINGSDALE DR,"BRYAN, TX 77802",32041421465,00001,07/01/2009,
BRAZOS VALLEY COMPUTER SERVICE,INACTIVE,219 E JOEL BRYAN BLVD N PKWY,"BRYAN, TX 77802",32029077370,00001,04/01/1985,04/01/1993
BRAZOS VALLEY COMPUTERS,INACTIVE,4415 S TEXAS AVE,"BRYAN, TX 77802",32011258467,00004,01/01/1998,05/01/2002
BRAZOS VALLEY COMPUTERS,INACTIVE,2609 S TEXAS AVE,"BRYAN, TX 77802",32011258467,00003,10/01/1994,12/31/1997
BRAZOS VALLEY COMPUTING & INVENTORY SERVICE,INACTIVE,746 MEADOW LANE,"BRYAN, TX 77802",32031074423,00001,01/12/1993,01/01/1994
BRAZOS VALLEY CONSTRUCTION INCORPORATED,INACTIVE,4500 CARTER CREEK PKWY STE 101,"BRYAN, TX 77802",17420817060,00001,01/01/1980,12/25/1985
BRAZOS VALLEY CONTRACTORS ASSOCIATION INC,INACTIVE,4346 CARTER CREEK PKWY,"BRYAN, TX 77802",17423265762,00003,01/01/2008,03/30/2020
"BRAZOS VALLEY CONTRACTORS ASSOCIATION, INC.",ACTIVE,1722 BROADMOOR DR STE 100,"BRYAN, TX 77802",17423265762,00004,04/01/2020,
BRAZOS VALLEY COUNCIL OF GOVERNMENTS,INACTIVE,3991 E 29TH ST,"BRYAN, TX 77802",32077127689,00001,11/01/2018,11/01/2018
BRAZOS VALLEY DUCKS UNLIMITED,INACTIVE,3232 BRIARCREST DR,"BRYAN, TX 77802",30116323541,00002,10/27/1998,10/27/1998
BRAZOS VALLEY DUCKS UNLIMITED,INACTIVE,3232 BRIARCREST DR,"BRYAN, TX 77802",30116323541,00002,02/08/2007,02/08/2007
BRAZOS VALLEY DUCKS UNLIMITED-BRAZOS CENTER,INACTIVE,3232 BRIARCREST DR,"BRYAN, TX 77802",30116323541,00004,02/16/2006,02/16/2006
"BRAZOS VALLEY EVENT RENTALS, LLC",INACTIVE,2003 VINEWOOD DR,"BRYAN, TX 77802",32044360363,00001,06/12/2011,12/31/2013
BRAZOS VALLEY FENCE,INACTIVE,2909 S TEXAS AVE,"BRYAN, TX 77802",17424644684,00003,04/01/1991,04/01/1993
BRAZOS VALLEY FENCE,INACTIVE,3400 S TEXAS AVE,"BRYAN, TX 77802",17424644684,00002,11/01/1990,10/01/1991
BRAZOS VALLEY FESTIVAL 2002 W/FRANKLIN GRAHAM,INACTIVE,1713 BROADMOOR DR STE 200,"BRYAN, TX 77802",17430165146,00001,01/10/2002,07/29/2002
BRAZOS VALLEY GREENSCAPES,INACTIVE,4106 MEADOWBROOK DR,"BRYAN, TX 77802",32052686592,00001,01/01/2014,09/30/2014
"BRAZOS VALLEY GREENSCAPES, LLC",ACTIVE,3620 PARK OAK DR,"BRYAN, TX 77802",32052686592,00002,10/01/2014,
BRAZOS VALLEY HAULING & JUNK REMOVAL LLC,ACTIVE,3605 BRIGHTON DR,"BRYAN, TX 77802",32082531925,00001,03/05/2022,
"BRAZOS VALLEY HOBBY & GAMES, LLC",INACTIVE,2317 WINDSOR DR,"BRYAN, TX 77802",32097232428,00001,01/01/2025,01/31/2025
"BRAZOS VALLEY HOBBY & GAMES, LLC",ACTIVE,3601 S TEXAS AVE,"BRYAN, TX 77802",32097232428,00003,02/01/2025,
"BRAZOS VALLEY HOBBY & GAMES, LLC",INACTIVE,4301 S TEXAS AVE STE A,"BRYAN, TX 77802",32097232428,00002,01/01/2025,01/31/2025
BRAZOS VALLEY KARATE ACADEMY,INACTIVE,3601 E 29TH SUITE 11,"BRYAN, TX 77802",17419502111,00002,01/01/1980,12/31/1982
BRAZOS VALLEY LEMON CHILL,INACTIVE,MANOR EAST MALL PARKING LOT,"BRYAN, TX 77802",32025537849,00001,06/28/1993,12/31/1994
BRAZOS VALLEY LIVE MUSIC,INACTIVE,1821 E 29TH ST,"BRYAN, TX 77802",32016941844,00001,03/01/2005,12/25/2006
BRAZOS VALLEY LOCK AND KEY,INACTIVE,2807 WILDFLOWER DR,"BRYAN, TX 77802",32032450838,00004,01/01/1989,12/31/1995
BRAZOS VALLEY LOCK AND KEY,INACTIVE,2807 WILDFLOWER #42,"BRYAN, TX 77802",32032450838,00002,08/01/1983,12/25/1985
BRAZOS VALLEY LONG TERM CARE,INACTIVE,2302 DE LEE ST,"BRYAN, TX 77802",17425302175,00003,08/01/2005,05/02/2010
BRAZOS VALLEY MARTIAL ARTS,INACTIVE,725 E VILLA MARIA RD STE 301,"BRYAN, TX 77802",32007733192,00002,04/10/2000,12/31/2001
BRAZOS VALLEY MARTIAL ARTS,INACTIVE,4455 CARTER CREEK PKWY,"BRYAN, TX 77802",32017768337,00001,07/11/2005,12/31/2010
BRAZOS VALLEY MASTER NATURALIST,ACTIVE,3232 BRIARCREST DR,"BRYAN, TX 77802",32060807982,00002,03/01/2023,
BRAZOS VALLEY MOUNTAIN BIKE ASSOCIATION,ACTIVE,5557 SOMERFORD LN,"BRYAN, TX 77802",32001973919,00002,08/06/2007,
BRAZOS VALLEY MOWING SERVICE,INACTIVE,6020 WALDHAM GROVE LN,"BRYAN, TX 77802",32029178947,00003,07/01/1999,07/01/2001
BRAZOS VALLEY MUSEUM OF NATURAL HISTORY,ACTIVE,3232 BRIARCREST DR,"BRYAN, TX 77802",17460766169,00003,04/01/1979,
BRAZOS VALLEY OFFICE SOLUTIONS,INACTIVE,2201 WINDSOR DR,"BRYAN, TX 77802",32003613281,00001,08/13/2001,09/30/2002
"BRAZOS VALLEY P.T., P.C.",INACTIVE,1716 BRIARCREST DR STE 101,"BRYAN, TX 77802",11342359228,00001,06/30/2005,06/30/2005
BRAZOS VALLEY PAINTBALL,INACTIVE,911 ENFIELD ST,"BRYAN, TX 77802",32013908978,00001,12/01/2003,12/31/2003
BRAZOS VALLEY PHYSICIAN'S ORGANIZATION,ACTIVE,3131 UNIVERSITY DR E,"BRYAN, TX 77802",17428621456,00001,04/01/1999,
BRAZOS VALLEY PRINTING INC,INACTIVE,3601 E 29TH ST,"BRYAN, TX 77802",17423199367,00002,05/01/1985,05/25/1988
BRAZOS VALLEY PRINTING INC,INACTIVE,4344 CARTER CREEK PARKWAY,"BRYAN, TX 77802",17423199367,00001,08/01/1984,04/30/1985
BRAZOS VALLEY RADIO CONTROL MODELERS,INACTIVE,2021 SOUTH TEXAS,"BRYAN, TX 77802",30008319524,00001,01/01/1992,12/31/1993
BRAZOS VALLEY REHABILITATION,INACTIVE,1318 MEMORIAL DR,"BRYAN, TX 77802",32099749692,00002,09/01/1998,12/31/2002
BRAZOS VALLEY REHABILITATION,INACTIVE,1318 MEMORIAL DR,"BRYAN, TX 77802",17102591371,00004,01/01/2003,03/31/2020
"BRAZOS VALLEY REHABILITATION CENTER, INC",ACTIVE,1318 MEMORIAL DR,"BRYAN, TX 77802",17412985511,00001,10/11/2017,
BRAZOS VALLEY SATELLITE TV,INACTIVE,4 MI E OF FM 158 ON FM 1179,"BRYAN, TX 77802",32006449410,00006,04/01/1987,12/31/1988
BRAZOS VALLEY SEWER DRAIN SERVICE,ACTIVE,401 MADELINE DR,"BRYAN, TX 77802",32009122642,00001,02/01/1988,
BRAZOS VALLEY SMALL ENGINES,INACTIVE,3602 A EAST 29TH ST,"BRYAN, TX 77802",32028818634,00002,10/01/1987,12/31/1989
BRAZOS VALLEY TELEPHONE,INACTIVE,4021 E 29TH ST STE 104,"BRYAN, TX 77802",17425870007,00003,06/01/2000,12/31/2007
BRAZOS VALLEY TREE SERVICE,INACTIVE,6105 KNIGHTSBRIDGE LN,"BRYAN, TX 77802",32004744705,00001,01/01/2007,12/25/2021
BRAZOS VALLEY TREE SERVICE,INACTIVE,6105 KNIGHTSBRIDGE LN,"BRYAN, TX 77802",32004706027,00001,04/01/2002,12/31/2006
BRAZOS VALLEY TV & VCR SERVICE,INACTIVE,2601 S TEXAS AVE,"BRYAN, TX 77802",17427159177,00001,07/28/1994,06/30/1997
BRAZOS VALLEY TV & VCR SERVICE,INACTIVE,2601 S TEXAS AVE,"BRYAN, TX 77802",32023339511,00003,07/01/1997,10/31/1999
BRAZOS VALLEY UROLOGY,INACTIVE,3201 UNIVERSITY DR E STE 370,"BRYAN, TX 77802",32017830962,00001,04/30/2005,04/30/2005
BRAZOS VALLEY WEEKEND,INACTIVE,5801 CANTERBURY DR,"BRYAN, TX 77802",32030487584,00003,01/01/2015,12/01/2015
BRAZOS VALLEY WOMEN'S CENTER P A,INACTIVE,2700 E 29TH ST STE 330,"BRYAN, TX 77802",17422765242,00002,07/01/1999,03/31/2011
BRAZOS VALLEY'S OFFICIAL SOLUTION,INACTIVE,2201 WINDSOR DR,"BRYAN, TX 77802",32030498466,00002,04/05/2017,08/30/2017
BRAZOS VIP SERVICES,INACTIVE,4011 WILLOW OAK ST,"BRYAN, TX 77802",32031388609,00001,07/15/1983,12/31/2002
BRAZOS VLY CHRISTIAN BK & GIFT,INACTIVE,3808 S TEXAS AVE,"BRYAN, TX 77802",17422870240,00001,10/01/1983,09/30/2006
BRAZOS WEB DESIGN,INACTIVE,2105 BRIAR OAKS DR,"BRYAN, TX 77802",32011904870,00002,08/18/2009,12/31/2016
BRAZOS WHOLESALE INC,INACTIVE,907 N EARL RUDDER FWY,"BRYAN, TX 77802",17422297485,00006,03/01/1985,11/30/2013
BRAZOS WRITERS,INACTIVE,ANCO BUILDING,"BRYAN, TX 77802",17425120353,00001,01/01/1992,12/31/1994
BRAZOSLAND PROPERTIES INC,INACTIVE,4103 S TEXAS AVE SUITE 207,"BRYAN, TX 77802",17420628335,00001,08/31/1994,08/31/1994
BRAZOSTURNINGS,INACTIVE,3915 OLD OAKS DR,"BRYAN, TX 77802",32049156089,00001,10/06/2012,12/25/2014
BRB ENTERPRISES,INACTIVE,2906C PRAIRIE FLOWER CIR,"BRYAN, TX 77802",32032525563,00001,05/15/1995,06/30/1996
"BRE GROUP, LTD.",INACTIVE,3131 BRIARCREST DR,"BRYAN, TX 77802",32036445842,00001,06/30/2018,06/30/2018
BRENDA J BROWN,INACTIVE,4515 CARTER CREEK PKWY APT 4,"BRYAN, TX 77802",32037320424,00003,07/01/2009,05/31/2013
BRENT JAMES DESIGNS,INACTIVE,2512 BROADMOOR DR,"BRYAN, TX 77802",32056904686,00001,04/11/2015,06/30/2018
"BREWHOUSE PRODUCTIONS, LLC",INACTIVE,2513 RUSTLING OAKS DR,"BRYAN, TX 77802",32069677907,00004,01/01/2020,
BREWSTUFF,INACTIVE,808 E VILLA MARIA RD,"BRYAN, TX 77802",17428688034,00001,04/16/1998,09/15/2002
BRIAN MAGOUIRK,ACTIVE,4000 MEADOWWOOD DR,"BRYAN, TX 77802",32008484704,00001,07/13/2001,
BRIAN ROGERS TAEKWONDO USA,INACTIVE,726 EAST VILLA MARIA,"BRYAN, TX 77802",32008014220,00002,01/01/1991,06/30/2004
BRIAN ROGERS TAEKWONDO USA,INACTIVE,MANOR EAST MALL,"BRYAN, TX 77802",32008014220,00001,02/01/1987,12/31/1990
BRIAR PATCH,INACTIVE,905 ENFIELD,"BRYAN, TX 77802",32004686237,00001,04/01/1979,12/31/1989
BRIARCREST,ACTIVE,608 N EARL RUDDER FWY,"BRYAN, TX 77802",32042363708,00009,07/10/2014,
BRIARCREST BOTTLE SHOPPE,INACTIVE,3131 BRIARCREST SUITE 526,"BRYAN, TX 77802",17421068655,00002,09/01/1983,06/14/1984
BRIARCREST CASITA,ACTIVE,2002 QUAIL HOLLOW DR,"BRYAN, TX 77802",32098133211,00001,08/01/2024,
BRIARCREST CLEANERS,ACTIVE,4282 BOONVILLE RD STE 110,"BRYAN, TX 77802",17429645488,00003,01/19/2006,
BRIARCREST CLEANERS,INACTIVE,1887 BRIARCREST DR,"BRYAN, TX 77802",32024747761,00002,11/06/1995,09/30/1998
BRIARCREST CLEANERS,INACTIVE,1887 BRIARCREST DR,"BRYAN, TX 77802",32025428692,00001,10/01/1998,07/31/2001
BRIARCREST CLEANERS,ACTIVE,1887 BRIARCREST DR,"BRYAN, TX 77802",17429645488,00001,08/01/2001,
BRIARCREST COUNTRY CLUB,INACTIVE,1929 BRIARCREST DR,"BRYAN, TX 77802",17412898649,00002,08/01/1983,06/30/2010
BRIARCREST DIALYSIS #03248,INACTIVE,1640 BRIARCREST DR STE 100,"BRYAN, TX 77802",16213230903,00035,08/01/2021,
BRIARCREST EXPRESS,INACTIVE,3200 BOONVILLE RD,"BRYAN, TX 77802",10436840184,00001,01/01/2004,06/14/2004
BRIARCREST FOOD MART,INACTIVE,3200 BOONVILLE RD,"BRYAN, TX 77802",32006274701,00001,06/05/2002,12/25/2004
"BRIARCREST GOLF MANAGEMENT, LLC",INACTIVE,1929 COUNTRY CLUB DR,"BRYAN, TX 77802",12726918399,00001,06/01/2010,02/01/2014
BRIARCREST LAUNDRY,ACTIVE,3141 BRIARCREST DR STE 524,"BRYAN, TX 77802",17215949151,00002,01/15/2015,
BRIARCREST PRO SHOP,INACTIVE,E 29TH BRAIRCREST C C,"BRYAN, TX 77802",32025371363,00001,06/16/1974,12/31/1997
BRIARCREST PRO SHOP,INACTIVE,1929 BRIARCREST,"BRYAN, TX 77802",32008546049,00001,12/15/1986,12/31/1986
BRIARCREST SHELL,INACTIVE,3151 BRIARCREST DR,"BRYAN, TX 77802",17428868255,00001,08/01/1998,09/30/2017
BRIARCREST SHELL,INACTIVE,3151 BRIARCREST DR,"BRYAN, TX 77802",32059151905,00001,02/01/2016,01/31/2024
BRIARCREST SHELL FOOD MART,INACTIVE,3151 BRIARCREST DR,"BRYAN, TX 77802",17604236152,00001,03/01/1994,08/15/1998
BRIARCREST TENNIS SHOP,INACTIVE,1929 COUNTRY CLUB DR,"BRYAN, TX 77802",32015222956,00002,06/12/2010,12/31/2010
BRIARCREST TENNIS SHOP,INACTIVE,BRIARCREST COUNTRY CLUB,"BRYAN, TX 77802",32024371943,00001,10/22/1996,08/26/1997
BRIARCREST TENNIS SHOP,INACTIVE,1729 BRIARCREST DR,"BRYAN, TX 77802",32023517272,00002,07/01/1987,08/30/1996
BRIARCREST TENNIS SHOP,INACTIVE,BRIARCREST COUNTRY CLUB,"BRYAN, TX 77802",32023517272,00001,10/01/1978,09/30/1986
BRIARCREST TIGER MART,INACTIVE,3200 FM 158,"BRYAN, TX 77802",32005890697,00023,11/01/2002,06/30/2003
BRIARCREST TIGER MART,INACTIVE,3200 FM 158,"BRYAN, TX 77802",32005890697,00009,02/16/1999,04/30/2002
BRIARCREST VETERINARY CLINIC,ACTIVE,3001 BRIARCREST DR,"BRYAN, TX 77802",32009390488,00001,06/03/1996,
BRIARCREST VETERINARY CLINIC,INACTIVE,3001 BRIARCREST DR,"BRYAN, TX 77802",32030660115,00003,03/01/1986,06/30/1996
BRIARCREST WASHATERIA,INACTIVE,3141 BRIARCREST DR STE 524,"BRYAN, TX 77802",32031786745,00001,05/11/1998,01/14/2000
BRIARCREST WASHATERIA,INACTIVE,3141 BRIARCREST DR,"BRYAN, TX 77802",32024122312,00002,01/15/2000,09/30/2000
BRIARCREST WASHATERIA,INACTIVE,3141 BRIARCREST DR STE 524,"BRYAN, TX 77802",32002881129,00001,10/01/2000,11/14/2005
BRIARCREST'S TIGER MART,INACTIVE,3202 FM 158,"BRYAN, TX 77802",17606604191,00017,04/01/2002,07/31/2002
BRIARCREST'S TIGER MART,INACTIVE,3202 FM 158,"BRYAN, TX 77802",17606604191,00003,01/19/2001,04/30/2002
BRIARPATCH,ACTIVE,905 ENFIELD ST,"BRYAN, TX 77802",32004686237,00002,06/01/2008,
BRIDAL AND QUINCE,INACTIVE,818 E VILLA MARIA RD,"BRYAN, TX 77802",32044392242,00001,08/01/2011,12/31/2011
BRIDGET MEADORS,INACTIVE,1702A S TEXAS AVE,"BRYAN, TX 77802",32058209092,00001,10/01/2015,09/30/2019
BRIGHT VALLEY INVESTMENTS LLC,ACTIVE,1505 BARAK LN,"BRYAN, TX 77802",32092674798,00001,02/01/2024,
BRIGHTEN UP PLUS,INACTIVE,1519 OAKVIEW ST,"BRYAN, TX 77802",32011618959,00002,09/06/2022,12/31/2024
BRIGHTON BY THE BRAZOS,INACTIVE,1200 BRISTOL,"BRYAN, TX 77802",32024440250,00002,10/01/1975,12/09/1976
BRIGHTON BY THE BRAZOS,INACTIVE,3006 BROADMOOR DR,"BRYAN, TX 77802",32024440250,00004,01/01/1996,02/09/1996
BRIGHTON BY THE BRAZOS,INACTIVE,3706 OAK RIDGE DR,"BRYAN, TX 77802",32024440250,00003,12/10/1976,01/01/1996
BRIT DURAN HAIR STUDIO,INACTIVE,3100 WILDFLOWER DR STE 304,"BRYAN, TX 77802",32075445232,00001,09/15/2020,12/31/2020
BRITT TYLER DESIGNS,INACTIVE,732 INWOOD DR,"BRYAN, TX 77802",32070032381,00001,04/01/2019,06/30/2019
BRITTEN BOOKS,INACTIVE,1602 E 31ST ST,"BRYAN, TX 77802",32030072899,00001,01/06/1992,01/01/1997
BRITTS MUSIC CENTER #305,INACTIVE,801 VILLA MARIA ROAD,"BRYAN, TX 77802",17412670154,00001,11/29/1971,05/15/1972
BROADMOOR PLACE,INACTIVE,2601 E VILLA MARIA RD,"BRYAN, TX 77802",32050629271,00001,10/01/2018,12/05/2023
BROADSWORD CONSULTING,INACTIVE,3800 E 29TH ST APT 19,"BRYAN, TX 77802",32024266887,00001,12/20/1994,12/31/1996
BROCK BUSINESS PRODUCTS,INACTIVE,1706 EAST 29TH ST SUITE D,"BRYAN, TX 77802",32021558831,00004,01/01/1990,04/30/1991
BROCK BUSINESS PRODUCTS,INACTIVE,1706 EAST 29TH ST SUITE D,"BRYAN, TX 77802",32005330504,00001,05/01/1991,10/31/1992
BROCK BUSINESS PRODUCTS,INACTIVE,601 ESTHER,"BRYAN, TX 77802",32021558831,00002,07/01/1983,12/31/1989
BRODERICKHALL,INACTIVE,1314 BARAK LN,"BRYAN, TX 77802",32015962106,00002,07/01/2008,12/31/2010
BROOKHOLLOW INTERIORS,INACTIVE,1312 BROOK HOLLOW WAY,"BRYAN, TX 77802",32029505362,00002,09/12/1986,12/25/1999
BROOKHOLLOW INTERIORS,INACTIVE,1312 BROOKHOLLOW WAY,"BRYAN, TX 77802",32029505362,00001,04/01/1980,12/25/1985
BROTHA'S DOGS,INACTIVE,406 EMMETT ST,"BRYAN, TX 77802",32066849749,00001,05/01/2018,09/30/2018
BROTHER BAKERS,INACTIVE,2508A LONG DR,"BRYAN, TX 77802",32086928440,00001,11/05/2022,06/30/2024
BROWN & BROWN AUTO INTERIORS,INACTIVE,3607-A MAJOR,"BRYAN, TX 77802",30009135101,00001,04/09/1985,09/30/1985
BROWN'S AUTOMOTIVE,INACTIVE,2737 E VILLA MARIA RD,"BRYAN, TX 77802",32027430027,00001,11/06/2000,11/06/2000
BROZ SPORT SHOP,INACTIVE,3410 SANDRA,"BRYAN, TX 77802",30008033992,00002,02/01/1992,07/01/1992
BROZ SPORT SHOP,INACTIVE,712 VILLA MARIA,"BRYAN, TX 77802",30008033992,00001,09/01/1986,01/28/1992
BRUCE WOODINGS,INACTIVE,2627 LOCHINVAR LN,"BRYAN, TX 77802",32006155868,00003,01/01/2006,12/25/2006
BRUSH COUNTRY CAMOUFLAGE,INACTIVE,3602 S TEXAS AVE,"BRYAN, TX 77802",32002426925,00001,08/04/2000,09/30/2011
BRY PRODUCTS,INACTIVE,1212 BARAK,"BRYAN, TX 77802",32030283090,00001,06/06/1994,06/01/1997
BRYAN,ACTIVE,1716 BRIARCREST DR STE 150,"BRYAN, TX 77802",10206195660,00009,07/12/2007,
BRYAN  PREMIERE  CINEMA  L.P.,ACTIVE,950 N EARL RUDDER FWY,"BRYAN, TX 77802",32019562365,00001,04/15/2006,
BRYAN - ACADEMY,ACTIVE,2031 S TEXAS AVE,"BRYAN, TX 77802",32058622898,00024,04/01/2023,
BRYAN AQUATIC CENTER,INACTIVE,3100 OAK RIDGE DR,"BRYAN, TX 77802",17429581121,00001,04/04/2000,09/30/2000
BRYAN AQUATIC CENTER,ACTIVE,3100 OAK RIDGE DR,"BRYAN, TX 77802",17460004413,00018,06/01/1998,
BRYAN AUTOMOTIVE,INACTIVE,2114 E WM J BRYAN PKY,"BRYAN, TX 77802",32032105150,00004,07/01/1991,10/31/1998
BRYAN BARRACUDAS SWIM TEAM,INACTIVE,3100 OAK RIDGE DR,"BRYAN, TX 77802",17429581121,00002,01/01/2002,08/06/2006
BRYAN BICYCLES,INACTIVE,1673 B BRIANCREST STE 100,"BRYAN, TX 77802",17601111226,00003,11/08/1985,10/31/1987
BRYAN BOMBERS INC,INACTIVE,3729 E 29TH ST,"BRYAN, TX 77802",17419982909,00003,10/01/1988,06/30/1990
BRYAN CARE GROUP LP,INACTIVE,3850 COPPERCREST DR,"BRYAN, TX 77802",12030329135,00001,09/01/2006,09/01/2006
BRYAN CARE GROUP LP,INACTIVE,3850 COPPERCREST DR,"BRYAN, TX 77802",12030329135,00001,10/01/2006,12/31/2014
BRYAN CIGARETTES AND TOBACCO,INACTIVE,808 E VILLA MARIA RD,"BRYAN, TX 77802",32005115988,00003,10/01/2004,12/31/2004
BRYAN COLLEGE STATION AMBULATORY SURGICAL CENTER,INACTIVE,2800 EAST 29TH ST,"BRYAN, TX 77802",17422782858,00001,06/07/1983,12/25/1985
BRYAN COLLEGE STATION APARTMENT ASSOC,INACTIVE,2301 BROADMOOR,"BRYAN, TX 77802",30003089072,00002,01/01/1980,12/31/1983
BRYAN COLLEGE STATION APARTMENT ASSOC,ACTIVE,3091 UNIVERSITY DR E,"BRYAN, TX 77802",30003089072,00008,01/01/2013,
BRYAN COLLEGE STATION APARTMENT ASSOC,INACTIVE,1808 BARAK LN,"BRYAN, TX 77802",30003089072,00007,01/01/1999,12/31/2012
BRYAN COLLEGE STATION APARTMENT ASSOCIATION,INACTIVE,2402 BROADMOOR BLDG DII STE 102,"BRYAN, TX 77802",30003089072,00006,07/01/1994,12/31/1998
BRYAN COLLEGE STATION MLS,ACTIVE,1901 GREENFIELD PLZ,"BRYAN, TX 77802",17417108572,00001,10/01/1987,
BRYAN COLLEGE STATION TOYOTA,ACTIVE,728 N EARL RUDDER FWY,"BRYAN, TX 77802",32049571337,00003,01/01/2019,
BRYAN CONSTRUCTION COMPANY,INACTIVE,1700 13 ARAK LANE,"BRYAN, TX 77802",17417578949,00001,12/31/1987,12/31/1987
BRYAN CONSTRUCTION COMPANY,INACTIVE,1007 N EARL RUDDER FWY,"BRYAN, TX 77802",17417578949,00003,10/01/2002,06/01/2022
BRYAN CONSTRUCTION COMPANY,INACTIVE,1400 EAST BYPASS ROAD,"BRYAN, TX 77802",17417578949,00002,07/01/1989,09/30/2002
BRYAN CUSTOM BUILT ALUMINUM SCREENS,INACTIVE,4610 HARROW CT,"BRYAN, TX 77802",18304888086,00001,08/06/2007,06/30/2008
"BRYAN DENTAL SERVICES, LLP",ACTIVE,3001 WILDFLOWER DR STE 511,"BRYAN, TX 77802",32058032411,00001,11/01/2018,
BRYAN DRIVING RANGE,INACTIVE,3715 MOHAWK ST,"BRYAN, TX 77802",13201245753,00001,09/15/2004,10/31/2005
BRYAN ELECTRIC COMPANY,INACTIVE,2541 MANCHESTER DR,"BRYAN, TX 77802",32008050497,00003,02/01/1992,12/31/2019
"BRYAN EMERGENCY PHYSICIANS, PA",ACTIVE,2801 FRANCISCAN DR,"BRYAN, TX 77802",32035941718,00039,07/01/2021,
BRYAN FAIRFIELD INN,INACTIVE,4613 S TEXAS AVE,"BRYAN, TX 77802",14504342057,00001,05/15/1994,04/30/2015
BRYAN FAIRFIELD INN & SUITES,INACTIVE,4613 S TEXAS AVE,"BRYAN, TX 77802",32055655115,00001,03/01/2015,11/30/2022
BRYAN FAT BURGER,INACTIVE,1801 S TEXAS AVE,"BRYAN, TX 77802",32043524068,00001,01/01/2011,09/20/2024
BRYAN GHOST WALK,INACTIVE,1626 BARAK LN UNIT A,"BRYAN, TX 77802",32078870972,00001,05/21/2021,09/30/2021
BRYAN GOLF RANGE,INACTIVE,3715 MOHAWK ST,"BRYAN, TX 77802",10109123447,00001,08/23/2008,08/31/2011
BRYAN GOLF RANGE,INACTIVE,3715 MOHAWK ST,"BRYAN, TX 77802",32023062071,00001,10/17/2006,08/22/2008
BRYAN HIGH SCHOOL ORCHESTRA BOOSTER CLUB,ACTIVE,3450 CAMPUS DR,"BRYAN, TX 77802",32063832961,00001,10/22/2025,
BRYAN HIGH SCHOOL PARENT-TEACHER-STUDENT ORGANIZAT,ACTIVE,3450 CAMPUS DR,"BRYAN, TX 77802",32020791045,00001,10/01/2007,
BRYAN HIGH SCHOOL PTSO INC,ACTIVE,3450 CAMPUS DR,"BRYAN, TX 77802",32098606752,00001,07/01/2025,
BRYAN HIGH SHY-ANNE BOOSTER CLUB,ACTIVE,3450 CAMPUS DR,"BRYAN, TX 77802",12600688894,00001,02/01/2007,
BRYAN INDUSTRIAL SUPPLY,INACTIVE,512 E VILLA MARIA RD,"BRYAN, TX 77802",32023558441,00001,01/01/1999,12/31/1999
BRYAN KENTUCKY FRIED CHICKEN,INACTIVE,3320 S TEXAS AVENUE,"BRYAN, TX 77802",17420006557,00002,07/17/1982,04/01/1988
BRYAN LIONS CLUB,INACTIVE,3723 E 29TH ST STE 218,"BRYAN, TX 77802",17460616612,00001,06/01/1997,12/25/2003
BRYAN LOCOMOTIVE WORKS,INACTIVE,2605 A PECAN KNOLL,"BRYAN, TX 77802",32027208795,00001,04/01/1986,09/30/1986
"BRYAN LODGING GROUP F&B, LLC",INACTIVE,1933 AUSTINS COLONY PKWY,"BRYAN, TX 77802",32067640139,00001,08/15/2018,09/30/2023
BRYAN MANOR,ACTIVE,2333 MANOR DR,"BRYAN, TX 77802",32092259731,00001,11/01/2024,
BRYAN MANOR ASSISTED LIVING,INACTIVE,2345 MANOR DR,"BRYAN, TX 77802",32092202913,00001,11/01/2024,
BRYAN MART,ACTIVE,3819 E 29TH ST,"BRYAN, TX 77802",32096870707,00001,10/02/2024,
BRYAN MEDICAL LAB,ACTIVE,2112D E VILLA MARIA RD,"BRYAN, TX 77802",17425541590,00016,04/01/1997,
BRYAN MEDICINE CHEST,INACTIVE,2300 DE LEE ST,"BRYAN, TX 77802",32037330019,00001,05/03/2010,12/29/2016
"BRYAN MODERN DENTISTRY, PC",ACTIVE,3001 WILDFLOWER DR STE 511,"BRYAN, TX 77802",32055180874,00001,12/31/2014,
BRYAN NAILS,INACTIVE,725 E VILLA MARIA RD STE 2500,"BRYAN, TX 77802",32050351165,00001,06/03/2013,12/25/2021
BRYAN NEUROLOGY SERVICE,INACTIVE,2700 E 29TH ST STE 305,"BRYAN, TX 77802",17422331714,00002,01/01/2010,12/06/2013
BRYAN NEUROLOGY SERVICE,INACTIVE,1307 MEMORIAL DR STE 225,"BRYAN, TX 77802",17422331714,00001,01/01/1987,12/31/2009
BRYAN OPCO LLC,INACTIVE,2817 KENT ST,"BRYAN, TX 77802",32067824832,00001,01/01/2019,01/01/2019
BRYAN POOL AND SPA SERVICE,INACTIVE,3215 RED ROBIN LOOP,"BRYAN, TX 77802",32015616850,00001,08/20/2004,03/31/2011
BRYAN PROFESSIONAL PHARMACY INC,INACTIVE,1301 MEMORIAL DR,"BRYAN, TX 77802",17423013584,00001,02/15/1984,02/28/1999
BRYAN PUBLISHING INC,INACTIVE,1729 BRIARCREST DR,"BRYAN, TX 77802",17427666031,00001,12/23/1995,11/30/2000
BRYAN RADIO & TV SERVICE INC,INACTIVE,4105 TANGLEWOOD,"BRYAN, TX 77802",17413924618,00005,10/01/1994,02/28/1995
BRYAN RADIOLOGY ASSOCIATES,ACTIVE,2722 OSLER BLVD,"BRYAN, TX 77802",32036053984,00001,06/01/2009,
BRYAN RESEARCH & ENGINEERING INC,INACTIVE,3131 BRIARCREST DR STE 200,"BRYAN, TX 77802",17418180919,00003,11/01/1991,08/08/2017
BRYAN RESEARCH & ENGINEERING INC,INACTIVE,313-D EAST 29TH ST,"BRYAN, TX 77802",17418180919,00002,05/01/1991,11/01/1991
"BRYAN RESEARCH & ENGINEERING, LLC",ACTIVE,3131 BRIARCREST DR STE 200,"BRYAN, TX 77802",32064524435,00001,08/09/2017,
BRYAN RESEARCH AND ENGINEERING INC,INACTIVE,4346 CARTER CREEK PKWY,"BRYAN, TX 77802",17418180919,00001,10/01/1987,07/01/1996
BRYAN RESTAURANT COMPANY,INACTIVE,1710 BRIARCREST DR,"BRYAN, TX 77802",32038297720,00002,09/30/2008,09/30/2008
BRYAN RESTAURANT COMPANY,INACTIVE,1710 BRIARCREST DR,"BRYAN, TX 77802",17521799654,00002,07/06/1987,11/30/2008
BRYAN SEAFOOD STEAK HOUSE,INACTIVE,2210 E WILLIAM J BRYAN PKWY,"BRYAN, TX 77802",32012461680,00001,12/01/2003,12/31/2005
BRYAN SEAFOOD STEAKHOUSE,INACTIVE,2210 E WM J BRYAN PKWY,"BRYAN, TX 77802",32041541460,00001,05/13/2008,05/13/2008
BRYAN SEAFOOD STEAKHOUSE,INACTIVE,2210 E WILLIAM J BRYAN PKWY,"BRYAN, TX 77802",12036773609,00001,01/01/2006,05/13/2008
BRYAN SENIOR HOUSING I OPC LLC DBA HUDSON CREEK AL,INACTIVE,3850 COPPERCREST DR,"BRYAN, TX 77802",32066287171,00001,10/01/2018,10/01/2018
BRYAN SENIOR HOUSING I OPC LLC DBA HUDSON CREEK AL,INACTIVE,3850 COPPERCREST DR,"BRYAN, TX 77802",32066287171,00001,01/01/2019,01/01/2019
BRYAN SENIOR HOUSING I OPC LLC DBA HUDSON CREEK AL,INACTIVE,3850 COPPERCREST DR,"BRYAN, TX 77802",32066287171,00001,07/01/2019,07/01/2019
BRYAN SENIOR HOUSING I OPC LLC DBA HUDSON CREEK AL,INACTIVE,3850 COPPERCREST DR,"BRYAN, TX 77802",32066287171,00001,10/01/2019,10/01/2019
BRYAN SENIOR HOUSING I OPC LLC DBA HUDSON CREEK AL,INACTIVE,3850 COPPERCREST DR,"BRYAN, TX 77802",32066287171,00001,01/01/2020,01/01/2020
BRYAN SENIOR HOUSING I OPC LLC DBA HUDSON CREEK AL,INACTIVE,3850 COPPERCREST DR,"BRYAN, TX 77802",32066287171,00001,04/01/2020,04/01/2020
BRYAN SENIOR HOUSING I OPC LLC DBA HUDSON CREEK AL,INACTIVE,3850 COPPERCREST DR,"BRYAN, TX 77802",32066287171,00001,07/01/2020,07/01/2020
BRYAN SENIOR HOUSING I OPC LLC DBA HUDSON CREEK AL,INACTIVE,3850 COPPERCREST DR,"BRYAN, TX 77802",32066287171,00001,10/01/2020,10/01/2020
BRYAN SENIOR HOUSING I OPC LLC DBA HUDSON CREEK AL,INACTIVE,3850 COPPERCREST DR,"BRYAN, TX 77802",32066287171,00001,01/01/2021,01/01/2021
BRYAN SENIOR HOUSING I OPC LLC DBA HUDSON CREEK AL,INACTIVE,3850 COPPERCREST DR,"BRYAN, TX 77802",32066287171,00001,04/01/2021,04/01/2021
BRYAN SENIOR HOUSING I OPC LLC DBA HUDSON CREEK AL,INACTIVE,3850 COPPERCREST DR,"BRYAN, TX 77802",32066287171,00001,07/01/2021,07/01/2021
BRYAN VIKING BOOSTER CLUB,ACTIVE,3603 CEDAR OAK CIR,"BRYAN, TX 77802",32056185575,00001,01/01/2015,
BRYAN WOODBINE GATHERING INC,INACTIVE,1400 SOUTH STATE HWY 6 STE A 200,"BRYAN, TX 77802",17423724347,00001,09/30/1988,09/30/1988
"BRYAN/COLLEGE STATION ASC, LP",ACTIVE,3201 UNIVERSITY DR E STE 420,"BRYAN, TX 77802",32054918993,00001,08/01/2024,
BRYAN'S BOMBERS INC,INACTIVE,730 E VILLA MARIA,"BRYAN, TX 77802",17419982909,00004,07/01/1990,07/01/1996
BRYAN'S HOMEMADE SALSA,INACTIVE,1311 HOPPESS ST,"BRYAN, TX 77802",32010757931,00003,04/01/1999,12/01/1999
BRYAN'S MATCOTOOLS,INACTIVE,730 MARY LAKE DR,"BRYAN, TX 77802",32028110040,00002,08/01/1993,02/06/1996
"BRYAN'S OCEAN BUFFET, INC.",INACTIVE,1701 S TEXAS AVE,"BRYAN, TX 77802",32049757787,00001,02/01/2013,07/30/2016
BRYANT'S FUNERAL SUPPLY,INACTIVE,1525 E 29TH ST APT 404,"BRYAN, TX 77802",32002392101,00001,05/02/2000,12/31/2002
"BRYER & OAK, LLC",ACTIVE,303 MILLS ST,"BRYAN, TX 77802",32088500783,00001,04/01/2023,
BRYON CASH CONNECTION,INACTIVE,814 E VILLA MARIA RD,"BRYAN, TX 77802",32029517680,00004,03/01/1996,06/20/2001
BT GIFT SHOP,INACTIVE,1406 E 29TH ST,"BRYAN, TX 77802",32033560866,00001,08/20/2007,03/31/2008
BUBS VENTURES,INACTIVE,4718 MIRAMONT CIR,"BRYAN, TX 77802",32083832991,00001,05/01/2022,12/31/2022
"BUCK REMODELING, LLC",ACTIVE,706 ETHEL BLVD,"BRYAN, TX 77802",32068018657,00001,05/20/2024,
BUCK SULLIVAN-AUTHORIZED DEALER-SNAP-ON TOOLS,INACTIVE,1107 FOREST FLEN,"BRYAN, TX 77802",32022111234,00003,05/01/1991,09/30/1994
BUCK'S PIZZA,INACTIVE,3310 E 29TH ST STE A,"BRYAN, TX 77802",32026274871,00004,07/01/2007,08/13/2008
BUCK'S PIZZA,INACTIVE,3310A E 29TH ST,"BRYAN, TX 77802",32041623748,00001,12/16/2010,05/15/2011
BUCKS PIZZA,INACTIVE,3310 E 29TH ST,"BRYAN, TX 77802",32039817617,00001,08/01/2009,12/15/2010
BUCKS PIZZA,INACTIVE,3310 E 29TH ST,"BRYAN, TX 77802",17526778950,00004,08/13/2008,07/31/2009
BUCKS PIZZA,INACTIVE,3310A E 29TH ST,"BRYAN, TX 77802",32044125956,00001,05/16/2011,09/08/2011
BUDDS BBQ,INACTIVE,3151 BRIARCREST DR,"BRYAN, TX 77802",32071423068,00001,03/01/2020,08/01/2020
BUDDY HANEYS APPLIANCE INC,INACTIVE,1909 S TEXAS AVENUE,"BRYAN, TX 77802",17420700357,00003,09/01/1991,02/01/1995
BUDDY'S AUTOMOTIVE CONCEPTS,INACTIVE,1700 S TEXAS AVE,"BRYAN, TX 77802",32008088497,00002,01/01/2002,04/30/2011
"BUDDY'S AUTOMOTIVE CONCEPTS, LLC",INACTIVE,1700 S TEXAS AVE,"BRYAN, TX 77802",32043652737,00001,05/01/2011,03/31/2023
BUDDY'S BRAZOS APPLIANCES,ACTIVE,3815 S TEXAS AVE,"BRYAN, TX 77802",17423190739,00004,01/01/1995,
BUDDY'S HOME FURNISHINGS 1020,INACTIVE,2009 S TEXAS AVE,"BRYAN, TX 77802",32075405830,00003,07/01/2020,04/30/2025
BUDDY'S HOME FURNISINGS,INACTIVE,2009 S TEXAS AVE,"BRYAN, TX 77802",32071152162,00001,07/01/2019,08/23/2019
BUDDYS APPLIANCE,ACTIVE,3815 S TEXAS AVE,"BRYAN, TX 77802",17420700357,00004,01/01/1995,
BUDDYS HOME FURNISHINGS #1020,INACTIVE,2009 S TEXAS AVE,"BRYAN, TX 77802",13839112722,00001,11/20/2013,11/30/2019
BUDDYS NORTHWEST,INACTIVE,2009 S TEXAS AVE,"BRYAN, TX 77802",32063155686,00004,08/23/2019,07/01/2020
BUDGET CARPET CARE,INACTIVE,3601 E 29TH ST # A,"BRYAN, TX 77802",32008515473,00020,08/27/1996,09/30/1997
BUDGET OPTICALS #07,INACTIVE,1121 BRIARCREST DR STE 302,"BRYAN, TX 77802",17425197302,00028,10/01/2006,11/24/2008
BUDGET OPTICALS #8,INACTIVE,1121 BRIARCREST DR STE 302,"BRYAN, TX 77802",17425197302,00004,03/01/1996,12/31/2003
BUENO COMMUNICATION,ACTIVE,1410 S TEXAS AVE,"BRYAN, TX 77802",32059046410,00031,06/01/2019,
BUENO COMMUNICATION LLC,ACTIVE,725 E VILLA MARIA RD STE 500,"BRYAN, TX 77802",32059046410,00002,02/01/2016,
BUENO WIRELESS,ACTIVE,725 E VILLA MARIA RD STE 500,"BRYAN, TX 77802",32072910329,00003,04/01/2020,
BUFFALO POWER SOLUTIONS,ACTIVE,3091 UNIVERSITY DR E STE 210,"BRYAN, TX 77802",32101142019,00001,09/01/2025,
BUFFY'S BOUTIQUE INC,INACTIVE,4340 CARTER CREEK PARKWAY,"BRYAN, TX 77802",17420400545,00001,10/01/1979,12/31/1980
BUGCO INC,INACTIVE,2702 VILLA MARIEA,"BRYAN, TX 77802",17423186901,00001,07/01/1984,06/18/1987
BUGGE PLUMBING INC,INACTIVE,2782 VILLA MARIA,"BRYAN, TX 77802",17423186919,00001,07/01/1984,07/31/1990
BUGGE PLUMBING INC,INACTIVE,2702 VILLA MARIA,"BRYAN, TX 77802",17423186919,00002,08/01/1990,03/31/2011
BUILDER'S RENTAL & SUPPLY DIV,INACTIVE,1201 TEXAS AVENUE,"BRYAN, TX 77802",17418180935,00008,02/01/1984,04/30/1984
BUILDER'S RENTAL & SUPPLY INC,INACTIVE,1201 TEXAS AVENUE,"BRYAN, TX 77802",17421142351,00002,07/01/1981,11/10/1983
BUILDERS CONCRETE INC,INACTIVE,3780 COPPERFIELD DR APT 618,"BRYAN, TX 77802",17429018710,00002,07/01/2001,12/30/2001
BUILDERS CONCRETE INC,INACTIVE,1525 E 29TH ST APT 707,"BRYAN, TX 77802",17429018710,00001,04/01/1999,06/30/2001
BUILDERS DECOR,ACTIVE,2700B WILDFLOWER DR,"BRYAN, TX 77802",32015865796,00001,10/01/2004,
BUILDING CRAFTS INC,INACTIVE,4343 CARTER CREEK PARKWAY #201,"BRYAN, TX 77802",17419061548,00001,05/01/1979,12/25/1985
BULL DOG LURES,INACTIVE,1600-B LUZA,"BRYAN, TX 77802",30008034339,00001,12/01/1986,02/28/1989
BUMBLE BEE RESALE,INACTIVE,3607 S TEXAS AVE,"BRYAN, TX 77802",32039456184,00001,05/18/2009,06/30/2010
BUMBLEBEADS AND DOODLEBUGS,INACTIVE,3015 RED ROBIN LOOP,"BRYAN, TX 77802",32006451671,00003,01/01/2004,12/25/2005
BUMP'S INC,INACTIVE,803 BROADMOOR,"BRYAN, TX 77802",30007435289,00001,01/01/1983,12/31/1983
BUNDTS OF BLING,INACTIVE,1604 LUZA ST # B,"BRYAN, TX 77802",32082894356,00001,02/04/2022,12/31/2024
BUPPY'S CATERING,INACTIVE,2700 S TEXAS AVE,"BRYAN, TX 77802",17422233258,00003,02/01/1989,06/30/1998
BURDETT & SON OUTDOOR ADVENTURE SHOP,INACTIVE,2017 S TEXAS AVE,"BRYAN, TX 77802",32006180965,00002,07/01/1991,04/30/1999
BURGER BOY II,INACTIVE,1801 TEXAS AVE,"BRYAN, TX 77802",32005029973,00003,03/26/1984,06/10/1985
BURGER KING,ACTIVE,2410 E 29TH ST,"BRYAN, TX 77802",32046019348,00003,01/12/2012,
BURGER KING #15997,INACTIVE,2401 E 29TH ST,"BRYAN, TX 77802",14216684531,00002,06/13/2007,01/11/2012
BURKE ENTERPRISES,INACTIVE,2609 WAYSIDE DR,"BRYAN, TX 77802",32015380416,00001,07/09/2004,12/31/2004
BURTON WHOLESALE,INACTIVE,3608 OAK RIDGE DR,"BRYAN, TX 77802",32007813390,00001,01/01/2001,12/31/2001
BURTON'S WHOLESALE,INACTIVE,3608 OAK RIDGE DR,"BRYAN, TX 77802",32000538077,00001,03/09/1998,12/31/2000
BUSH'S APPLIANCE REPAIR,ACTIVE,801 DELLWOOD ST STE 100,"BRYAN, TX 77802",32008945290,00007,05/01/2015,
BUSH'S APPLIANCE REPAIR,INACTIVE,609 LAWRENCE ST,"BRYAN, TX 77802",32008945290,00006,04/01/2012,04/30/2015
BUSINESS DIGITAL SERVICES AGENCY,INACTIVE,3780 COPPERFIELD DR APT 734,"BRYAN, TX 77802",32060410852,00003,03/06/2017,12/31/2017
BUSINESS SERVICES UNLIMITED,INACTIVE,2807 WILDFLOWER DR APT 17,"BRYAN, TX 77802",30118106530,00001,06/05/1996,12/31/1996
BUSY BODIES,INACTIVE,738 GARDEN ACRES BLVD,"BRYAN, TX 77802",32028839218,00003,07/01/1984,12/31/1984
BUTLER BUILDING PRODUCTS CO INC,INACTIVE,303 DODGE,"BRYAN, TX 77802",17410358927,00001,09/01/1961,01/14/1972
BUTLER ELECTRIC INC,INACTIVE,1749 BOONEVILLE RD,"BRYAN, TX 77802",17425202441,00001,08/21/1989,12/31/1993
BUTLER EQUIPMENT COMPANY,INACTIVE,1504 S TEXAS AVENUE,"BRYAN, TX 77802",17460522372,00001,09/01/1961,10/07/1988
BUTLERS TREE & YARD SERVICE,INACTIVE,505 WAYSIDE DR APT 5,"BRYAN, TX 77802",32011168666,00005,08/01/2003,12/31/2003
BUTTERCUSP COSMETICS,INACTIVE,1634 PRAIRIE DR APT B,"BRYAN, TX 77802",32057763552,00001,09/01/2015,06/16/2016
BUTTON AUTO APRAISAL,INACTIVE,4321 BROPTOM,"BRYAN, TX 77802",32005086361,00001,02/24/1995,02/25/1995
"BV FITNESS, LLC",INACTIVE,4282 BOONVILLE RD STE 130,"BRYAN, TX 77802",32050115867,00001,02/07/2013,08/16/2024
BY CONSTANCE,INACTIVE,3902 E 29TH ST APT R6,"BRYAN, TX 77802",32021565695,00001,12/07/1996,12/31/1996
BY DESIGN,ACTIVE,1733 BRIARCREST DR STE 206,"BRYAN, TX 77802",17427628734,00002,11/01/2015,
BY JACS,INACTIVE,701 E VILLA MARIA #24,"BRYAN, TX 77802",32024218623,00002,01/01/1992,03/31/1998
BYERS LOCATE SERVICES,INACTIVE,1822-B GREENFIELD,"BRYAN, TX 77802",15823799703,00002,04/15/1998,10/31/2003
C & A CLEANING,INACTIVE,1620 LUZA LN,"BRYAN, TX 77802",32027855587,00001,06/01/1989,12/31/1994
C & C PRODUCTIONS,INACTIVE,3602 E 29TH ST,"BRYAN, TX 77802",30116202299,00001,04/01/1994,06/08/1994
C & C WOODWORKS,INACTIVE,1108 LAMAR DR,"BRYAN, TX 77802",32027512394,00001,05/19/1984,05/31/1998
C & D LAWN CARE,INACTIVE,4 MI OCL ON FM 1179,"BRYAN, TX 77802",32027460990,00001,08/15/1992,07/31/1994
C & D RENT WORLD,INACTIVE,1865 BRIARCREST DR,"BRYAN, TX 77802",17425464447,00002,05/01/1994,01/31/2001
C & H PRODUCTS,INACTIVE,4204 CARTER CREEK PKY,"BRYAN, TX 77802",32022620689,00001,10/19/1994,09/30/1996
C & H SPECIALTY FOODS,INACTIVE,1900 WEST VILLA MARIA AEROFIT,"BRYAN, TX 77802",32005314888,00001,01/01/1988,09/15/1989
C & L AUTO CARE,INACTIVE,1515 S TEXAS AVE,"BRYAN, TX 77802",32018275399,00001,10/01/2006,03/31/2007
C & L AUTOCARE,INACTIVE,1515 S TEXAS AVE,"BRYAN, TX 77802",32033344642,00001,08/01/2007,05/31/2011
C & L AUTOMOTIVE,INACTIVE,1515 S TEXAS AVE,"BRYAN, TX 77802",32011844720,00002,01/03/2005,07/31/2007
C & L AUTOMOTIVE SERVICE CENTER INC,INACTIVE,3706 S TEXAS AVE,"BRYAN, TX 77802",17429514353,00001,03/01/2000,03/30/2005
C & L AUTOMOTIVE SERVICE CENTER INC,ACTIVE,1507 S TEXAS AVE,"BRYAN, TX 77802",17429514353,00002,04/01/2005,
C & L FLORAL & RESALE SHOP,INACTIVE,4012 STILLMEADOW DR,"BRYAN, TX 77802",32002631086,00001,09/15/2000,09/30/2000
C & L TIRE SERVICE CENTER #1,INACTIVE,3706 S TEXAS AVE,"BRYAN, TX 77802",32026599863,00001,04/01/1986,02/29/2000
C & L TIRE SERVICE CENTER #2,INACTIVE,1515 S TEXAS AVE,"BRYAN, TX 77802",32008204862,00001,04/01/1986,12/31/2004
C & M,INACTIVE,2604 WAYSIDE DR,"BRYAN, TX 77802",32011929810,00001,07/01/2003,07/30/2003
C & S COMPANY,INACTIVE,3707 E 29TH ST,"BRYAN, TX 77802",32025729156,00008,03/22/1982,12/31/1984
C & S DRAFTING CO,INACTIVE,3709 E 29TH ST,"BRYAN, TX 77802",32025729156,00005,10/01/1977,02/28/1980
C & S INTERESTS,INACTIVE,1246 E VILLA MARIA,"BRYAN, TX 77802",30118105276,00001,07/01/1996,12/31/2002
C A B ENTERPRISES,INACTIVE,205 S GORDON ST,"BRYAN, TX 77802",32024265954,00002,01/01/1995,03/31/1996
C A T,INACTIVE,1821 GETTYSBURG LN,"BRYAN, TX 77802",32021693943,00001,11/10/1995,12/22/1998
C B MCGOWN JR,INACTIVE,1201 GARDEN LN,"BRYAN, TX 77802",32029304915,00002,03/01/2013,03/01/2013
C BARBU CO,INACTIVE,2909 S TEXAS AVE,"BRYAN, TX 77802",32022335809,00001,04/24/1996,12/31/1998
C BEAR COMPANY,INACTIVE,1608 LUZA LN,"BRYAN, TX 77802",32027559767,00001,07/01/1997,06/30/1999
C C M INC,INACTIVE,2702 WILDFLOWER DR STE B,"BRYAN, TX 77802",17605683931,00002,07/01/1998,01/31/2001
C C M INC,INACTIVE,2700 WILDFLOWER DR STE B,"BRYAN, TX 77802",17605683931,00003,02/01/2001,11/30/2004
C DATA INC,INACTIVE,202 S BRYAN,"BRYAN, TX 77802",17421132725,00001,01/01/1988,12/31/1994
C F SERVICE,INACTIVE,3704 EASTSHIRE CT,"BRYAN, TX 77802",32028914565,00001,03/11/1994,01/31/1997
C H HENDRIX,INACTIVE,3704 RAVENWOOD DR,"BRYAN, TX 77802",32024880786,00001,03/01/1994,12/31/2001
C HOW IT'S DONE BBQ & HOME COOKING,INACTIVE,3708 E 29TH ST # 1070,"BRYAN, TX 77802",32088289684,00001,02/01/2024,12/31/2024
C HUMPHREY & ASSOCIATES INC,INACTIVE,1623 WOODLAND,"BRYAN, TX 77802",30008854330,00001,06/10/1986,12/31/1987
C K GIFTS,INACTIVE,4201 BEDFORD CT,"BRYAN, TX 77802",32027306110,00001,10/09/1998,06/01/2001
C R C VENDING,INACTIVE,4010 STILLMEADOW DR,"BRYAN, TX 77802",17422343099,00007,11/01/1982,06/01/1983
C R COMPUTERS,INACTIVE,2804 B SPRUCEWOOD,"BRYAN, TX 77802",30116201572,00001,11/09/1993,12/15/1993
"C.C.M., INC.",INACTIVE,2702 WILDFLOWER DR STE A,"BRYAN, TX 77802",17605683931,00004,12/01/2004,08/31/2009
"C.C.M., INC.",ACTIVE,2704 WILDFLOWER DR STE A,"BRYAN, TX 77802",17605683931,00005,09/01/2009,
C&J BARBEQUE,ACTIVE,2112 W BRIARGATE DR,"BRYAN, TX 77802",17529740098,00004,08/19/2022,
C&L AUTOCARE,INACTIVE,1515 S TEXAS AVE,"BRYAN, TX 77802",32044043886,00001,06/01/2011,12/31/2013
C&L NUT CO,INACTIVE,1500 HARVEY RD (POST OAK MALL-KIOSK),"COLLEGE STATION, TX 77802",32012461060,00001,10/04/2003,01/31/2010
C&P GRAPHICS,INACTIVE,3204 S TEXAS AVENUE,"BRYAN, TX 77802",32005158830,00002,10/01/1982,12/31/1984
C&W JANITORIAL LLC,ACTIVE,2804 HILLSIDE DR,"BRYAN, TX 77802",32092901019,00002,12/22/2023,
C&W JANITORIAL LLC,INACTIVE,3617 CHOCTAW ST APT B,"BRYAN, TX 77802",32092901019,00001,12/22/2023,06/30/2024
C' N' C' PHOTOGRAPHICS,INACTIVE,3601 E 29TH ST STE 11,"BRYAN, TX 77802",17421459540,00002,01/01/1982,12/31/2003
CABANA BEVERAGES INC,ACTIVE,2410 BRIARCREST DR,"BRYAN, TX 77802",17426162909,00147,07/01/2005,
CACTUS AIR INC,INACTIVE,4711 HUNINGTON,"BRYAN, TX 77802",17426314781,00001,07/01/1993,09/30/1994
CAFE BISTRO BRYAN INC,INACTIVE,950 N EARL RUDDER FWY,"BRYAN, TX 77802",32019077083,00001,02/10/2006,12/06/2009
"CAFE BISTRO BRYAN, INC.",ACTIVE,950 N EARL RUDDER FWY,"BRYAN, TX 77802",32019077083,00002,05/01/2013,
CAFE ESPRESSO,INACTIVE,3000 BRIARCREST DR STE 102,"BRYAN, TX 77802",32006993011,00003,04/25/2000,12/31/2000
CAFE PLAZA,INACTIVE,3000 BRIARCREST DR STE 102,"BRYAN, TX 77802",12027189955,00001,05/02/2005,04/30/2006
CAJUN COLLECTION,INACTIVE,3609 OAK HILL DR,"BRYAN, TX 77802",32006021078,00001,10/01/1991,08/31/1997
CAKE JUNKIE,INACTIVE,4001 E 29TH ST STE 75,"BRYAN, TX 77802",32041406771,00001,04/01/2010,01/01/2018
CAKES BY CATHERINE,INACTIVE,3030 E 29TH ST,"BRYAN, TX 77802",32026233695,00004,01/01/1996,12/31/2000
CAKES BY JOCELYN,INACTIVE,4516 KENSINGTON RD,"BRYAN, TX 77802",32042990666,00001,07/14/2011,12/31/2012
CALEY'S DESIGN,INACTIVE,803 MEADOW LN,"BRYAN, TX 77802",32006877735,00003,05/01/1997,05/21/1998
CALIFORNIA CREATIONS,INACTIVE,3515 OAK HOLLOW,"BRYAN, TX 77802",32032381777,00001,11/15/1982,06/07/1984
CALIFORNIA FASHIONS,INACTIVE,2016 S TEXAS AVE,"BRYAN, TX 77802",32011289488,00002,06/14/1996,04/30/1998
CALIFORNIA FASHIONS,INACTIVE,2620 MANCHESTER DR,"BRYAN, TX 77802",32011289488,00001,03/18/1996,06/13/1996
CALLIE CUSTOM WOODWORK,INACTIVE,4050 EASTCHESTER DR APT 818,"BRYAN, TX 77802",32093318742,00001,02/01/2024,06/30/2025
CALVIN D HOWARD,INACTIVE,1912 VINEWOOD,"BRYAN, TX 77802",32006256757,00001,05/16/1980,12/31/1989
CAMILLE'S HAIR BRAIDING AND WEAVING,INACTIVE,3515 S TEXAS AVE,"BRYAN, TX 77802",32012450246,00002,05/08/2006,12/25/2007
CAMPUS CLASS,INACTIVE,2800 CAMELOT DR,"BRYAN, TX 77802",30115560143,00001,09/07/1993,12/25/1999
CAMPUS TELEPHONE SERVICES INC,INACTIVE,3000 BRIARCREST DRIVE SUITE 555,"BRYAN, TX 77802",17425117599,00001,11/15/1988,01/01/1993
CAMPUS VICTOR MARKETING,INACTIVE,15 STEEP HOLLOW CIRCLE,"BRYAN, TX 77802",32023685731,00001,06/19/1990,07/01/1991
CANDIA JANE FREEMAN,INACTIVE,1200 BROOK HOLLOW CT,"BRYAN, TX 77802",32060081810,00001,04/09/2016,12/31/2019
CANDY BOUQUET,INACTIVE,1001 ESTHER BLVD,"BRYAN, TX 77802",14604847799,00001,05/20/2002,06/30/2002
CAPITAL FARM CREDIT,INACTIVE,3000 BRIARCREST DR STE 601,"BRYAN, TX 77802",32006543832,00001,02/01/2017,02/01/2017
CAR BOE'S RESTAURANT,INACTIVE,2025 S TEXAS AVENUE,"BRYAN, TX 77802",32026160260,00002,06/01/1983,12/01/1988
CAR ENTERPRISES,INACTIVE,2410B PECAN RIDGE DR,"BRYAN, TX 77802",32030875762,00004,04/01/1995,03/31/1997
CAR ENTERPRISES,INACTIVE,3600A CHOCTAW,"BRYAN, TX 77802",32030875762,00003,07/01/1992,04/01/1995
CARBEN TIME,INACTIVE,4409 CARTER CREEK #7,"BRYAN, TX 77802",32004809748,00001,02/20/1985,06/30/1985
CARBON DIOXIDE TECHNOLOGY CORPORATON,INACTIVE,3612 CHOCTAW A,"BRYAN, TX 77802",17420712147,00005,07/01/1983,12/31/1983
CARDBOARD THERAPY,INACTIVE,1733 BRIARCREST DR STE 210,"BRYAN, TX 77802",32063538790,00001,06/01/2017,09/30/2019
"CARDIAC CATH LAB OF BRYAN/COLLEGE STATION, LP",ACTIVE,3201 UNIVERSITY DR E STE 420,"BRYAN, TX 77802",32051830647,00001,08/01/2024,
CARDINAL GOLF,INACTIVE,4312 BIRCHCREST LANE,"BRYAN, TX 77802",32009917975,00001,07/01/1994,04/13/1995
CARDINAL HEALTH SOLUTIONS,INACTIVE,2801 FRANCISCAN DR,"BRYAN, TX 77802",12088371120,00005,07/01/2007,04/30/2011
CARE SOURCE,INACTIVE,2923 BRAEBURN,"BRYAN, TX 77802",32016080361,00001,01/01/1994,04/17/1994
CAREER APPAREL,INACTIVE,1702A SOUTH TEXAS AVE,"BRYAN, TX 77802",17426055129,00002,07/01/1991,10/31/1995
CAREER WRIGHT,INACTIVE,1613 ENLOE CT,"BRYAN, TX 77802",32057763552,00005,12/14/2020,06/24/2021
CARGILL DISTRIBUTING COMPANY,INACTIVE,3401 SPRING LANE,"BRYAN, TX 77802",32029385559,00002,08/09/1984,08/05/1988
CARL BUSSELL'S DIAMOND ROOM,INACTIVE,3733 E 29TH ST,"BRYAN, TX 77802",17418959940,00003,09/01/2007,10/20/2007
CARL BUSSELL'S DIAMOND ROOM,INACTIVE,3731 E 29TH ST,"BRYAN, TX 77802",17418959940,00001,10/01/1976,08/31/2007
CARL COOPER,INACTIVE,4205 WILLOW OAK ST,"BRYAN, TX 77802",32025427751,00001,05/10/1993,12/31/1995
CARL KENNEDY,INACTIVE,1318 GARDEN LN,"BRYAN, TX 77802",32024531421,00001,10/20/1993,12/31/1996
CARLA QUIGLEY,INACTIVE,3610 SWEETBRIAR DR,"BRYAN, TX 77802",32048370061,00001,06/07/2012,12/31/2024
CARLOS MARTINEZ PAINTING,INACTIVE,4716 TIFFANY PARK CIR,"BRYAN, TX 77802",32016164041,00001,11/09/2004,09/30/2008
CARLTON,INACTIVE,3902 E 29TH ST APT K6,"BRYAN, TX 77802",32045388371,00001,10/22/2011,12/25/2012
CARMAN'S KNITTERY,INACTIVE,1900 WAYSIDE DR,"BRYAN, TX 77802",32031516845,00002,10/01/1985,08/31/1986
CARMENS PERMANENT COSMETIC STUDIO,INACTIVE,2000C E 29TH ST,"BRYAN, TX 77802",32019904948,00001,08/01/2006,04/23/2007
CARMENS PERMANENT COSMETICE STUDIO,INACTIVE,2000C E 29TH ST,"BRYAN, TX 77802",12089093913,00001,04/24/2007,12/31/2024
CAROL AMES INTERIORS,INACTIVE,3124 BROADMOOR DR,"BRYAN, TX 77802",32014794393,00001,04/15/2004,09/30/2009
CAROL D ZEIGLER,INACTIVE,807 AVONDALE,"BRYAN, TX 77802",32008653209,00001,03/01/1983,12/25/1985
CAROL GRIMES INTERIORS,INACTIVE,3510 OAK HILL DR,"BRYAN, TX 77802",32032266440,00001,07/06/1992,12/25/2000
CAROL HOPKINS,INACTIVE,2512 ARBOR DR,"BRYAN, TX 77802",32006715042,00002,01/01/1994,12/31/1997
CAROL HOPKINS,INACTIVE,1/4 MI S OF HWY 21 E ON CLIFF RD,"BRYAN, TX 77802",32006715042,00001,02/14/1989,12/31/1993
CAROL S PYLE,INACTIVE,1525 E 29TH ST APT 709,"BRYAN, TX 77802",32008973003,00001,10/28/2002,12/31/2006
CAROL ZEIGLER,INACTIVE,807 AVONDALE AVE,"BRYAN, TX 77802",32008653209,00002,01/01/1992,12/08/1999
CAROLINE FLORENCE,INACTIVE,5521 SOMERFORD,"BRYAN, TX 77802",32006998333,00001,11/03/1990,12/31/1991
CAROLYN HITT,INACTIVE,3122 CAMELOT DR APT 65,"BRYAN, TX 77802",32007849451,00001,04/01/1997,12/31/2001
CAROLYN'S JEWELRY,INACTIVE,3218 WILDLIFE CIRCLE,"BRYAN, TX 77802",32025472518,00001,06/04/1986,12/25/1993
CAROUSEL CREATIONS,INACTIVE,3902 E 29TH #A-3,"BRYAN, TX 77802",32010797689,00001,08/07/1991,03/31/1992
"CAROUSEL PAPERBACKS, INC.",INACTIVE,4415 S TEXAS AVE,"BRYAN, TX 77802",30119758883,00002,04/01/2009,12/31/2013
CARPE DIEM EDUCATIONAL CONSULTING,INACTIVE,1603 BARAK LN,"BRYAN, TX 77802",32009158307,00003,01/01/2013,03/31/2013
CARPENTER ENTERPRISES,INACTIVE,ELMO WEEDEN ROAD,"BRYAN, TX 77802",32021503415,00001,09/13/1991,04/01/1993
CARPET CARE TIPS,INACTIVE,1300 E 31 ST,"BRYAN, TX 77802",32027764441,00003,11/15/1990,08/31/1992
CARPET CLEANING SERVICE,INACTIVE,3608A MAJOR ST,"BRYAN, TX 77802",32007490223,00001,04/01/1991,03/31/1999
CARRIE RUTH NEAL,INACTIVE,4505 CARTER CREEK PARKWAY #10,"BRYAN, TX 77802",32023623435,00001,03/14/1984,12/25/1986
CARROLL'S,INACTIVE,MANOR EAST MALL,"BRYAN, TX 77802",17416899619,00003,08/02/1976,01/09/1978
CARS FOR LESS,INACTIVE,2213 S TEXAS AVE,"BRYAN, TX 77802",32050158305,00001,02/15/2013,12/31/2013
CARTER VETERINARY SERVICES,INACTIVE,903 ESTHER BLVD,"BRYAN, TX 77802",32009304976,00002,08/20/2007,06/30/2008
CARTER'S BURGERS ACROSS TEXAS,ACTIVE,3105 S TEXAS AVE STE 700,"BRYAN, TX 77802",17426145052,00004,03/01/2006,
CARTER'S BURGERS ACROSS TEXAS,INACTIVE,3109 S TEXAS AVE,"BRYAN, TX 77802",17426145052,00001,11/01/1991,02/28/2006
CARTER'S CREATIONS,INACTIVE,VILLA MARIA,"BRYAN, TX 77802",32005105401,00001,08/13/2002,12/25/2004
CARTRIDGE WORLD,INACTIVE,725 E VILLA MARIA RD STE 1900,"BRYAN, TX 77802",12027221469,00001,10/01/2005,12/31/2016
CASA BLANCA # 2,INACTIVE,4301 BONNEVILLE RD,"BRYAN, TX 77802",32065181367,00003,05/02/2025,
CASA OLE NO 57,ACTIVE,3201 FREEDOM BLVD,"BRYAN, TX 77802",17606086530,00012,07/05/1999,
CASA OLE RESTAURANT & CANTINA,INACTIVE,3201 FREEDOM BLVD,"BRYAN, TX 77802",17425169632,00005,06/01/1997,06/30/1999
CASA OLE RESTAURANT #57,ACTIVE,3201 FREEDOM BLVD,"BRYAN, TX 77802",17600691038,00007,08/01/2000,
CASA OLE' #4057,ACTIVE,3201 FREEDOM BLVD,"BRYAN, TX 77802",32099989207,00011,08/01/2025,
CASA OLE' #4057,ACTIVE,3201 FREEDOM BLVD,"BRYAN, TX 77802",32101095159,00008,09/01/2025,
CASEY AUTOMOTIVE,ACTIVE,710 LAWRENCE ST,"BRYAN, TX 77802",32032915160,00001,08/06/2007,
CASH & CARRYCARPETS,INACTIVE,2707 S TEXAS AVENUE,"BRYAN, TX 77802",32006639077,00008,05/10/1992,07/01/1994
CASH AMERICA PAWN,ACTIVE,1820 S TEXAS AVE,"BRYAN, TX 77802",17524039447,00352,07/21/2013,
CASH AMERICA PAWN,ACTIVE,3807 S TEXAS AVE,"BRYAN, TX 77802",17524039447,00348,07/21/2013,
CASH AMERICA PAWN,ACTIVE,3511 S TEXAS AVE,"BRYAN, TX 77802",17524039447,00274,03/01/2007,
CASH AMERICA PAWN OF BRYAN #1,INACTIVE,3807 S TEXAS AVE,"BRYAN, TX 77802",17524039447,00010,01/01/1992,03/31/2010
CASH AMERICA PAWN OF BRYAN #1,INACTIVE,3807 SO TEXAS AVE,"BRYAN, TX 77802",17424982746,00015,04/01/1988,12/31/1991
CASH AMERICA PAWN OF BRYAN #2,INACTIVE,1820 TEXAS AVE,"BRYAN, TX 77802",17424982746,00016,05/01/1988,12/31/1991
CASH AMERICA PAWN OF BRYAN #2,INACTIVE,1820 S TEXAS AVE,"BRYAN, TX 77802",17524039447,00011,01/01/1992,06/30/1997
CASH FOOD MARKET,INACTIVE,200 MARTIN LUTHER KING BLVD,"BRYAN, TX 77802",17427211184,00001,10/01/1994,09/09/1998
CASH IN ADVANCE,INACTIVE,816 VILLA MARIA E,"BRYAN, TX 77802",17427790971,00002,08/27/2001,09/30/2001
CASH IN ADVANCE INC,INACTIVE,814 E VILLA MARIA RD,"BRYAN, TX 77802",17429570611,00019,07/01/2001,06/30/2002
CASH IN ADVANCE OF FLORIDA INC #64,INACTIVE,814 E VILLA MARIA RD,"BRYAN, TX 77802",15937002820,00013,07/01/2002,01/30/2009
CASH IN ADVANCE OF FLORIDA INC #68,INACTIVE,1402 S TEXAS AVE,"BRYAN, TX 77802",15937002820,00015,07/01/2002,07/31/2008
CASH PLUS,INACTIVE,219 N MAIN,"BRYAN, TX 77802",32029517680,00009,11/01/2000,06/20/2001
CASHMARK FERTILIZER CO,INACTIVE,3803 CARTER CREEK,"BRYAN, TX 77802",32033019558,00001,04/10/1973,06/30/1976
CASIANO ELECTRIC,INACTIVE,4122 WARWICK LN,"BRYAN, TX 77802",32014958378,00002,10/01/2014,09/30/2016
CASTILLO'S LAWN & IRRIGATION,INACTIVE,2301 BROADMOOR DR APT 223,"BRYAN, TX 77802",32008340468,00001,01/01/2000,09/30/2000
CASTILLO'S LAWN & IRRIGATION,INACTIVE,4404 WINCHESTER DR,"BRYAN, TX 77802",32008340468,00003,07/01/2001,09/30/2011
"CASTILLO'S LAWN AND IRRIGATION, LLC",INACTIVE,4404 WINCHESTER DR,"BRYAN, TX 77802",32044731811,00001,09/01/2011,10/31/2015
CASTLE MENDERS,INACTIVE,4104 MEADOWBROOK DR,"BRYAN, TX 77802",32008403589,00002,01/01/2007,12/31/2008
CASTORIA PLUMBING & HEATING CO,INACTIVE,2319 WINDSOR DR,"BRYAN, TX 77802",32008683776,00001,01/01/1988,12/31/2013
CAT SERVICES,INACTIVE,603A CACHE COVE,"BRYAN, TX 77802",32029412841,00002,01/01/1990,01/01/1990
CATCH-A-GLIMPSE DESIGNS,INACTIVE,2509 TWISTED OAKS DR,"BRYAN, TX 77802",30115352749,00001,09/17/1992,12/31/1993
CATCH-ALL TACKLE,INACTIVE,2301 BROADMOOR DR,"BRYAN, TX 77802",32005877371,00003,01/01/1995,12/31/2008
CATERING BY MARK,INACTIVE,3531A MIDWEST DR,"BRYAN, TX 77802",32012343425,00001,09/18/2003,03/31/2009
CATES CLOSET,ACTIVE,4775 CONCORDIA DR,"BRYAN, TX 77802",32098315578,00001,03/26/2025,
CATES MASONARY SUPPLY,INACTIVE,706 EDGEMORE,"BRYAN, TX 77802",32029574913,00001,09/22/1993,12/15/1994
CATHERINE LESTER,INACTIVE,3700 ELLIOTT ST # A,"BRYAN, TX 77802",32029337295,00001,04/07/1994,12/26/1995
CATHOLIC BOOKS & GIFTS,INACTIVE,4413 S TEXAS AVE,"BRYAN, TX 77802",32007585428,00005,10/01/2000,10/31/2002
CATHY NASH INTERIORS,INACTIVE,2402 BROADMOOR DR STE D1-101,"BRYAN, TX 77802",32007947545,00002,08/30/2001,12/31/2007
CATTLESOFT INC,INACTIVE,2300 BROADMOOR DR APT 37,"BRYAN, TX 77802",17429653102,00002,09/01/2000,06/30/2002
CATWALK SALON,ACTIVE,1877 BRIARCREST DR,"BRYAN, TX 77802",32039146942,00001,07/20/2009,
CAULDER'S ANGELS,INACTIVE,810 N ROSEMARY DR,"BRYAN, TX 77802",32028337775,00001,08/28/1995,01/01/1996
CAVITT STREET GRILL,INACTIVE,2305A CAVITT ST,"BRYAN, TX 77802",32022623642,00002,07/01/1988,07/01/1993
CB DISCOUNT SALES,INACTIVE,1003 WINDOWMERE,"BRYAN, TX 77802",32005141968,00002,05/17/1976,03/31/1977
"CBRE, INC.",INACTIVE,1716 BRIARCREST DR,"BRYAN, TX 77802",19527431746,00065,11/01/2008,12/31/2015
CCA OF BRAZOS VALLEY,INACTIVE,3232 BRIARCREST DR,"BRYAN, TX 77802",17419844828,00014,03/09/2006,03/09/2006
CCA OF BRAZOS VALLEY,INACTIVE,3232 BRIARCREST DR,"BRYAN, TX 77802",17419844828,00014,04/13/2007,04/13/2007
CDJ CAREER APPAREL LLC,ACTIVE,4001 E 29TH ST STE 103,"BRYAN, TX 77802",18707407716,00001,03/01/2005,
CECILE LOUDAT,INACTIVE,4740 BROMPTON LN,"BRYAN, TX 77802",32026000490,00001,10/01/1999,08/31/2001
"CEESMART, L.L.C.",ACTIVE,801 DELLWOOD ST STE 100 C/O 231,"BRYAN, TX 77802",32048502150,00003,12/01/2021,
CEILING MASTER,INACTIVE,720 LAZY LN,"BRYAN, TX 77802",32021601268,00002,01/01/1996,09/30/1997
CELEBRATIONS BY DANIELLE,INACTIVE,4306 GREEN VALLEY DR,"BRYAN, TX 77802",32031714630,00001,11/01/1996,12/31/1996
CELEBRATIONS!,INACTIVE,4102 TANGLEWOOD DR,"BRYAN, TX 77802",32031413860,00002,05/01/1992,12/31/1998
CELERITY INC,INACTIVE,3705 E 29TH ST,"BRYAN, TX 77802",17422189476,00004,08/19/1993,12/01/1993
CELERITY INC,INACTIVE,1910 GREENFIELD PLAZA,"BRYAN, TX 77802",17422189476,00002,11/01/1988,12/31/1992
CELL NATION HOUSTON 1,ACTIVE,3610 E 29TH ST,"BRYAN, TX 77802",32051625393,00002,10/01/2013,
CELL NET,INACTIVE,726 E VILLA MARIA RD,"BRYAN, TX 77802",10206694894,00002,11/10/2003,08/01/2004
"CELLULAR SALES OF TEXAS, LLC",ACTIVE,3210 S TEXAS AVE,"BRYAN, TX 77802",12042180526,00053,11/01/2010,
CEN-TEX AUCTIONEERING SERVICE,INACTIVE,3604-A ELLIOTT,"BRYAN, TX 77802",32005646545,00005,07/30/1990,09/30/1991
CEN-TEX FIRE AND SAFETY,INACTIVE,206 GORDON,"BRYAN, TX 77802",30005244121,00001,11/01/1980,12/31/1980
CENTENNIAL ARTS CORPORATION,ACTIVE,1716 BRIARCREST DR STE 300,"BRYAN, TX 77802",32045087056,00001,01/01/2012,
CENTER STAGE PRODUCTIONS,INACTIVE,1673 BRIARCREST DR STE A105,"BRYAN, TX 77802",32042334873,00001,08/01/2010,12/31/2018
CENTER STAGE PRODUCTIONS,INACTIVE,1673 BRIARCREST DR STE A105,"BRYAN, TX 77802",12601229920,00001,05/03/2005,07/31/2010
CENTRAL CYCLE & SUPPLY,INACTIVE,3505 E 29TH ST,"BRYAN, TX 77802",17417299579,00001,01/01/1973,09/30/1989
CENTRAL GLASS & MIRRORS,INACTIVE,678 MARINO RD,"BRYAN, TX 77802",32025868749,00003,04/01/1992,12/31/1992
CENTRAL TEXAS AIR COND COMPANY,INACTIVE,1910 GREENFIELD PLAZA,"BRYAN, TX 77802",17414737407,00001,09/01/1963,12/31/1987
CENTRAL TEXAS AIR CONDITIONING SER,INACTIVE,1910 GREENFIELD PLAZA,"BRYAN, TX 77802",17416794067,00001,03/01/1971,03/31/1991
CENTRAL TEXAS AIR-CONDITIONING SERVICE,INACTIVE,1910A GREENFIELD PLZ,"BRYAN, TX 77802",17416794067,00003,04/01/1993,03/01/2020
CENTRAL TEXAS ARCHITECTURAL COMPONENTS,INACTIVE,700 FINFEATHER,"BRYAN, TX 77802",30114360149,00001,08/01/1991,04/01/1994
CENTRAL TEXAS COMMERCIAL CONSTRUCTION,INACTIVE,801 DELLWOOD ST STE 100,"BRYAN, TX 77802",32056207866,00001,03/01/2015,12/31/2023
CENTRAL TEXAS COMMERCIAL CONSTRUCTION LLC,INACTIVE,801 DELLWOOD ST STE 100,"BRYAN, TX 77802",32064302436,00001,01/01/2016,03/31/2016
"CENTRAL TEXAS ENDOSCOPY CENTER, LLC",ACTIVE,2206 E VILLA MARIA RD,"BRYAN, TX 77802",32038587898,00001,01/01/2009,
CENTRAL TEXAS HARDWARE INC,INACTIVE,2502 RIVER FOREST DR,"BRYAN, TX 77802",17418677435,00004,10/01/1987,12/31/1995
CENTRAL TEXAS HEART CENTER,INACTIVE,2801 3 29TH ST #113,"BRYAN, TX 77802",17425428582,00001,01/01/1987,12/31/1991
CENTRAL TEXAS HEART CENTER PLLC,INACTIVE,2700 E 29TH ST STE 220,"BRYAN, TX 77802",17425428582,00002,09/01/2015,12/30/2016
"CENTRAL TEXAS ORTHOTICS & PROSTHETICS, LP",ACTIVE,2112 E VILLA MARIA RD,"BRYAN, TX 77802",17429782232,00002,10/01/2010,
CENTRAL TEXAS SERVICES INC,INACTIVE,3723 E 29TH ST STE 101,"BRYAN, TX 77802",17427139724,00001,07/15/1994,12/31/1996
CENTRAL TEXAS TOWNCRAFT,INACTIVE,3902 OLD OAKS DR,"BRYAN, TX 77802",32007345633,00008,04/01/1988,08/31/1991
CENTURION TELEPHONE SYSTEMS INC,INACTIVE,3131 BRIARCREST STE 103,"BRYAN, TX 77802",17422767818,00005,08/15/1983,07/31/1984
CENTURION TELEPHONE SYSTEMS INC,INACTIVE,1809 NORTHEAST BYPASS,"BRYAN, TX 77802",17422767818,00001,05/17/1983,08/14/1983
CENTURY BOOK STORE,INACTIVE,VILLA MARIA RD MANOR E SHPG CTR,"BRYAN, TX 77802",17509244780,00006,12/09/1971,06/30/1974
CENTURY BOOKSTORE #3,INACTIVE,VILLA MARIA RD MANOR SHOP CTR,"BRYAN, TX 77802",17513988992,00007,07/01/1974,12/31/1975
CERAMICS & THINGS,INACTIVE,3535 PLAINSMAN - A-1,"BRYAN, TX 77802",32026496219,00001,04/01/1986,12/31/1988
CERAMICS BY SHARON,INACTIVE,603 AVONDALE,"BRYAN, TX 77802",32022115730,00001,04/02/1982,05/15/1983
CESSNA LANDSCAPING & IRRIGATION,INACTIVE,4109 WARWICK LN,"BRYAN, TX 77802",32014547270,00001,04/01/2004,02/07/2007
CG FROGS,INACTIVE,1308 BRISTOL ST,"BRYAN, TX 77802",32095023282,00001,05/18/2024,09/30/2024
CHAMOFROG,INACTIVE,1114 EDGEWOOD DR,"BRYAN, TX 77802",32069420373,00001,02/16/2019,12/31/2024
CHAMPION CONSTRUCTION & WELDING,INACTIVE,2812 VILLAGE DR,"BRYAN, TX 77802",32009819791,00001,08/05/1998,12/25/2013
CHAMPION INNOVATIONS INC,INACTIVE,2601 S TEXAS AVE,"BRYAN, TX 77802",12002440084,00001,04/01/2004,12/31/2005
CHAMPION MARKETING SOLUTIONS,INACTIVE,1716 BRIARCREST DR FL 3,"BRYAN, TX 77802",32083288632,00001,03/03/2022,
CHAO YAN INC,ACTIVE,725 E VILLA MARIA RD,"BRYAN, TX 77802",32058959258,00001,01/01/2016,
CHAPMAN SUPPLIERS,INACTIVE,3605 OAKHILL,"BRYAN, TX 77802",32024174743,00001,02/13/1991,01/05/1992
CHAPMAN'S PAINT & WALLPAPER CO,INACTIVE,1700 VILLA MARIA,"BRYAN, TX 77802",32004907856,00002,01/01/1973,11/30/1975
CHAPMAN'S PAINT COMPANY,INACTIVE,1700 E VILLA MARIA RD,"BRYAN, TX 77802",32047693935,00001,07/01/2012,08/30/2020
CHAPMAN'S PAINT COMPANY,INACTIVE,1700 E VILLA MARIA RD,"BRYAN, TX 77802",17409148735,00003,07/02/2001,08/01/2024
CHAPMANS PAINT & WALLPAPPER CO,INACTIVE,1700 E VILLA MARIA RD,"BRYAN, TX 77802",17418970491,00001,01/01/1977,06/30/2001
CHARIS COMPUTER SERVICES,INACTIVE,108 N BREWER DR,"BRYAN, TX 77802",32010685165,00003,11/01/2005,12/31/2009
CHARIS CREATIONS,INACTIVE,INT FM 1179 AT OLD RELIANCE CHURCH RD,"BRYAN, TX 77802",30115352624,00001,08/20/1992,01/01/1994
"CHARLES & SUE'S SCHOOL OF HAIR DESIGN, INC.",ACTIVE,1711 BRIARCREST DR,"BRYAN, TX 77802",17419292416,00002,07/01/1979,
CHARLES BRADBURY,INACTIVE,3780 COPPERFIELD DR,"BRYAN, TX 77802",32043238065,00001,01/01/2010,12/31/2016
"CHARLES K. PEIRCE, M.D.",INACTIVE,3201 UNIVERSITY DR E STE 370,"BRYAN, TX 77802",17427807106,00001,06/30/2005,06/30/2005
CHARLES MOREAU ENTERPRISES,INACTIVE,2402 BROADMOOR DR # 105,"BRYAN, TX 77802",32006709235,00001,12/15/1995,02/28/1999
CHARLES V DRODDY PE,INACTIVE,3603 OLD OAKS DR,"BRYAN, TX 77802",32042898240,00001,11/01/2010,12/31/2011
CHARLES V MANCUSO,INACTIVE,2106 MALONEY,"BRYAN, TX 77802",32029744797,00001,05/01/1991,06/30/1995
CHARLES WATSON LANDSCAPE SERVICES,INACTIVE,1120 TERRACE DR,"BRYAN, TX 77802",32023553095,00001,04/01/1994,06/30/1994
CHARLIE PAYNE INSURANCE ADJUSTER,INACTIVE,TREEBROOK LN,"BRYAN, TX 77802",32032222559,00001,04/01/1992,09/30/1992
CHARLIE'S BOOTS,INACTIVE,2920 #C EAST BYPASS,"BRYAN, TX 77802",30009498806,00001,10/01/1985,01/31/1987
CHARLOTTE L PADDACK,INACTIVE,900 S GORDON ST,"BRYAN, TX 77802",32007579777,00002,03/05/2008,06/30/2008
CHARLOTTE PADDACK,INACTIVE,2601 BARAK LN,"BRYAN, TX 77802",32007579777,00003,07/01/2008,09/30/2008
CHARLOTTE PRICE,INACTIVE,704 N ROSEMARY DR,"BRYAN, TX 77802",32024128186,00002,01/01/1994,01/01/1998
CHARTONE INC,INACTIVE,2801 FRANCISCAN DR,"BRYAN, TX 77802",19433606910,00070,09/01/2004,11/30/2009
CHASE ENTERPRISES,ACTIVE,4714 WESTMINSTER DR,"BRYAN, TX 77802",32007734687,00004,09/01/2017,
CHASE ENTERPRISES,INACTIVE,4714 WESTMINSTER DR,"BRYAN, TX 77802",32007734687,00003,11/01/1995,12/25/2009
CHASE ENTERPRISES,INACTIVE,5545 SOMERFORD,"BRYAN, TX 77802",32007734687,00001,08/09/1991,12/31/1994
CHASING THE STARS,INACTIVE,4102 TANGLEWOOD DR,"BRYAN, TX 77802",32031413860,00003,09/08/2011,12/25/2013
CHECK WORTHY INC,INACTIVE,1911 TEXAS AVENUE,"BRYAN, TX 77802",17422991020,00001,04/01/1985,12/31/1986
CHECKPOINT CLOTHING LLC,INACTIVE,2106 BARAK LN,"BRYAN, TX 77802",18002551184,00001,04/03/2009,06/30/2010
CHEER GEAR,INACTIVE,3702 OLD OAKS DR,"BRYAN, TX 77802",32004311281,00001,04/01/2002,09/30/2004
CHEF CAO'S,INACTIVE,3105 S TEXAS AVE # 500,"BRYAN, TX 77802",12003895864,00003,01/15/2006,01/01/2012
CHEF CAO'S CHINESE RESTAURANT,INACTIVE,3105 S TEXAS AVE STE 500,"BRYAN, TX 77802",32060435925,00001,05/14/2016,03/31/2017
CHEF CAO'S CHINESE RESTAURANT II,INACTIVE,3105 S TEXAS AVE STE 500,"BRYAN, TX 77802",32046337187,00001,01/01/2012,05/01/2016
CHELSEA KRUCIAK,INACTIVE,3780 COPPERFIELD DR APT 1125,"BRYAN, TX 77802",32064775870,00001,10/16/2017,01/01/2018
CHEM-DRY OF BRAZOS COUNTY,INACTIVE,710 E VILLA MARIA RD,"BRYAN, TX 77802",32008669270,00001,04/01/1991,08/31/2002
CHERISHED IMAGES,INACTIVE,2122 KAZMEIER PLZ,"BRYAN, TX 77802",32020088756,00001,07/01/2006,12/31/2006
CHEROKEE CUSTOM LEATHER CRAFT,INACTIVE,3601 TANGLEWOOD,"BRYAN, TX 77802",32030856630,00001,08/29/1985,03/31/1988
CHERRY WINKLE MOORE,INACTIVE,2102 QUAIL HOLLOW DR,"BRYAN, TX 77802",32012947811,00002,01/01/2004,12/25/2010
CHERYL GUYER,INACTIVE,2300 BROADMOOR DR APT 99,"BRYAN, TX 77802",32022006624,00001,10/10/1994,12/31/1995
CHIC CHOCOLATES LLC,INACTIVE,3608 E 29TH ST STE 111,"BRYAN, TX 77802",32038324482,00002,11/11/2008,06/30/2009
CHIC-FIL-A AT BRYAN,INACTIVE,2210 BRIARCREST DR,"BRYAN, TX 77802",32004531789,00002,10/01/1996,12/31/2014
CHICK-FIL-A AT BRYAN FSR,INACTIVE,2210 BRIARCREST DR,"BRYAN, TX 77802",15809415829,00316,06/01/2018,11/30/2018
CHICK-FIL-A AT BRYAN FSU,INACTIVE,2210 BRIARCREST DR,"BRYAN, TX 77802",32055162252,00001,01/01/2015,05/31/2018
CHICKS,INACTIVE,600 N EARL RUDDER FWY,"BRYAN, TX 77802",32048390101,00001,02/15/2013,03/30/2014
CHIKIS ROPA USADA,INACTIVE,818 E VILLA MARIA RD,"BRYAN, TX 77802",32041811558,00001,05/17/2010,03/31/2011
CHILDBLOOM GUITAR PROGRAM I,INACTIVE,5700 CHELSEA CIR,"BRYAN, TX 77802",32031380275,00001,10/27/1997,12/31/2000
CHILDREN'S RESALE WEARHOUSE,INACTIVE,3803 S TEXAS AT BRODMOOR,"BRYAN, TX 77802",32031241071,00001,08/01/1987,12/31/1988
CHILL OUT SNO CONES,INACTIVE,1409 S TEXAS AVE,"BRYAN, TX 77802",32006959590,00003,07/01/1995,12/31/1996
CHILL OUT SNOW CONES,INACTIVE,1409 S TEXAS AVE,"BRYAN, TX 77802",32006959590,00006,05/25/1997,06/30/1998
"CHILLY WILLY'S HAWAIIAN ICE, LLC",INACTIVE,2604 MELBA CIR,"BRYAN, TX 77802",32060833897,00003,07/01/2017,12/31/2017
CHILTON ACCOUNTS RECEIVABLE MGMT,INACTIVE,3130 E 29TH ST STE A-155,"BRYAN, TX 77802",17512786991,00059,01/01/1988,06/20/1989
CHINA GARDEN,INACTIVE,2901 S TEXAS AVE,"BRYAN, TX 77802",17427384965,00001,04/01/1995,09/16/2004
CHINA GARDEN,INACTIVE,2901 S TEXAS AVE,"BRYAN, TX 77802",32029047274,00002,04/01/1991,03/21/1995
CHINA HUT,INACTIVE,MANOR EAST MALL,"BRYAN, TX 77802",32032403910,00004,12/01/1985,12/31/1985
CHINA HUT,INACTIVE,803 S MAIN,"BRYAN, TX 77802",32032403910,00003,12/01/1985,12/31/1985
CHINA LIGHT RESTAURANT,INACTIVE,1673 BRIARCREST DR # 108,"BRYAN, TX 77802",32028209321,00004,06/01/1993,04/30/1997
CHINA WOK EXPRESS,INACTIVE,612 E VILLA MARIA RD,"BRYAN, TX 77802",32044598467,00001,07/12/2011,12/31/2019
CHINA WOK EXPRESS INC,INACTIVE,612 E VILLA MARIA RD,"BRYAN, TX 77802",17606444234,00001,08/01/2000,12/31/2006
CHINOWORLD CORP,INACTIVE,3609B CHOCTAW ST,"BRYAN, TX 77802",17426885152,00001,11/24/1993,12/31/1995
CHOICE HOME CARE,INACTIVE,3201 UNIVERSITY DR E STE 365,"BRYAN, TX 77802",17427657295,00001,08/25/2002,06/30/2008
CHOICE HOME CARE,INACTIVE,3201 UNIVERSITY DR E STE 475,"BRYAN, TX 77802",17427657295,00002,07/01/2008,06/30/2010
CHOICEPOINT SERVICES INC,INACTIVE,4103 S TEXAS AVE STE 205,"BRYAN, TX 77802",15812761680,00042,10/01/1987,12/31/1998
CHP ISLE AT WATERCREST-BRYAN TX TENANT CORP,INACTIVE,4901 EASTCHESTER DR,"BRYAN, TX 77802",32052209692,00001,10/01/2014,10/01/2014
CHP ISLE AT WATERCREST-BRYAN TX TENANT CORP,INACTIVE,4901 EASTCHESTER DR,"BRYAN, TX 77802",32052209692,00001,01/01/2015,01/01/2015
CHP ISLE AT WATERCREST-BRYAN TX TENANT CORP,INACTIVE,4901 EASTCHESTER DR,"BRYAN, TX 77802",32052209692,00001,04/01/2015,04/01/2015
CHP ISLE AT WATERCREST-BRYAN TX TENANT CORP,INACTIVE,4901 EASTCHESTER DR,"BRYAN, TX 77802",32052209692,00001,07/01/2015,07/01/2015
CHP ISLE AT WATERCREST-BRYAN TX TENANT CORP,INACTIVE,4901 EASTCHESTER DR,"BRYAN, TX 77802",32052209692,00001,10/01/2015,10/01/2015
CHP ISLE AT WATERCREST-BRYAN TX TENANT CORP,ACTIVE,4901 EASTCHESTER DR,"BRYAN, TX 77802",32052209692,00001,12/31/2015,
CHRIS ACCESORIES,INACTIVE,2514 PECAN RIDGE DR,"BRYAN, TX 77802",32041742472,00001,07/01/2010,12/25/2011
CHRISCRAFT,INACTIVE,3511 OAK HOLLOW DR,"BRYAN, TX 77802",32007159042,00001,07/15/2002,06/25/2008
CHRISTENSEN'S CREATIONS,INACTIVE,733 EAGLE PASS ST,"BRYAN, TX 77802",32009904916,00001,05/18/1994,09/30/2014
CHRISTIAN AWARDS OF AMERICA,ACTIVE,3705 HOLLY DR,"BRYAN, TX 77802",32055063302,00001,11/22/2022,
CHRISTIAN BROTHERS REAL ESTATE,INACTIVE,1716 BRIARCREST DR FL 3,"BRYAN, TX 77802",32070294783,00001,04/08/2019,12/31/2019
CHRISTIAN HEARTS PUBLISHING,INACTIVE,2612A PECAN RIDGE DR,"BRYAN, TX 77802",32018559685,00005,04/03/2009,12/25/2012
CHRISTINA LOFTS,INACTIVE,801 DELLWOOD ST STE 221,"BRYAN, TX 77802",32038729409,00001,04/01/2009,06/30/2010
CHRISTINE AMIS,INACTIVE,3500 S TEXAS AVE,"BRYAN, TX 77802",32025895908,00001,07/05/1996,07/05/1996
CHRISTINE'S CAKE CREATION-DECORATING & SUPPLIES,INACTIVE,4106 STILLMEADOW,"BRYAN, TX 77802",30115353903,00001,04/01/1993,12/31/1993
CHRISTOPHER DESIGNS,INACTIVE,3708 E 29TH ST # 216,"BRYAN, TX 77802",32006218997,00005,01/01/2014,12/25/2018
CHRISTOPHER DESIGNS,INACTIVE,3725 E 29TH,"BRYAN, TX 77802",32006218997,00002,01/01/1984,07/31/1988
CHRISTOPHER DESIGNS,INACTIVE,2365 W BRIARGATE DR,"BRYAN, TX 77802",32006218997,00001,05/11/1981,04/01/1992
CHRISTOPHER HOAK,INACTIVE,1919 B PINE TREE,"BRYAN, TX 77802",32032307301,00001,11/06/1992,12/31/1992
CHRISTOPHER'S WORLD GRILLE,ACTIVE,5001 BOONVILLE RD,"BRYAN, TX 77802",17428814291,00001,01/01/1999,
CHRISTUS DUBUIS HOSPITAL BRYAN,ACTIVE,1600 JOSEPH DR FL 2,"BRYAN, TX 77802",12515634827,00037,01/01/2014,
CHRISTY'S FLOWERS & GIFTS,INACTIVE,3601 E 29TH ST #2,"BRYAN, TX 77802",32026830441,00003,07/01/1988,10/29/1988
CHRISTY'S FLOWERS & GIFTS,INACTIVE,4001 EAST 29TH SUITE 107,"BRYAN, TX 77802",32026830441,00002,09/01/1985,06/30/1988
CHRISTY'S HALLMARK CARD SHOP,INACTIVE,725 E VILLA MARIA RD # B104,"BRYAN, TX 77802",17417374323,00029,03/01/2001,09/30/2010
CHRISTY'S HALLMARK CARD SHOP,INACTIVE,MANOR EAST MALL,"BRYAN, TX 77802",17417374323,00007,07/01/1975,03/01/2001
CHUBBY'S MEAT WAGON,INACTIVE,2314 CARTER CREEK PKWY,"BRYAN, TX 77802",32054971695,00001,09/15/2014,03/30/2017
CHUBBY'S PUBLIC HOUSE,ACTIVE,3700 S TEXAS AVE,"BRYAN, TX 77802",32082401459,00001,05/28/2022,
CHUCHITAS CLOSET,ACTIVE,2609 S TEXAS AVE,"BRYAN, TX 77802",32099844220,00001,06/01/2025,
CHUCKSTIRS CHICKEN,INACTIVE,2529 PINON CT,"BRYAN, TX 77802",32042071012,00001,06/18/2010,12/31/2010
CHUN KING RESTAURANT,INACTIVE,1673B #108 BRIARCREST DR,"BRYAN, TX 77802",32022905551,00002,11/01/1986,05/12/1993
CHURCH'S CHICKEN #295,INACTIVE,3207 S TEXAS AVE,"BRYAN, TX 77802",17430182687,00050,01/01/2002,11/30/2014
CHURCH'S FRIED CHICKEN #1497,INACTIVE,512 VILLA MARIA,"BRYAN, TX 77802",17415072705,00413,08/19/1985,03/31/1989
CHURCH'S FRIED CHICKEN OF BRYAN #295,INACTIVE,3207 S TEXAS AVENUE,"BRYAN, TX 77802",17415072705,00095,02/02/1971,12/31/1992
CHURCH'S FRIED CHICKEN OF BRYAN #295,INACTIVE,3207 S TEXAS AVE,"BRYAN, TX 77802",15820166062,00066,01/01/1993,12/31/2001
CHUTES AWAY!,INACTIVE,3722 VALLEY OAKS DR,"BRYAN, TX 77802",32008687835,00001,07/19/2000,12/31/2002
CICI'S PIZZA,INACTIVE,1901 S TEXAS AVE,"BRYAN, TX 77802",17430081251,00001,01/02/2002,05/31/2002
CICI'S PIZZA,ACTIVE,2003 S TEXAS AVE,"BRYAN, TX 77802",17430081251,00002,06/01/2002,
CIGARETTES CHEAPER #1622,INACTIVE,3203 FREEDOM BLVD STE 100,"BRYAN, TX 77802",16803656749,00097,07/16/2000,02/28/2004
CINDIES #14,ACTIVE,3700 S TEXAS AVE,"BRYAN, TX 77802",32034208085,00001,02/01/2008,
CINDY DEWITT,INACTIVE,4617 KENSINGTON,"BRYAN, TX 77802",32029413617,00001,06/20/1991,07/01/1994
CINGULAR WIRELESS,INACTIVE,1801 BRIARCREST DR,"BRYAN, TX 77802",17422874341,00093,07/01/2002,07/31/2006
CINGULAR WIRELESS,INACTIVE,1801 BRIARCREST DR,"BRYAN, TX 77802",16407584867,00001,09/01/2001,06/30/2002
CIRCLE F RIDING EQUIPMENT,INACTIVE,3906 STILLMEADOW DR,"BRYAN, TX 77802",32006423373,00003,01/11/1994,06/30/1995
CIRCLE K #2740560,ACTIVE,4609 E 29TH ST,"BRYAN, TX 77802",17417014663,00012,12/16/1988,
CIRCLE K FOOD STORE #3314,INACTIVE,3900 EAST 29TH,"BRYAN, TX 77802",14701544059,00461,01/01/1979,02/01/1988
CIRCLE K FOOD STORE #3332,INACTIVE,2613 EAST 29TH ST,"BRYAN, TX 77802",14701544059,00478,01/01/1979,02/01/1988
CIRCLE K FOOD STORE #3351,INACTIVE,3401 EAST HWY 21,"BRYAN, TX 77802",14701544059,00562,05/01/1981,05/31/1993
CIRCLE K FOOD STORE #3351,INACTIVE,3401 EAST HWY 21,"BRYAN, TX 77802",17411495405,00670,06/01/1993,05/25/1999
CIRCLE K STORE #3351,INACTIVE,3401 EAST HWY 21,"BRYAN, TX 77802",17416967853,00715,08/01/1988,10/30/1999
CIRCLE KJ BUILDERS,INACTIVE,2404 BRIAR OAKS DR,"BRYAN, TX 77802",32049650511,00001,09/03/2003,06/30/2004
CIRCLE L,INACTIVE,4012 STILLMEADOW DR,"BRYAN, TX 77802",32007854857,00001,10/01/2000,09/20/2001
CISSY'S SHEAR INSPIRATION,INACTIVE,704 N ROSEMARY DR,"BRYAN, TX 77802",32027646911,00001,01/01/1995,06/30/1999
CISSY'S SHEAR INSPIRATION STYLING SALON,INACTIVE,704 N ROSEMARY,"BRYAN, TX 77802",30113610221,00001,10/30/1989,12/31/1994
CITI TRENDS #341,ACTIVE,2104 S TEXAS AVE STE 300,"BRYAN, TX 77802",15221506973,00032,07/01/2007,
CITIBANK NATIONAL ASSOCIATION,INACTIVE,1718 BRIARCREST DR,"BRYAN, TX 77802",11352664707,00005,05/01/2008,02/01/2019
CITIBANK NATIONAL ASSOCIATION,INACTIVE,4001 E 29TH ST STE 120,"BRYAN, TX 77802",11352664707,00137,05/01/2008,04/30/2023
CITIBANK NATIONAL ASSOCIATION,INACTIVE,1111 BRIARCREST DR,"BRYAN, TX 77802",11352664707,00073,05/01/2008,04/30/2023
CITIBANK NATIONAL ASSOCIATION,INACTIVE,2800 S TEXAS AVE,"BRYAN, TX 77802",11352664707,00072,05/01/2008,04/30/2023
CITIBANK NATIONAL ASSOCIATION,INACTIVE,1660 BRIARCREST DR,"BRYAN, TX 77802",11352664707,00013,05/01/2008,05/01/2023
CITIFINANCIAL INC,INACTIVE,4001 E 29TH ST,"BRYAN, TX 77802",15613008794,00262,08/01/2004,08/31/2012
CITIFINANCIAL INC,INACTIVE,3410 E 29TH ST,"BRYAN, TX 77802",15613008794,00145,03/01/1999,06/30/1999
CITIZENS BANK,ACTIVE,3111 UNIVERSITY DR E,"BRYAN, TX 77802",17514832520,00016,09/14/2009,
CITY OF STYLE,INACTIVE,2008 S TEXAS AVE,"BRYAN, TX 77802",32033528608,00004,09/01/2010,12/31/2010
CITY PEST CONTROL,INACTIVE,3005 LOUISIANA ST,"BRYAN, TX 77802",32026753593,00002,06/01/1995,07/01/1997
CITYMAX PAWN,ACTIVE,1710 S TEXAS AVE STE 103A,"BRYAN, TX 77802",32086364836,00002,04/01/2024,
CITYMAX PAWN,ACTIVE,1710 S TEXAS AVE STE 102B,"BRYAN, TX 77802",32086364836,00001,03/08/2023,
CIVES STEEL COMPANY TEXAS DIVISION,INACTIVE,1817 EAST BYPASS 6,"BRYAN, TX 77802",11609558009,00002,04/01/1984,03/31/1986
CLAIRE DE LOON,INACTIVE,1857 BRIARCREST DR,"BRYAN, TX 77802",32054841724,00001,08/18/2014,12/31/2016
"CLAIRE DE LOON, LLC",INACTIVE,1857 BRIARCREST DR,"BRYAN, TX 77802",32048416625,00001,09/01/2012,08/16/2014
CLAIRMONT,INACTIVE,3132 E 29TH ST APT 2,"BRYAN, TX 77802",12608234733,00001,01/01/2007,12/31/2012
CLARA WILLIAMS,INACTIVE,3816 HOLLY DR,"BRYAN, TX 77802",32024360409,00001,01/01/1988,12/31/1998
CLARK A BENSON,ACTIVE,2300 KENT ST,"BRYAN, TX 77802",32066335236,00002,03/09/2020,
CLARK AND WYNDHAM,INACTIVE,3608 E 29TH ST STE 100,"BRYAN, TX 77802",32058783708,00001,09/01/2015,01/31/2017
CLARK AUDIO & VIDEO,INACTIVE,2909 S TEXAS AVE,"BRYAN, TX 77802",32008274378,00001,11/02/1998,10/31/2004
CLARK'S PLANTS,INACTIVE,2300 KENT ST,"BRYAN, TX 77802",32066335236,00001,04/01/2018,01/01/2019
CLASSIC CONSIGNMENTS FURNITURE,INACTIVE,3219 S TEXAS AVE,"BRYAN, TX 77802",32009399034,00003,04/01/2005,10/01/2017
CLASSIC INTERIORS,INACTIVE,3015 GLENEAGLES CT,"BRYAN, TX 77802",32026077001,00001,09/01/1979,03/30/1997
CLASSIC PURITY,INACTIVE,3603 STILLMEADOW DR,"BRYAN, TX 77802",32053520931,00001,05/30/2014,03/31/2023
CLASSICS,INACTIVE,2906 PARTRIDGE CIR,"BRYAN, TX 77802",32008720701,00001,08/15/1996,09/30/2001
CLASSY CACTUS PET GROOMING,INACTIVE,3141 BRIARCREST DR,"BRYAN, TX 77802",32081481304,00001,10/25/2021,07/01/2024
CLAUDETTE WOODALL,INACTIVE,3718 VALLEY OAKS DR,"BRYAN, TX 77802",32008858907,00001,09/15/1993,12/31/2004
CLAWS OF THE BRAZOS VALLEY,INACTIVE,704 NORTH AVE,"BRYAN, TX 77802",32069060104,00001,01/01/2019,12/31/2021
CLAY-HANDIN CATERERS,INACTIVE,1200 CARTER CK,"BRYAN, TX 77802",30003423529,00001,01/21/1978,06/30/1979
CLAY-HANDIN CATERERS,INACTIVE,2614 MELBA CIR,"BRYAN, TX 77802",30003423529,00002,07/01/1979,12/25/1999
CLEAN AS A WHISTLE,INACTIVE,2638 SYMPHONY PARK DR,"BRYAN, TX 77802",32014397668,00001,02/17/2004,05/01/2004
CLEAN FREAK CARPET CARE,INACTIVE,2416A PECAN RIDGE DR,"BRYAN, TX 77802",32044851106,00001,08/15/2011,12/31/2012
CLEAN SWEEP,INACTIVE,5708 TIMBERTON DR,"BRYAN, TX 77802",30116411080,00001,12/01/1994,10/15/1995
CLEANED 4 GOOD,INACTIVE,4107 CARTER CREEK PKWY,"BRYAN, TX 77802",32042080849,00001,04/01/2010,06/30/2012
CLEANTIME,INACTIVE,3602 BE 29TH ST,"BRYAN, TX 77802",17411773496,00007,10/02/1984,03/31/1985
CLEAR AND CLEAN,INACTIVE,1103 DONA,"BRYAN, TX 77802",32031410130,00001,03/29/1990,12/31/1990
CLEAR CHANNEL BROADCASTING,INACTIVE,1730 BRIARCREST DR,"BRYAN, TX 77802",17427228832,00008,09/01/2000,12/31/2005
CLEAR WATER POOL CLEANING COMPANY,INACTIVE,2200 BRIAR OAKS DR,"BRYAN, TX 77802",32004211531,00002,04/01/2002,12/31/2002
CLEAR WATER POOL CLEANING COMPANY,INACTIVE,708 EAGLE PASS ST,"BRYAN, TX 77802",32004211531,00006,09/01/2007,01/30/2016
CLEAR WATER POOL CLEANING COMPANY,INACTIVE,3715 VALLEY OAKS DR,"BRYAN, TX 77802",32004211531,00005,07/01/2005,08/31/2007
CLEAR WATER POOL COMPANY,ACTIVE,708 EAGLE PASS ST,"BRYAN, TX 77802",32058371447,00001,11/01/2015,
CLEARCRAFT DIGITAL LIMITED LIABILITY COMPANY,ACTIVE,3805 RAVENWOOD DR,"BRYAN, TX 77802",32100708331,00001,08/22/2025,
CLEMENT ENTERPRISES,INACTIVE,#2 TIMBERWILDE,"BRYAN, TX 77802",32026353212,00001,08/05/1985,12/31/1988
CLINE SHARPENING SERVICE,INACTIVE,3523 MIDWEST DRIVE,"BRYAN, TX 77802",32030726049,00001,08/01/1990,03/31/1991
CLINTON SEAL,INACTIVE,2807 WILDFLOWER DR APT 35,"BRYAN, TX 77802",32014724051,00004,11/01/2012,12/31/2012
CLM CONSTRUCTION,INACTIVE,4301 S TEXAS AVE STE 103,"BRYAN, TX 77802",32019771883,00001,05/10/2006,06/30/2006
CLM SYSTEMS L L C,INACTIVE,3200 S TEXAS AVE,"BRYAN, TX 77802",32011067231,00001,04/08/2003,12/25/2013
CLO-JO,INACTIVE,1901 S TEXAS AVE,"BRYAN, TX 77802",17418076166,00012,01/01/1992,01/15/1996
CLOTH WORLD BRYAN,INACTIVE,601 VILLA MARIA,"BRYAN, TX 77802",17513606578,00061,04/01/1978,09/30/1994
CLOUD 9 REALITIES,INACTIVE,2502A PECAN RIDGE DR,"BRYAN, TX 77802",32008847595,00001,01/01/1997,06/26/1998
"CLOVERKEY, LLC",ACTIVE,2801 FRANCISCAN DR,"BRYAN, TX 77802",32075532112,00009,03/18/2024,
CLYDE BROTHERS CONST CO,INACTIVE,3711 E 29TH ST,"BRYAN, TX 77802",32025729156,00006,10/01/1977,06/30/1978
CM CREATIONS,INACTIVE,1408 E 28TH ST,"BRYAN, TX 77802",32008565551,00003,02/28/2001,12/31/2004
CNC ENTERPRISES LLC,INACTIVE,4248 BOONVILLE RD,"BRYAN, TX 77802",32045882779,00001,08/20/2012,12/31/2012
COACH CARTOONS,INACTIVE,3780 COPPERFIELD DR APT 632,"BRYAN, TX 77802",32006822251,00003,10/01/1998,09/30/2007
COASTAL MANAGEMENT CORPORATION,INACTIVE,1716 BRIARCREST DR STE 400,"BRYAN, TX 77802",17425460197,00002,06/01/2000,12/31/2000
COBB'S,INACTIVE,2605 VILLA MARIA RD,"BRYAN, TX 77802",32023811949,00001,04/01/1994,04/01/1994
COBBLESTONE DATA SYSTEMS INC,INACTIVE,4444 CARTER CREEK PKWY STE 104,"BRYAN, TX 77802",17427755974,00001,03/06/1996,09/30/1997
COBBLESTONE QUALITY SHOE REPAIR,INACTIVE,3115 TEXAS AVE,"BRYAN, TX 77802",17602133450,00002,03/02/1995,08/31/1997
COBBLESTONE QUALITY SHOE REPAIR,INACTIVE,512 VILLA MARIA,"BRYAN, TX 77802",32009361166,00001,01/13/1992,02/28/1995
COCKTAILS 4 U,INACTIVE,3833 S TEXAS AVE STE 217,"BRYAN, TX 77802",32068326654,00001,11/13/2018,03/31/2021
COCO LOCO SINALOENSE,ACTIVE,1601 S TEXAS AVE,"BRYAN, TX 77802",17530245517,00001,02/11/2002,
COFFEE ZEN COMPANY,INACTIVE,1010 E 31ST ST,"BRYAN, TX 77802",32069791443,00002,02/21/2019,06/30/2019
COIFFURES & WIGS BY JEANETTE,INACTIVE,715 MANOR EAST SHOPPING CENTER,"BRYAN, TX 77802",17416074809,00003,04/01/1971,07/28/1973
COINS AND MORE,INACTIVE,4703 TIFFANY PARK CIR,"BRYAN, TX 77802",32021539641,00004,09/01/2011,12/31/2017
COKER AUCTIONEER,INACTIVE,2416 BOONVILLE RD,"BRYAN, TX 77802",32025415384,00001,06/01/1986,12/31/1986
COLE STOP #2,ACTIVE,4301 BOONVILLE RD,"BRYAN, TX 77802",32083965734,00001,04/25/2022,
COLEMAN L MARSH,INACTIVE,2213 BARAK LN,"BRYAN, TX 77802",32006764784,00004,02/15/1991,12/31/2014
COLETTE FOR KEEPS,INACTIVE,1613 ENLOE CT,"BRYAN, TX 77802",32057763552,00004,02/21/2019,06/24/2021
COLIN D WILLIAMS,INACTIVE,4150 PENDLETON DR,"BRYAN, TX 77802",32058618995,00001,10/23/2015,09/30/2016
COLLEGE MARKETING ASSOCIATES,INACTIVE,2700 WILDFLOWER DR # A,"BRYAN, TX 77802",32005543197,00003,06/19/1997,10/31/2003
COLLEGE PARK VI,INACTIVE,2080 E 29TH ST,"BRYAN, TX 77802",17423525728,00009,10/01/1997,02/28/2002
COLLEGE PAWN,INACTIVE,1820 TEXAS AVE,"BRYAN, TX 77802",17415561236,00060,05/18/1987,04/30/1988
COLLEGE PAWN,INACTIVE,1820 TEXAS AVE,"BRYAN, TX 77802",17415561236,00044,01/11/1985,02/28/1986
COLLEGE REPUBLICANS,INACTIVE,4020 STILLMEADOW DR,"BRYAN, TX 77802",32002884446,00001,10/01/2000,12/31/2000
COLLEGE STATION ELECTRIC,INACTIVE,RT 7 BOX 1320 FM 1179,"BRYAN, TX 77802",17423679962,00004,10/01/1988,03/31/1992
COLLEGE STATION ELECTRIC-RESIDENTIAL,INACTIVE,FM 1179 2 1/2 MI OCL RHS,"BRYAN, TX 77802",17426249912,00002,07/01/1992,06/01/1993
COLLEGE STATION GOLF CENTER,INACTIVE,6025 WALDHAM GROVE LN,"BRYAN, TX 77802",32006698834,00003,11/01/1998,10/30/1999
COLLEGE STATION HEALTHCARE SERVICES INC,INACTIVE,2001 E 29TH ST,"BRYAN, TX 77802",17429370301,00001,02/01/2000,12/31/2002
"COLLEGE STATION OCEAN BUFFET, INC",INACTIVE,2108 ELMWOOD DR,"BRYAN, TX 77802",32055270725,00001,12/05/2014,04/15/2015
COLLEGE THREADS,INACTIVE,2305 E BRIARGATE DR,"BRYAN, TX 77802",32023798963,00001,08/01/1994,12/25/1999
COLLEGIATE COMMONS MANAGEMENT LLC,INACTIVE,3131F E 29TH ST STE 114,"BRYAN, TX 77802",17429922838,00001,04/15/2000,12/31/2001
COLLEGIATE KEEPSAKES LLC,INACTIVE,2802 WOODMEADOW DR,"BRYAN, TX 77802",32062104552,00001,01/01/2017,09/30/2017
COLLEGIATE MEMORIES,INACTIVE,4508 PEMBROOK LN,"BRYAN, TX 77802",32008006929,00002,01/01/2006,12/25/2011
COLLIE-COOPER ENTERPRISES,INACTIVE,740 GARDEN ACRES BLVD,"BRYAN, TX 77802",32030959723,00003,09/01/1993,12/31/2000
COLLIE-COOPER ENTERPRISES,INACTIVE,740 GARDEN ACRES,"BRYAN, TX 77802",32030959723,00001,08/17/1987,12/31/1990
COLLINS SECURITY,INACTIVE,806 VINE,"BRYAN, TX 77802",32025502058,00001,10/01/1987,11/28/1989
COLLINS SECURITY,INACTIVE,2300 AVON,"BRYAN, TX 77802",32025502058,00002,12/01/1989,03/01/1992
COLLINS SMALL ARMS COMPANY,INACTIVE,818 E VILLA MARIA RD,"BRYAN, TX 77802",32008313226,00002,04/01/1999,10/01/2002
COLLISON RESEARCH ASSOCIATES,INACTIVE,1805B BRIAR OAKS DR,"BRYAN, TX 77802",32006411220,00002,07/01/1999,07/01/2000
COLONIAL PRODUCTIONS,INACTIVE,2508 OAK CIRCLE,"BRYAN, TX 77802",17422957609,00002,01/01/1987,12/31/1987
COLORCRAFT CORP #6761,INACTIVE,3001 S TEXAS AVENUE,"BRYAN, TX 77802",15608890115,00067,10/01/1981,09/30/1983
COLORTYME,INACTIVE,1300 TEXAS AVE,"BRYAN, TX 77802",17423784838,00002,11/01/1987,03/01/1995
COLORTYME,INACTIVE,1123 EAST VILLA MARIA,"BRYAN, TX 77802",30010006994,00010,04/01/1987,10/31/1987
COLTON RHODES LAWN SERVICE,ACTIVE,1204 BRISTOL ST,"BRYAN, TX 77802",32047989069,00001,05/15/2012,
COLUMNS PLUS INC,INACTIVE,2702 WILDFLOWER,"BRYAN, TX 77802",17423011166,00001,03/15/1984,12/31/1987
"COMCAPP QUAIL HOLLOW, LLC",INACTIVE,3535 PLAINSMAN LN,"BRYAN, TX 77802",32060804245,00001,08/01/2016,08/01/2016
COMFORT ZONE,INACTIVE,1500 HARVEY RD (KIOSK IN POST OAK MALL),"COLLEGE STATION, TX 77802",32009991285,00004,10/03/2002,12/31/2002
COMMERCIAL CLEANING SOLUTIONS,INACTIVE,3520 GREEN RIDGE CIR,"BRYAN, TX 77802",32012450352,00001,10/02/2003,12/31/2007
COMMERCIAL CREDIT CORP,INACTIVE,701-A VILLA MARIE ROAD,"BRYAN, TX 77802",15202784961,00045,04/01/1972,05/30/1982
COMMERCIAL CREDIT CORPORATION,INACTIVE,701 A VILLA MARIE RD,"BRYAN, TX 77802",17413246434,00091,06/01/1982,02/28/1989
COMMERCIAL CREDIT CORPORATION (TEXAS),INACTIVE,3608 E 29TH ST STE 111,"BRYAN, TX 77802",15613008794,00090,06/01/1990,02/28/1999
COMMERCIAL CREDIT CORPORATION #076,INACTIVE,MANOR EAST HALL,"BRYAN, TX 77802",17413246434,00066,04/01/1978,08/31/1984
COMMERCIAL DATA MANAGEMENT INC,INACTIVE,1735 BRIARCREST DRIVE SUITE 201,"BRYAN, TX 77802",17421411582,00001,01/01/1981,06/30/1982
COMMERICAL CREDIT CORPORATION,INACTIVE,3608 EAST 29TH ST,"BRYAN, TX 77802",17413246434,00129,03/01/1989,05/31/1990
COMMUNICATIONS TECHNOLOGY,INACTIVE,2401 S TEXAS AVE,"BRYAN, TX 77802",17604408389,00002,06/01/2003,12/31/2022
COMMUNITY CABLEVISION CORPORATION,INACTIVE,3408 S TEXAS AVENUE,"BRYAN, TX 77802",17416498297,00001,05/04/1977,06/30/1985
COMP OF PUBLIC ACCOUNTS,INACTIVE,1713 BROADMOOR DR STE 300,"BRYAN, TX 77802",32003050013,00001,01/01/2001,12/31/2006
"COMPASSIONATE CARE HOSPICE OF BRYAN TEXAS, LLC",ACTIVE,3833 S TEXAS AVE,"BRYAN, TX 77802",32042127103,00001,02/01/2019,
COMPLETE DATA SYSTEMS INC,INACTIVE,800 BOB WHITE ST,"BRYAN, TX 77802",17426187872,00001,12/17/1991,07/31/2008
COMPLETE WIRELESS SOLUTIONS,INACTIVE,3725 E 29TH ST,"BRYAN, TX 77802",32005759884,00005,10/01/2002,09/30/2003
COMPLETE WIRELESS SOLUTIONS,INACTIVE,3725 E 29TH ST,"BRYAN, TX 77802",17109402481,00001,10/01/2003,02/15/2005
COMPUTER BUSINESS RESOURCES,INACTIVE,4201 WOODCREST DR,"BRYAN, TX 77802",32004560036,00001,10/01/1997,12/31/1998
COMPUTER BUSINESS RESOURCES,INACTIVE,4201 WOODCREST DR,"BRYAN, TX 77802",32004560036,00002,08/14/2000,12/31/2003
COMPUTER CONSULTING AND REPAIR,INACTIVE,2708 E VILLA MARIA RD,"BRYAN, TX 77802",32018257983,00001,07/01/2005,12/31/2017
COMPUTER DOCTOR,INACTIVE,3806-A OLD COLLEGE RD,"BRYAN, TX 77802",32027060378,00004,11/01/1986,12/31/1986
COMPUTER EMS,INACTIVE,1414 E 29TH ST,"BRYAN, TX 77802",32032786058,00004,04/11/1996,12/31/1996
COMPUTER GRAPHICS SOLUTIONS,INACTIVE,1525 E 29TH STREET #810,"BRYAN, TX 77802",32021720795,00002,01/01/1992,12/31/1992
COMPUTER GRAPHICS SOLUTIONS,INACTIVE,4104 WARWICK LN,"BRYAN, TX 77802",32021720795,00001,01/01/1991,01/01/1992
COMPUTER MAGIC,INACTIVE,2708 APPLE CREEK CR,"BRYAN, TX 77802",32032033030,00002,07/01/1989,03/31/1992
COMPUTER MAGIC,INACTIVE,701 ROBERTA CT,"BRYAN, TX 77802",32032013131,00003,01/01/1996,12/31/2000
COMPUTER MART,INACTIVE,3806 S TEXAS AVE,"BRYAN, TX 77802",32030325701,00002,07/01/1996,09/21/2000
COMPUTER MART,INACTIVE,3614 E 29TH ST,"BRYAN, TX 77802",32030325701,00001,07/01/1995,06/30/1996
COMPUTER NETWORK WIRING SERVICES,INACTIVE,4401 WARWICK LN,"BRYAN, TX 77802",32031194320,00001,03/01/1999,12/31/1999
COMPUTER ON-SITE,INACTIVE,1313 C BRIARCREST DR,"BRYAN, TX 77802",32005217974,00002,01/06/1993,03/31/1995
COMPUTER REPAIR PLUS,ACTIVE,3601 E 29TH ST STE 14,"BRYAN, TX 77802",32089528122,00001,06/01/2023,
COMPUTER SOLUTIONS,INACTIVE,1005 SKRIVANEK DR,"BRYAN, TX 77802",32025902514,00002,02/14/1997,06/30/1997
COMPUTER SYSTEM INNOVATIONS,INACTIVE,4725 BROMPTON LN,"BRYAN, TX 77802",32009447395,00001,04/02/2001,12/31/2002
COMPUTER TUTOR,INACTIVE,3802 STILLMEADOW DR,"BRYAN, TX 77802",17419018449,00003,04/01/1998,12/31/2010
COMPUTERS FOR MARKETING CORP.,INACTIVE,1716 BRIARCREST DR STE 125,"BRYAN, TX 77802",19416623916,00002,01/01/2004,01/31/2006
COMPUTERS RESOURCE CONNECTION,INACTIVE,4309 BROMPTON LN,"BRYAN, TX 77802",32023179859,00001,05/25/1995,12/25/1998
COMPUVIEW MICROSYSTEMS,INACTIVE,3408 S TEXAS AVE,"BRYAN, TX 77802",17427215490,00001,03/23/1994,02/27/1998
COMPUVIEW MICROSYSTEMS INTERNATIONAL INC,INACTIVE,3408 S TEXAS AVE,"BRYAN, TX 77802",17428678191,00001,03/01/1998,03/31/2001
CONAL INTERNATIONAL INC,INACTIVE,1811D GREENFIELD PLZ,"BRYAN, TX 77802",15419584261,00001,05/03/2005,11/15/2005
"CONCENTRA HEALTH SERVICES, INC.",ACTIVE,2011 S TEXAS AVE,"BRYAN, TX 77802",17525105478,00140,06/30/2025,
CONCIERGE ESTATE SALE SERVICES LLC,ACTIVE,3004 GLENEAGLES CT,"BRYAN, TX 77802",32077232380,00001,01/12/2021,
CONCRETE PRODUCTS COMPANY,INACTIVE,3780 COPPERFIELD DR APT 618,"BRYAN, TX 77802",32006140373,00002,07/01/2001,06/30/2002
CONCRETE PRODUCTS COMPANY,INACTIVE,1525 E 29TH ST,"BRYAN, TX 77802",32006140373,00001,03/08/1996,06/30/2001
CONDOVEST,INACTIVE,2501 WHISPERING OAKS CIR,"BRYAN, TX 77802",32010220385,00001,02/08/1993,06/30/2007
CONE & CANDY TREE,INACTIVE,MANOR EAST SHOPPING CTR,"BRYAN, TX 77802",17417082645,00001,04/07/1972,12/31/1989
"CONE TECH SERVICES, LLC",ACTIVE,4316 BROMPTON LN,"BRYAN, TX 77802",32073106927,00001,11/02/2020,
CONFERENCE MANAGEMENT SERVICES,INACTIVE,3833 S TEXAS AVE STE 221,"BRYAN, TX 77802",18106248273,00001,12/01/2013,12/31/2018
CONFETTI'S,INACTIVE,903 JANE LN,"BRYAN, TX 77802",32008711668,00003,01/02/1996,01/02/1996
CONKLIN,INACTIVE,1600 LUZA LN # A,"BRYAN, TX 77802",32030786654,00001,08/01/1997,12/31/1998
CONN ORGAN GALLERY,INACTIVE,2724 CAMELOT,"BRYAN, TX 77802",32007065413,00002,02/01/1981,12/31/1988
CONNECT NOW LLC,ACTIVE,725 E VILLA MARIA RD,"BRYAN, TX 77802",32101206293,00001,08/05/2025,
CONNIE S SILBER,INACTIVE,4101 CHAMBERLAIN CIR,"BRYAN, TX 77802",32006255635,00001,01/01/2001,12/04/2023
CONNIE'S CLEANING,INACTIVE,1316 BARAK LN APT B,"BRYAN, TX 77802",32031253548,00001,04/01/1998,06/01/1998
CONSTRUCTORS HARDWARE/SPECIALTIES,INACTIVE,5904 KNIGHTBRIDGE LANE,"BRYAN, TX 77802",32021431187,00001,12/16/1993,12/31/1993
CONTAINERS AND MORE INC,INACTIVE,MANOR EAST MALL,"BRYAN, TX 77802",17422127765,00002,04/01/1984,03/29/1985
CONTEMPORARY COUNTERTOPS & LAMINATING,INACTIVE,3923 OLD OAKS DR #26,"BRYAN, TX 77802",32032321153,00001,10/21/1989,06/30/1990
CONTEMPORARY LANDSCAPE SERVICES,INACTIVE,1814 WILDE OAK CIRCLE #8,"BRYAN, TX 77802",30002562715,00001,10/01/1975,09/30/1976
CONTESTABILE ENTERPRISES,INACTIVE,1207 ESTHER BLVD,"BRYAN, TX 77802",32009130876,00002,03/01/2006,12/25/2010
CONTROL TEMP,INACTIVE,905 BRIAR CLIFF DR,"BRYAN, TX 77802",32029632737,00001,04/05/1995,08/25/1997
COOK'S AUTO PARTS,INACTIVE,1501 S TEXAS AVE,"BRYAN, TX 77802",17422458830,00002,07/01/1983,03/31/2015
COOKE BCS COMMUNICATIONS INC,INACTIVE,3609 SOUTH TEXAS AVENUE,"BRYAN, TX 77802",19112298443,00001,11/01/1984,09/30/1989
COOPCO SERVICES,INACTIVE,3000 BROADMOOR,"BRYAN, TX 77802",30114358838,00002,01/01/1991,09/30/1995
COOPCO SERVICES,INACTIVE,2920 KENT ST,"BRYAN, TX 77802",32023167359,00001,10/01/1995,06/30/1997
COPPER AND MINT BOUTIQUE,INACTIVE,2414 PECAN RIDGE DR UNIT A,"BRYAN, TX 77802",32069674508,00001,05/15/2019,03/31/2020
COPPERMART,INACTIVE,4301 FM 158,"BRYAN, TX 77802",17427426360,00001,02/15/1996,06/30/2004
COPY SYSTEMS BUSINESS CENTER,INACTIVE,2200 BRIARCREST,"BRYAN, TX 77802",32032021811,00002,10/20/1993,06/30/1995
CORA'S CLOSET,INACTIVE,1210 BARAK CIR,"BRYAN, TX 77802",32047581130,00002,01/01/2017,06/30/2020
CORD OF THREE STRANDS,INACTIVE,2613 MANCHESTER DR,"BRYAN, TX 77802",32008412689,00001,07/01/1999,12/31/2005
CORE MOBILE LLC,ACTIVE,804 E VILLA MARIA RD,"BRYAN, TX 77802",32098826731,00003,08/10/2025,
CORINNE VAZ PHOTO,INACTIVE,21 GRAMERCY PARK DR APT 712,"BRYAN, TX 77802",32088878866,00001,03/04/2023,12/30/2023
CORINNE VAZ PHOTO LLC,INACTIVE,21 GRAMERCY PARK DR APT 712,"BRYAN, TX 77802",32091961600,00001,11/01/2023,06/30/2024
CORNER MARKET,ACTIVE,3413 S TEXAS AVE,"BRYAN, TX 77802",32096571073,00001,09/02/2024,
CORNER STORE #540,INACTIVE,901 N EARL RUDDER FWY,"BRYAN, TX 77802",17417014663,00006,12/16/1988,06/07/2024
"CORNERSTONE FITNESS HOLDINGS, LLC",INACTIVE,3100 WILDFLOWER DR,"BRYAN, TX 77802",32064346961,00002,10/01/2017,09/30/2024
CORNERSTONE RESOURCES,INACTIVE,5509 SOMERFORD LANE,"BRYAN, TX 77802",32025944763,00002,11/07/1991,06/30/1992
"CORPORATE RISK INTERNATIONAL, INCORPORATED",INACTIVE,1716 BRIARCREST DR,"BRYAN, TX 77802",15415949617,00001,12/01/2009,09/30/2011
CORRIDOR BRAND GROUP,INACTIVE,1505 MAGLOTHIN CT,"BRYAN, TX 77802",32019244063,00004,01/01/2006,12/25/2011
COSMIC EARTH SHIRTS,INACTIVE,2504 TOWERING OAKS DR,"BRYAN, TX 77802",32024541016,00001,04/16/1993,12/31/1994
COSMIC PURSUITS,INACTIVE,2609B PECAN KNOLL ST,"BRYAN, TX 77802",32041226443,00002,05/01/2012,06/30/2016
COSMIC SUITES,ACTIVE,2300 S TEXAS AVE,"BRYAN, TX 77802",32092778110,00001,10/01/2024,
COTTAGE INDUSTRIES,INACTIVE,801 ENFIELD ST,"BRYAN, TX 77802",32013577914,00002,11/01/2003,12/31/2003
COTTON PATCH CAFE,ACTIVE,940 N EARL RUDDER FWY,"BRYAN, TX 77802",17522869373,00029,06/06/2007,
COUCH LOCK & SAFE,INACTIVE,4016 STILLMEADOW,"BRYAN, TX 77802",32022631793,00006,04/01/1986,12/31/1988
COUCH LOCK AND SAFE INC,INACTIVE,3813 E 29TH ST,"BRYAN, TX 77802",17425201005,00002,10/01/1991,09/30/2008
COUCH LOCK AND SAFE INC,INACTIVE,4016 STILLMEADOW,"BRYAN, TX 77802",17425201005,00001,01/01/1989,09/30/1991
COUNTER ASSOCIATES,INACTIVE,1313 MESCO DR 2 1/2 MI E FM 1179 ON ST H,"BRYAN, TX 77802",32005225779,00004,05/24/1988,10/01/1994
COUNTRY BUMPKIN,INACTIVE,2902 PARTRIDGE CIR,"BRYAN, TX 77802",32026351893,00003,01/01/2008,03/31/2008
COUNTRY BUMPKIN,INACTIVE,2902 PARTRIDGE CIRCLE,"BRYAN, TX 77802",32026351893,00002,11/18/1992,06/30/1993
COUNTRY CLUB DELI & COFFE SHOP,INACTIVE,3000 BRIARCREST DR STE 102,"BRYAN, TX 77802",17428854354,00002,08/01/2001,07/29/2002
COUNTRY CLUB DELI & KITCHEN,INACTIVE,2006 E 29TH ST,"BRYAN, TX 77802",17428854354,00001,07/01/1998,07/29/2002
COUNTRY CLUB DELI & SWEET SHOP,INACTIVE,2611 E 29TH ST,"BRYAN, TX 77802",32028988122,00001,01/01/1998,06/30/1998
COUNTRY COTTAGE,INACTIVE,1 1/2 MI E OF BYPASS ON FM 1179,"BRYAN, TX 77802",32006885761,00002,02/13/1986,06/30/1986
COUNTRY RITZ,ACTIVE,4776 CONCORDIA DR,"BRYAN, TX 77802",32008879622,00002,01/01/2025,
COUNTRY WESTERN WARRIOR BBQ/WORD OF MOUTH LAWN SVC,ACTIVE,3706 PLAINSMAN LN APT C,"BRYAN, TX 77802",32056995718,00001,04/21/2015,
COUPON CONNECTION,INACTIVE,4101 MEADOWWOOD DR,"BRYAN, TX 77802",32023848735,00001,04/28/1997,09/30/1997
COURIM ELECTRONIC SERVICES,INACTIVE,3604 S TEXAS AVE,"BRYAN, TX 77802",17562049068,00001,07/01/1992,06/30/1993
COURT ADVERTISING,INACTIVE,902 ETHEL,"BRYAN, TX 77802",32031181715,00002,01/01/1988,09/30/1993
COURT ENTERPRISES,INACTIVE,3902 OLD OAKS DR,"BRYAN, TX 77802",32007345633,00010,06/01/1995,12/31/2008
COURT YARD EMPORIUM,INACTIVE,4301 CARTER CREEK PARKWAY,"BRYAN, TX 77802",30003648505,00001,09/01/1978,03/18/1980
COURT'S TOOL AND EQUIPMENT,INACTIVE,3902 OLD OAKS,"BRYAN, TX 77802",32007345633,00002,01/01/1982,05/31/1985
COURT'S WESTERN WEAR,INACTIVE,MANOR EAST MALL,"BRYAN, TX 77802",32030930047,00003,04/01/1972,08/31/1982
COURT'S WESTERN WEAR,INACTIVE,730 VILLA MARIA RD,"BRYAN, TX 77802",17422443279,00006,04/01/1986,02/28/1990
COURT'S WESTERN WEAR,INACTIVE,MANOR EAST MALL,"BRYAN, TX 77802",17422443279,00001,09/01/1982,03/31/1986
COURTNEY CONE,INACTIVE,4316 BROMPTON LN,"BRYAN, TX 77802",32061815000,00001,11/18/2016,12/25/2018
COURTNEY'S CREATIONS,INACTIVE,3617 RAVENWOOD DR,"BRYAN, TX 77802",32038149442,00001,10/15/2008,12/31/2010
COURTS JEAN & WESTERN WEAR,INACTIVE,3730 E 29TH,"BRYAN, TX 77802",32030930047,00004,03/15/1976,07/20/1977
COVEN MAKEUP STUDIO,INACTIVE,3001 WILDFLOWER DR STE C-3,"BRYAN, TX 77802",32075654411,00001,09/01/2020,
COVINGTON CREDIT OF TEXAS INC,INACTIVE,1710 S TEXAS AVE STE 102B,"BRYAN, TX 77802",15710029636,00038,10/01/2001,11/30/2003
COWAN HARDWARE,INACTIVE,3602 E 29TH,"BRYAN, TX 77802",32022879665,00005,06/01/1978,07/31/1987
COWBOY TREASURES,INACTIVE,2807 WILDFLOWER #29,"BRYAN, TX 77802",32029251488,00001,04/08/1993,06/30/1993
COWGIRL BLING,INACTIVE,4711 TIFFANY PARK CIR,"BRYAN, TX 77802",32046530526,00001,02/01/2012,12/31/2012
COWHIDE & LEATHER CANDLES,INACTIVE,3780 COPPERFIELD DR APT 1438,"BRYAN, TX 77802",32011150029,00004,12/01/2012,03/31/2014
COWPOKE CANDLES,INACTIVE,4912 PARK LAND DR,"BRYAN, TX 77802",32008442868,00002,01/01/2006,12/31/2007
COWPOKE CANDLES,INACTIVE,4215 WILLOW OAK ST,"BRYAN, TX 77802",32008442868,00001,08/01/1999,12/31/2005
COWS AND UDDER STUFF,INACTIVE,4753 BROMPTON LN,"BRYAN, TX 77802",32025355259,00001,02/11/1993,12/31/1998
COX COMMUNICATIONS,INACTIVE,4114 E 29TH ST,"BRYAN, TX 77802",12004592270,00006,02/01/2004,05/04/2006
COYOTE CINCRETE CONSTRUCTION,INACTIVE,1506 E 31ST ST,"BRYAN, TX 77802",10206176280,00001,07/01/2002,12/31/2002
CP DATA SYSTEMS L L C,INACTIVE,2401 BRIAR OAKS DR STE 100,"BRYAN, TX 77802",10437599532,00001,01/01/2004,06/30/2004
CRACKER BARREL OLD COUNTRY STORE #676,ACTIVE,3110 BRIARCREST DR,"BRYAN, TX 77802",32033232334,00043,02/22/2010,
CRAFT T CREATIONS,INACTIVE,4800 KNIGHT DR,"BRYAN, TX 77802",32029898395,00002,06/01/2017,06/30/2019
CRAFTCHELS,INACTIVE,4225 PENDLETON DR APT 3201,"BRYAN, TX 77802",32082470579,00001,01/01/2022,
CRAFTMASTER'S MALL,INACTIVE,1865 BRIARCREST DR,"BRYAN, TX 77802",17427386218,00002,09/01/2002,06/30/2003
CRAFTMASTERS' MALL,INACTIVE,1857 BRIARCREST DR,"BRYAN, TX 77802",17427386218,00001,03/01/1995,08/31/2002
CRAFTMASTERS' MALL,INACTIVE,1856 BRIARCREST DR,"BRYAN, TX 77802",32056572087,00004,07/10/1992,04/30/1994
CRAFTMASTERS' MALL,INACTIVE,1857 BRIARCREST,"BRYAN, TX 77802",32009039507,00004,04/01/1994,02/28/1995
CRAFTS BY THE WORK OF MY HANDS,INACTIVE,5113 WINCHESTER DR,"BRYAN, TX 77802",32057754049,00001,07/17/2015,12/31/2023
CRAFTS ETC #416,INACTIVE,725 VILLA MARIA,"BRYAN, TX 77802",17427250331,00011,12/01/1994,12/31/1996
"CRAFTS, GIFTS & MORE",INACTIVE,1857 BRIARCREST DR,"BRYAN, TX 77802",32005919223,00003,03/27/1993,12/31/1993
CRAIG SUPPLY,INACTIVE,3103 RED ROBIN LOOP,"BRYAN, TX 77802",32023510384,00001,01/01/1995,12/31/2000
CRAIG'S COMPUTERS,INACTIVE,4517 KINGSDALE DR,"BRYAN, TX 77802",32025824502,00001,08/28/1996,09/17/1999
CRAWFORD AND COMPANY,INACTIVE,4103 S TEXAS AVE STE 206,"BRYAN, TX 77802",15805065545,00006,10/01/1987,07/31/1997
CRAWFORD ELECTRIC SUPPLY COMPANY INC,INACTIVE,3135 S TEXAS AVE STE 1500,"BRYAN, TX 77802",12080570893,00005,07/15/2007,07/31/2010
"CRAWFORD ELECTRIC SUPPLY COMPANY, INC.",INACTIVE,3125 S TEXAS AVE STE 1500,"BRYAN, TX 77802",12080570893,00013,08/01/2010,01/31/2018
CRAZY CAT MOMMA,ACTIVE,821 ENFIELD ST,"BRYAN, TX 77802",32073383971,00001,12/01/2021,
CREATE A CAKE,INACTIVE,4114 MEADOWBROOK DR,"BRYAN, TX 77802",32031570297,00001,07/22/1998,12/25/2000
CREATE A CAKE,INACTIVE,4295 S STATE HIGHWAY 6,"BRYAN, TX 77802",30118105003,00002,10/01/1996,10/01/1996
CREATE A CAKE,INACTIVE,725 E VILLA MARIA,"BRYAN, TX 77802",30118105003,00001,06/01/1996,09/30/1996
CREATIONS,INACTIVE,1913B PINETREE,"BRYAN, TX 77802",32026993660,00002,07/01/1993,12/31/1993
CREATIONS,INACTIVE,1507 BARAK LANE,"BRYAN, TX 77802",32026993660,00001,01/01/1993,06/30/1993
CREATIONS BY CGB,INACTIVE,21 GRAMERCY PARK DR APT 1316,"BRYAN, TX 77802",32062559540,00001,01/15/2017,12/31/2017
CREATIVE CREATIONS BY CC,ACTIVE,2920 KENT ST APT 130,"BRYAN, TX 77802",32087336445,00001,11/26/2023,
CREATIVE DESIGNS BY WADE,ACTIVE,5728 CHELSEA CIR,"BRYAN, TX 77802",32062780781,00001,03/01/2017,
CREATIVE ENTERPRISES,INACTIVE,3814 PLAINSMAN LN,"BRYAN, TX 77802",17463317234,00004,01/01/1996,12/31/1996
CREATIVE ENTERPRISES OF BRAZOS VALLEY,INACTIVE,2505 TOWERING OAKS DR,"BRYAN, TX 77802",32009006076,00001,06/01/1990,12/25/2009
CREATIVE FINANCIAL CONCEPTS,ACTIVE,2311 KENT ST,"BRYAN, TX 77802",17463301733,00003,02/05/2025,
CREATIVE FINANCIAL CONCEPTS (CFC),INACTIVE,2311 KENT ST,"BRYAN, TX 77802",17463301733,00002,01/01/2003,12/31/2015
CREATIVE FINANCIAL CONCEPTS (CFC),INACTIVE,800 ETHEL BLVD,"BRYAN, TX 77802",17463301733,00001,11/20/1997,12/31/2002
CREATIVE IMAGES,INACTIVE,2705 CARTER CREEK,"BRYAN, TX 77802",32009873657,00004,07/24/1979,12/31/1985
CREATIVE MEMORIES,INACTIVE,1403 SKRIVANEK DR,"BRYAN, TX 77802",32031779427,00001,01/05/1995,12/31/1998
CREATIVE PLANNERS,INACTIVE,5628 MIDDLEBURY DR,"BRYAN, TX 77802",32008211974,00001,01/15/1993,12/25/2009
"CREATIVE SPARK PERFORMANCE ARTS STUDIO, LLC",INACTIVE,1673 BRIARCREST DR STE A102,"BRYAN, TX 77802",32079741511,00001,09/01/2021,
CREATIVE TEES & THINGS BY V,INACTIVE,2709 ALLEN RIDGE DR,"BRYAN, TX 77802",32077508029,00001,01/30/2021,
CREATIVELY RAVEN,INACTIVE,1906 SHARON DR,"BRYAN, TX 77802",32065246285,00001,10/28/2017,09/30/2023
CREDIT BUREAU SERVICES,INACTIVE,2605 S TEXAS AVENUE,"BRYAN, TX 77802",17512786991,00021,04/01/1980,09/30/1987
CREEKSIDE WELLNESS CENTER,INACTIVE,1615 BARAK LN STE 3,"BRYAN, TX 77802",32071715604,00001,08/26/2019,12/25/2024
CREIGHTON FRANKLIN ENTERPRISES,INACTIVE,2101 BARAK LN APT 2,"BRYAN, TX 77802",32022074994,00001,05/16/1998,06/30/1998
CRESTVIEW GIFT SHOP,INACTIVE,2505 E VILLA MARIA RD,"BRYAN, TX 77802",30113610379,00001,01/02/1990,09/30/2009
CRESTVIEW METHODIST RETIREMENT COMMUNITY,INACTIVE,2501 E VILLA MARIA RD,"BRYAN, TX 77802",17414030886,00005,04/01/1987,07/31/2010
CREWS CRAFTS,INACTIVE,3515 CARTER CREEK PKWY,"BRYAN, TX 77802",30003290738,00002,10/01/1977,08/15/1978
CREWS ELECTRIC,INACTIVE,3515 CARTER CREEK PKWY,"BRYAN, TX 77802",30003290738,00001,10/01/1977,08/15/1978
CRITTER CROSSING,INACTIVE,2007 S TEXAS AVE,"BRYAN, TX 77802",32025899553,00002,10/01/1995,10/03/1995
CRITTER CROSSING,INACTIVE,2007 SOUTH TEXAS AVENUE,"BRYAN, TX 77802",32029341750,00001,09/01/1993,09/25/1995
CRITTER CROSSING,INACTIVE,2007 S TEXAS AVE,"BRYAN, TX 77802",32025899553,00001,07/01/1991,08/31/1993
CROSS BOX SELLERS,INACTIVE,607 ESTHER BLVD,"BRYAN, TX 77802",32074117469,00001,05/17/2020,11/04/2020
CROSS OF MANY COLORS,INACTIVE,2805 CAMELOT DR,"BRYAN, TX 77802",32009706824,00004,08/01/2010,12/25/2012
CROSS SEVEN CARPET CLEANERS,INACTIVE,3902 E 29TH ST APT T-6,"BRYAN, TX 77802",32025682702,00003,04/01/1998,12/31/1999
CROSSLANDS HOMES,INACTIVE,1501 N TEXAS AVENUE,"BRYAN, TX 77802",17415581549,00047,07/01/1983,12/31/1983
CROWN & ANCHOR INN,INACTIVE,3 1/2 MI E ON HWY 6 S ON HWY 30,"BRYAN, TX 77802",17513743892,00002,01/01/1974,08/14/1975
CROWN FURNITURE CO,INACTIVE,730 VILLA MARIA,"BRYAN, TX 77802",17422440713,00001,09/01/1982,02/28/1985
CRUX FINANCIAL SERVICES INC,INACTIVE,2502 RIVER FOREST DR,"BRYAN, TX 77802",17422991020,00003,08/01/1995,04/02/1996
CRYSTAL CLEAR CLEANING LLC,ACTIVE,513 WAYSIDE DR,"BRYAN, TX 77802",32069270935,00001,03/01/2019,
CRYSTAL CLEAR COMMUNICATIONS,INACTIVE,2503 RIVER FOREST DR,"BRYAN, TX 77802",32019420606,00001,04/10/2006,06/30/2006
CRYSTAL JASPER'PERRY,INACTIVE,1525 E 29TH ST APT 1310,"BRYAN, TX 77802",32008752712,00001,06/01/1996,12/31/1996
CRYSTALLUS DESIGN,INACTIVE,1525 E 29TH ST APT 512,"BRYAN, TX 77802",32000386691,00002,04/01/1998,09/30/2000
CSJ TECHNOLOGY GROUP LLC,INACTIVE,4117 WARWICK LN,"BRYAN, TX 77802",32029847970,00001,04/23/2007,12/31/2011
"CSJ TECHNOLOGY GROUP, LLC",INACTIVE,2402 BROADMOOR DR STE B201,"BRYAN, TX 77802",32029847970,00003,01/01/2012,12/31/2016
"CSJ TECHNOLOGY GROUP, LLC",ACTIVE,3131 E 29TH ST # F110,"BRYAN, TX 77802",32029847970,00004,01/01/2017,
CSOFX,INACTIVE,2104 BARAK LN,"BRYAN, TX 77802",32043911497,00001,03/17/2011,12/31/2020
CTCS-COOLING TOWERCLEANING SERVICE,INACTIVE,2312 A PECAN RIDGE,"BRYAN, TX 77802",32031774303,00002,07/01/1990,12/31/1995
CTG BRYAN TACO CASA LLC,ACTIVE,616 N EARL RUDDER FWY,"BRYAN, TX 77802",32075028574,00001,08/04/2020,
CTH SUPPLY COMPANY,INACTIVE,1905 S TEXAS AVE,"BRYAN, TX 77802",32023692067,00001,10/01/1986,04/28/1987
CUBBY HOLE TEXAS 2 LTD,ACTIVE,1821 E 29TH ST,"BRYAN, TX 77802",17528637469,00001,03/01/2001,
CULLINAN CO,INACTIVE,3130 E 29TH STREET,"BRYAN, TX 77802",32007994679,00002,08/01/1990,12/31/1990
CULLINAN CO,INACTIVE,4104 SHAWNEE,"BRYAN, TX 77802",32007994679,00001,10/01/1987,07/31/1990
CUNNINGHAM LINDSEY U S INC,INACTIVE,3608 E 29TH ST,"BRYAN, TX 77802",17405396502,00010,10/01/1987,06/30/2019
CURIOSITY SHOP,INACTIVE,4301 S TEXAS AVE,"BRYAN, TX 77802",17429198199,00003,08/01/2002,02/13/2006
"CURIOUS COLLECTIONS, LLC",ACTIVE,710 N ROSEMARY DR,"BRYAN, TX 77802",32061458066,00003,04/01/2018,
CURIOUS GOODS,INACTIVE,3723 E 29TH ST STE 135,"BRYAN, TX 77802",32006508397,00001,06/21/1996,12/31/1997
CURRIE LAWN & LANDSCAPE LLC,INACTIVE,1603 E 27TH ST,"BRYAN, TX 77802",32069492703,00001,02/13/2019,10/24/2024
CURTIS ENTERPRISES,INACTIVE,4405 CARTER CREEK PKWY APT 5,"BRYAN, TX 77802",32007931796,00001,02/02/2000,12/31/2000
CURTIS LAUDERMILK,INACTIVE,3500 BROAD OAK CIR,"BRYAN, TX 77802",32006509858,00001,09/11/1992,12/31/2019
CURTIS MATHES HOME ENTERTAINMENT CENTER,INACTIVE,1123 E VILLA MARIA,"BRYAN, TX 77802",17560250072,00051,08/01/1983,08/01/1983
CURTIS MATHES HOME ENTERTAINMENT CENTER,INACTIVE,1123 EAST VILLA MARIA,"BRYAN, TX 77802",17423784838,00001,08/30/1985,10/31/1987
CURVE SYMPHONY,INACTIVE,2900 WILDFLOWER DR APT 4121,"BRYAN, TX 77802",32092948457,00001,01/01/2024,07/01/2024
CURVES FOR WOMEN,INACTIVE,4001 E 29TH ST,"BRYAN, TX 77802",32006656493,00002,08/01/2009,08/14/2014
CURVES FOR WOMEN BRYAN,INACTIVE,4001 E 29TH ST STE 111,"BRYAN, TX 77802",32004962265,00002,10/01/2000,05/23/2002
CURVES FOR WOMEN BRYAN,INACTIVE,4001 E 29TH ST STE 111,"BRYAN, TX 77802",32008711668,00004,05/24/2002,08/16/2009
CUSTOM ALTERATIONS BY BEA,INACTIVE,3601 E 29TH ST STE 12,"BRYAN, TX 77802",32008773262,00005,02/20/2006,02/28/2010
CUSTOM ALTERATIONS BY BEA,INACTIVE,4012 STILLMEADOW DR,"BRYAN, TX 77802",32008773262,00002,10/01/1985,01/01/1992
CUSTOM CAR AUDIO,INACTIVE,203 S MAIN,"BRYAN, TX 77802",32030296480,00001,09/21/1995,09/30/1995
CUSTOM CLASSIC UPHOLSTERY,INACTIVE,2114 E WILLIAM JOEL BRYAN PKWY,"BRYAN, TX 77802",12033838280,00238,06/01/2021,05/31/2025
CUSTOM CLASSIC UPHOLSTERY AND RESALE,INACTIVE,2114 E WM J BRYAN PKWY,"BRYAN, TX 77802",32007724142,00002,08/28/2024,
CUSTOM COMPUTER SYSTEMS,INACTIVE,4725 BROMPTON,"BRYAN, TX 77802",32027785982,00001,03/04/1993,09/30/1993
CUSTOM COMPUTERS,INACTIVE,818 E VILLA MARIA RD,"BRYAN, TX 77802",32010431255,00001,02/14/2003,12/15/2003
CUSTOM HANDCRAFTED FLOORING,INACTIVE,2310 BARAK LN,"BRYAN, TX 77802",32031771838,00002,09/26/1994,09/27/1994
CUSTOM HANDCRAFTED WOODWORK,INACTIVE,2527 WILLOW BEND DR,"BRYAN, TX 77802",32010215005,00002,07/24/2003,12/31/2004
CUSTOM HORSESHOE ART,INACTIVE,3610B WESTERN ST,"BRYAN, TX 77802",32049507562,00001,11/19/2012,12/25/2014
CUSTOM KAMO APPLICATIONS,INACTIVE,4112 SHAWNEE CIR,"BRYAN, TX 77802",32014385085,00001,02/11/2004,12/31/2010
CUSTOM SCIENTIFIC,INACTIVE,4009 WOODCRAFT,"BRYAN, TX 77802",32024783782,00001,04/08/1994,03/15/1997
CUSTOM SEWING BY SHANNON,INACTIVE,1311 HOPPESS ST,"BRYAN, TX 77802",32010757931,00004,02/01/2003,07/12/2007
CUSTOM WORLD WHEELS & ACCESSORIES,INACTIVE,1901 BRIAR OAKS DR # B,"BRYAN, TX 77802",32018408677,00004,01/28/2009,08/15/2009
CUSTOM/CLASSIC UPHOLSTERY,INACTIVE,2114 E WILLIAM J BRYAN PKWY STE C,"BRYAN, TX 77802",32016856869,00001,02/20/2005,
CUTLER INC,INACTIVE,3601 E 29TH ST STE 3,"BRYAN, TX 77802",17603208855,00002,11/16/1993,07/31/1998
CUTTIN' UP,INACTIVE,3614 E 29TH ST,"BRYAN, TX 77802",17427996131,00001,11/01/1996,12/31/1999
CUTTIN' UP VINYL & EMBROIDERY,INACTIVE,1673 BRIARCREST DR STE A102,"BRYAN, TX 77802",32071872512,00001,10/01/2019,08/31/2023
CUTTING EDGE LAWN SERVICE,INACTIVE,3816 BRIGHTON,"BRYAN, TX 77802",30115353234,00001,01/01/1993,03/31/1995
CUTTING EDGE UPHOLSTERY,INACTIVE,3130 E 29TH ST APT B10,"BRYAN, TX 77802",32022453099,00002,11/16/2006,12/31/2006
CVS PHARMACY #06590,ACTIVE,3000 S TEXAS AVE,"BRYAN, TX 77802",17421188792,00561,10/01/2016,
CVS/PHARMACY # 11154,ACTIVE,2300 DE LEE ST,"BRYAN, TX 77802",10503406265,00950,09/16/2016,
CVS/PHARMACY #06590,INACTIVE,3000 S TEXAS AVE,"BRYAN, TX 77802",10506010288,00001,07/05/2004,12/19/2005
CVS/PHARMACY #17485,ACTIVE,3061 WILDFLOWER DR,"BRYAN, TX 77802",10503406265,00914,12/16/2015,
CVS/PHARMACY #6590,ACTIVE,3000 S TEXAS AVE,"BRYAN, TX 77802",10503406265,00074,01/01/2006,
CW AVIATION INC,INACTIVE,3833 SOUTH TEXAS AVENUE,"BRYAN, TX 77802",17425867334,00001,09/30/1990,09/30/1990
CYBERSPACE TECHNOLOGY INC,INACTIVE,2300 BROADMOOR DR APT 51,"BRYAN, TX 77802",17427456664,00001,04/01/1995,12/31/1996
CYNFULEE SWEET & DELICIOUS,INACTIVE,2008 WAYSIDE DR,"BRYAN, TX 77802",32062980902,00001,03/01/2017,12/31/2019
CYNTHIA LACY,INACTIVE,803 MEADOW LN,"BRYAN, TX 77802",32006877735,00004,10/01/2001,12/31/2005
CYPRESS LANDSCAPES & LANDSCAPING,INACTIVE,704 BROADMOOR DR,"BRYAN, TX 77802",32020044718,00001,07/01/2006,12/31/2006
CZECH GALORE & MORE,INACTIVE,725 E VILLA MARIA NO 11,"BRYAN, TX 77802",32021393916,00002,08/15/1996,03/31/1997
D & B CRAFTS AND MORE,INACTIVE,3219 S TEXAS AVE,"BRYAN, TX 77802",32011725382,00001,07/07/2003,09/30/2007
D & B FINANCIAL SENSE INC,INACTIVE,2312 WINDSOR,"BRYAN, TX 77802",30009543775,00001,10/01/1985,09/08/1987
D & B OIL CO,INACTIVE,1124 VILLA MARIA,"BRYAN, TX 77802",32013393411,00006,05/01/1973,02/28/1982
D & D CUSTOM PORTABLE BUILDINGS,INACTIVE,2201 QUAIL HOLLOW DR,"BRYAN, TX 77802",30119132998,00001,05/08/1997,09/30/1997
D & D ENTERPRISES,INACTIVE,1604 ENLOE CT,"BRYAN, TX 77802",32006929114,00001,01/01/1999,09/30/2009
D & D ROOFING & PROPERTY SERVICES,INACTIVE,4111 WILLOW OAK ST,"BRYAN, TX 77802",32064070991,00001,06/19/2017,10/12/2017
D & G INTERESTS,INACTIVE,2500 BURTON,"BRYAN, TX 77802",30115352756,00001,09/22/1992,01/01/1993
D & J BEVERAGE COMPANY,INACTIVE,1522 S TEXAS AVE,"BRYAN, TX 77802",17600108066,00001,04/01/1982,03/30/1992
D & J ENTERPRISES,INACTIVE,3816 BRIGHTON,"BRYAN, TX 77802",30114360289,00001,08/05/1991,01/01/1993
D & J GOLF,INACTIVE,1853-55 BRIARCREST DRIVE,"BRYAN, TX 77802",17426081125,00001,11/01/1991,11/29/2024
D & J REPAIR,INACTIVE,100 OAK HOLLOW,"BRYAN, TX 77802",32032105150,00001,01/19/1983,07/14/1983
D & L BEVERAGE,INACTIVE,3525 S TEXAS AVE,"BRYAN, TX 77802",32008515473,00018,07/01/1989,10/31/1998
D & L BEVERAGES #2,INACTIVE,3601 E 29TH ST # A,"BRYAN, TX 77802",32008515473,00019,03/01/1995,08/08/2004
D & P MAINTENANCE SERVICES,INACTIVE,2506 RUSTLING OAKS,"BRYAN, TX 77802",32031816633,00001,02/01/1988,03/31/1988
D A WATSON & ASSOCIATES,INACTIVE,4000 KENWOOD DR,"BRYAN, TX 77802",32028721234,00001,06/01/1999,12/31/2001
D AND M LAWN CARE,ACTIVE,2301 BROADMOOR DR APT 217,"BRYAN, TX 77802",32028219148,00002,07/11/2016,
D FASHION,INACTIVE,6008 WALDHAM GROVE LN,"BRYAN, TX 77802",32043307191,00001,01/04/2011,12/31/2016
D I PICS,INACTIVE,4106 WILLOW OAK ST,"BRYAN, TX 77802",32008129325,00001,05/21/2001,12/31/2011
D J'S EMPORIUM,INACTIVE,1901 BRIAR OAKS DR,"BRYAN, TX 77802",32041221972,00002,04/03/2015,08/15/2015
D LANCE BULLARD JR,INACTIVE,2604 BRITON DR,"BRYAN, TX 77802",32030568599,00001,11/24/1992,12/31/1996
D LISH'S,INACTIVE,4109 VICEROY,"BRYAN, TX 77802",32004843655,00003,05/28/1987,05/28/1987
D M TULEEN PLANTSCAPING SYSTEMS,INACTIVE,3522 MIDWEST DR,"BRYAN, TX 77802",32031311965,00001,04/21/1983,12/31/1987
D MARIE MINSTER,INACTIVE,4113 WILLOW OAK,"BRYAN, TX 77802",32005379337,00001,03/14/1983,12/31/1983
D N K ENTERPRISES,INACTIVE,#8 CARGILL DR,"BRYAN, TX 77802",32020987692,00001,04/02/1991,06/30/1993
D O PARK PRUDENTIAL DISTRIB CO,INACTIVE,119 HIGHLAND ST,"BRYAN, TX 77802",32023935128,00003,08/01/1971,12/31/1971
D P COUPON CONNECTION,INACTIVE,3122 CAMELOT DR APT 52,"BRYAN, TX 77802",32032131412,00003,10/01/1998,12/25/2000
D R J,INACTIVE,1824 WILDE OAK CIR APT 23,"BRYAN, TX 77802",32030392040,00001,10/09/1997,06/30/1998
"D&B GROUP, LLC",INACTIVE,3710 PARK MEADOW LN,"BRYAN, TX 77802",32073043393,00001,01/21/2020,03/07/2022
D&K DESIGNS,INACTIVE,3100 WILDFLOWER DR STE 304,"BRYAN, TX 77802",32075586894,00001,09/15/2020,
D&L MATS SALES & RENTAL,INACTIVE,3807 BARNSLEY CT,"BRYAN, TX 77802",32012030048,00002,03/25/2013,12/25/2015
D-BOX USA INC.,INACTIVE,950 N EARL RUDDER FWY,"BRYAN, TX 77802",32042015225,00006,11/01/2010,10/01/2015
D-J ENTERPRISE,INACTIVE,3210 BARAK LN,"BRYAN, TX 77802",32019658932,00003,01/01/2011,12/25/2012
D/B/B-TACO CABANA,INACTIVE,2410 BRIARCREST DR,"BRYAN, TX 77802",17424998478,00009,09/29/1994,07/07/2005
D'LITE BITE,INACTIVE,3501 E 29TH STREET,"BRYAN, TX 77802",17425433954,00001,11/06/1989,04/30/1993
D'S CLOSET,INACTIVE,3811 E 29TH ST,"BRYAN, TX 77802",32022035052,00001,02/23/1996,05/31/1997
D'SIMONE OF THE PALM BEACHES,INACTIVE,3709 SWEETBRIAR DR,"BRYAN, TX 77802",32037645200,00001,08/04/2008,12/31/2011
D'SIMONE OF THE PALM BEACHES,INACTIVE,909 LAZY LN,"BRYAN, TX 77802",32037645200,00003,01/01/2016,03/31/2022
DA SHACK,INACTIVE,3527 S TEXAS AVE,"BRYAN, TX 77802",32006953015,00001,09/01/1999,04/30/2003
DABBS MARKETING RIDGECREST STATION,INACTIVE,3413 S TEXAS AVE,"BRYAN, TX 77802",17426447557,00006,07/01/1997,11/30/2016
DADDY JOE'S,INACTIVE,3509 SPRING LN,"BRYAN, TX 77802",32031025995,00001,10/26/1993,12/18/1996
DAEMON NOIRE,INACTIVE,2112 KAZMEIER PLZ,"BRYAN, TX 77802",32015866943,00003,01/06/2011,12/25/2017
DAENALC PHOTOGRAPHY,ACTIVE,604 AVONDALE AVE,"BRYAN, TX 77802",32084670937,00001,01/01/2023,
DAFTARIAN DENTISTRY,ACTIVE,2710 OSLER BLVD,"BRYAN, TX 77802",32035252967,00001,01/29/2009,
DAFTARIAN FAMILY PRACTICE,INACTIVE,2710 OSLER BLVD,"BRYAN, TX 77802",32025251383,00001,01/01/2007,12/25/2019
DAHILL,ACTIVE,1716 BRIARCREST DR STE 305,"BRYAN, TX 77802",15824814428,00036,05/31/2019,
DAHILL INDUSTRIES,INACTIVE,1869 BRIARCREST DR,"BRYAN, TX 77802",15824814428,00010,07/01/1999,01/31/2011
DAHILL INDUSTRIES INC,INACTIVE,1869 BRIARCREST DR,"BRYAN, TX 77802",17424688582,00007,09/19/1994,04/30/1999
DAHL-BORE LLC,ACTIVE,4900 PARK LAND DR,"BRYAN, TX 77802",32050729691,00001,04/16/2013,
DAIL COMMUNICATIONS,INACTIVE,3902 E 29TH ST APT T6,"BRYAN, TX 77802",32016537055,00001,01/14/2005,12/25/2011
DAIMOND H WELDING & FENCE CO,INACTIVE,1500 BURT ST,"BRYAN, TX 77802",32065878616,00001,05/28/2019,
"DAIQUIRI BARN, LLC",ACTIVE,2609 E 29TH ST,"BRYAN, TX 77802",32064134342,00004,07/01/2020,
DAIRY QUEEN #3,ACTIVE,312 VILLA MARIA,"BRYAN, TX 77802",17416764680,00020,01/01/1971,
DAIRY QUEEN #5,ACTIVE,3507 E 29TH ST,"BRYAN, TX 77802",17416764680,00023,06/01/1976,
DAIRY QUEEN #8,INACTIVE,2124 BOONEVILLE RD,"BRYAN, TX 77802",32007065694,00006,10/07/1986,10/31/2003
DAJEWLA LLC.,ACTIVE,6202 QUEENSLOCK CIR,"BRYAN, TX 77802",32064262754,00001,10/23/2020,
DAKOTAH DESIGNS,INACTIVE,4317 BROMPTON LN,"BRYAN, TX 77802",32048997756,00001,10/19/2012,12/31/2015
DAL RIATA,INACTIVE,6104 WALDHAM GROVE LN,"BRYAN, TX 77802",32000080690,00002,01/01/1998,04/30/1999
DALE NEWTON'S SERVICES,INACTIVE,4033 GREEN VALLEY DR,"BRYAN, TX 77802",32017027015,00001,11/27/2000,03/30/2001
DALE'S BEVERAGE,INACTIVE,3601 E 29TH ST SUITE A,"BRYAN, TX 77802",32008197280,00008,10/01/1989,06/30/1991
DAN ROBERTS PRODUCTIONS,INACTIVE,2508 MEMORIAL DR,"BRYAN, TX 77802",32026462823,00001,01/01/1998,12/31/1998
DANIEL JAY BELL,INACTIVE,3603A WESTERN ST,"BRYAN, TX 77802",32008065545,00001,11/25/2000,09/30/2003
"DANIEL PEST CONTROL, LLC",INACTIVE,2308 WAYSIDE DR,"BRYAN, TX 77802",32045654731,00003,10/01/2013,09/30/2020
DANIELLE'S CANDLE CO.,INACTIVE,3616 CHOCTAW ST,"BRYAN, TX 77802",32079294693,00001,06/01/2021,01/02/2022
DANNIELLE'S HAIR SALON,INACTIVE,2615 PECAN KNOLL ST,"BRYAN, TX 77802",32049347209,00001,10/29/2012,12/31/2014
DARCO PRESS,INACTIVE,4302 HYDE PARK LN,"BRYAN, TX 77802",32007477717,00002,01/01/2005,08/25/2009
DARCO PRESS,INACTIVE,2703 RUSTLING OAKS DR,"BRYAN, TX 77802",32007477717,00001,07/01/1981,12/31/2004
DARLEN'S PAINT & DECORATING,INACTIVE,3514 E 29TH,"BRYAN, TX 77802",17422627368,00001,05/01/1983,08/31/1985
"DASIT CATTLE COMPANY, LLP",INACTIVE,4103 S TEXAS AVE STE 104,"BRYAN, TX 77802",32051504283,00001,07/15/2013,12/31/2017
DATA MANAGEMENT SOLUTIONS,INACTIVE,3242 RED ROBIN LOOP,"BRYAN, TX 77802",32010313149,00001,10/05/1998,09/30/2002
DATA NEXUS INC,INACTIVE,4001 E 29TH ST STE 170-L,"BRYAN, TX 77802",17427987189,00001,01/01/1998,12/31/2001
DATA TECHNOLOGY,INACTIVE,3535 MIDWEST APT A,"BRYAN, TX 77802",32026501976,00001,07/23/1993,09/30/1994
DATASTREAM COMPUTERS & CONSULTING,INACTIVE,2609B PECAN RIDGE DR,"BRYAN, TX 77802",17427797893,00002,10/01/1996,12/31/1997
DAVE'S CEDAR WORKS,INACTIVE,713 MARY LAKE DR,"BRYAN, TX 77802",32024122312,00001,11/02/1994,12/31/1994
DAVE'S CLOCKS,INACTIVE,2318 BRISTOL ST,"BRYAN, TX 77802",32033597769,00001,08/01/2007,01/01/2015
DAVE'S DUGOUT,INACTIVE,3601 RAVENWOOD,"BRYAN, TX 77802",32027651978,00001,01/09/1992,01/09/1992
DAVE'S PUB & DELI,INACTIVE,HWY 30 SS 8 8/10 MI E OF CH,"BRYAN, TX 77802",32020815521,00001,02/05/1988,03/31/1988
DAVID BORSKI TOOL & EQUIPMENT,INACTIVE,609 E 30TH ST,"BRYAN, TX 77802",32019936320,00002,11/01/1992,02/01/1993
DAVID FOX TREE SERVICE,INACTIVE,2502A PECAN RIDGE DR,"BRYAN, TX 77802",32016836937,00001,02/25/2005,06/30/2006
DAVID FOX TREE SERVICE,INACTIVE,2502A PECAN RIDGE DR,"BRYAN, TX 77802",32016836937,00001,08/24/2006,10/31/2006
DAVID M ROGERS,INACTIVE,4711 HUNINGTON,"BRYAN, TX 77802",32027314031,00001,03/20/1991,01/01/1995
DAVID P BRONSTAD CPA,INACTIVE,4348 CARTER CREEK PKY STE 102,"BRYAN, TX 77802",32025638175,00001,11/30/1993,10/01/1998
DAVID S SITES,ACTIVE,3624 PARK OAK DR,"BRYAN, TX 77802",32046573849,00001,01/20/2012,
DAVID T RAYNER IV,INACTIVE,1604 HOLLOWHILL DR APT 806,"BRYAN, TX 77802",32048489606,00001,07/16/2012,07/16/2012
DAVID W MOORE,INACTIVE,801 DELLWOOD ST,"BRYAN, TX 77802",32007530853,00002,04/01/2016,12/31/2017
DAVID'S AUTO GLASS,INACTIVE,3813 BRIGHTON,"BRYAN, TX 77802",32004843655,00005,07/25/1990,03/30/1991
DAVID'S COIN EXCHANGE,INACTIVE,1300 ESTHER,"BRYAN, TX 77802",32013351187,00001,02/01/1982,12/25/1985
DAVS TECH LLC,ACTIVE,801 DELLWOOD ST STE 100 # 121,"BRYAN, TX 77802",32098006375,00001,07/01/2025,
DAWNDELION DESIGNS,INACTIVE,3130 E 29TH ST APT 420,"BRYAN, TX 77802",32073506233,00001,02/26/2020,03/31/2020
DAYLIGHT DONUTS,INACTIVE,4248 BOONVILLE RD,"BRYAN, TX 77802",32016228283,00001,11/19/2004,09/30/2006
DAYLIGHT DONUTS,INACTIVE,3813 E 29TH ST,"BRYAN, TX 77802",32023413902,00002,06/01/1990,03/31/1991
DAYLIGHT DONUTS OF BRYAN,INACTIVE,4282 BOONVILLE RD STE 100,"BRYAN, TX 77802",32021719268,00003,03/01/2012,07/01/2015
DAYLIGHT DONUTS OF BRYAN,INACTIVE,4282 BOONVILLE RD,"BRYAN, TX 77802",32019832933,00003,10/01/2009,02/29/2012
DAYLIGHT DONUTS OF BRYAN,INACTIVE,4248 BOONVILLE RD,"BRYAN, TX 77802",32019832933,00001,06/06/2006,09/30/2009
DAYLIGHT DONUTS OF BRYAN,INACTIVE,4248 BOONVILLE RD,"BRYAN, TX 77802",17429591112,00001,06/20/2000,02/11/2001
DAYLIGHT DONUTS OF BRYAN,INACTIVE,4282 BOONVILLE RD STE 100,"BRYAN, TX 77802",32057373410,00001,06/01/2015,09/30/2020
DAYOC AND ASSOCIATES,INACTIVE,6204 CROMWELL CT,"BRYAN, TX 77802",32027148033,00002,01/01/2001,12/31/2001
DAYTON ANN WILLIAMS,INACTIVE,715 EAGLE PASS ST,"BRYAN, TX 77802",32023446753,00002,01/05/2016,03/31/2019
DBA WE RENT IT,INACTIVE,3030 S TEXAS AVE,"BRYAN, TX 77802",32040383559,00002,01/04/2010,01/31/2019
DCA STUDIO,INACTIVE,2515 TOWERING OAKS DR,"BRYAN, TX 77802",32080350187,00002,07/01/2023,09/30/2023
DCA STUDIO,INACTIVE,307 EMMETT ST,"BRYAN, TX 77802",32080350187,00001,09/05/2021,06/30/2023
DD'S TREASURES,INACTIVE,816 E VILLA MARIA RD,"BRYAN, TX 77802",32017674733,00001,07/01/2005,09/30/2005
DEAN'S JEWELRY,INACTIVE,1316 A BARAK,"BRYAN, TX 77802",32014311859,00002,07/01/1984,12/31/1985
DEBORAH M STRIDER,INACTIVE,1304 BROOKHOLLOW,"BRYAN, TX 77802",32010513706,00001,03/01/1995,12/26/1995
DEBORAH PHILLIPS,INACTIVE,3924 SEMINOLE CT,"BRYAN, TX 77802",32028033739,00001,03/09/1999,12/25/2000
DEBRA PHILLIPS,INACTIVE,1904 CARTER CREEK PARKWAY,"BRYAN, TX 77802",32007927570,00001,04/04/1990,12/31/1990
DEE & JULIAN CLEANING SERVICES,INACTIVE,1906 BARAK LN APT 11,"BRYAN, TX 77802",32038945534,00001,03/01/2009,06/30/2009
DEE DEE MONIQUE,INACTIVE,3100 WILDFLOWER DR STE 304C13,"BRYAN, TX 77802",32082603732,00001,01/13/2022,
DEEPDESIRE,ACTIVE,3708 E 29TH ST # 1059,"BRYAN, TX 77802",32088483261,00001,04/01/2023,
"DEFINITUM AUDIO, LLC",INACTIVE,801 DELLWOOD ST STE 200,"BRYAN, TX 77802",32052346858,00001,10/25/2013,09/30/2014
DEGALLERY CORPORATION,ACTIVE,930 N ROSEMARY DR,"BRYAN, TX 77802",32059838170,00002,04/01/2025,
DEJA MARKETING,INACTIVE,722 MARY LAKE DR,"BRYAN, TX 77802",30113609819,00001,07/01/1989,12/26/1995
DEJA VU DAY SPA & BOUTIQUE,INACTIVE,3200 KENT ST,"BRYAN, TX 77802",32084088155,00002,10/01/2023,
DEL'S CORNER,INACTIVE,820 E VILLA MARIA,"BRYAN, TX 77802",32026178726,00002,07/01/1995,12/25/2000
DEL'S CORNER,INACTIVE,820 E VILLA MARIA,"BRYAN, TX 77802",32026178726,00001,09/20/1988,12/31/1990
DELI DEPOT,INACTIVE,158 BRIARCREST DR,"BRYAN, TX 77802",32025445514,00003,09/01/2000,09/01/2000
DELI DEPOT,INACTIVE,3200 HWY 158,"BRYAN, TX 77802",32005400521,00001,01/01/2001,07/31/2001
DELI DEPOT,INACTIVE,158 BRIARCREST DR,"BRYAN, TX 77802",17428734739,00003,09/01/2000,12/31/2000
DELIGHT STUDIO,INACTIVE,1716 BRIARCREST DR STE 300,"BRYAN, TX 77802",32034083819,00001,11/14/2007,06/30/2025
DELIGHTFULHANDS,INACTIVE,5537 SOMERFORD LN,"BRYAN, TX 77802",32038245661,00001,12/01/2008,12/25/2015
DELIGHTFULHANDS,ACTIVE,5537 SOMERFORD LN,"BRYAN, TX 77802",32038245661,00002,02/01/2017,
DELILAH'S FLOWERS FLORAL & MORE,INACTIVE,2613 E 29TH ST,"BRYAN, TX 77802",32039651925,00003,10/01/2011,12/31/2012
DELTA CONTROLS,INACTIVE,4110 SHAWNEE,"BRYAN, TX 77802",32030416146,00001,08/28/1992,12/31/1993
DELUCIA MAIL SERVICE,INACTIVE,2021 S TEXAS AVE,"BRYAN, TX 77802",17429199320,00001,08/01/2014,10/31/2016
"DEMONTROND COLLISION, LLC",INACTIVE,738 N EARL RUDDER FWY,"BRYAN, TX 77802",32061096577,00001,09/02/2016,01/31/2023
DENEAN GIDEON,INACTIVE,1857 BRIARCREST DR,"BRYAN, TX 77802",32007132114,00001,09/15/1995,12/31/1995
DENIS VRDOLJAK,INACTIVE,1716 BRIARCREST DR STE 300,"BRYAN, TX 77802",32041361745,00001,03/06/2010,03/06/2010
DENISE Y DENKER,INACTIVE,2612B PECAN RIDGE DR,"BRYAN, TX 77802",32008844220,00001,06/10/2000,12/31/2000
DENNIS KLESEL,INACTIVE,2509 BROADMOOR DR,"BRYAN, TX 77802",32014230299,00001,02/01/2004,12/25/2012
DENVER MATTRESS CO #451,ACTIVE,281 N EARL RUDDER FWY,"BRYAN, TX 77802",18414504300,00008,11/15/2003,
DERM CARE,INACTIVE,1673 BRIARCREST DR,"BRYAN, TX 77802",32032240569,00001,06/30/1993,12/31/1995
DERRICK WALKER,INACTIVE,1630 ENLOE CT,"BRYAN, TX 77802",32073588488,00001,03/02/2020,
DESERT MOON COLLECTIONS,INACTIVE,5625 CHELSEA CIR,"BRYAN, TX 77802",32031811477,00001,11/01/1997,12/30/1998
DESHI COMFORT FOODS LLC,ACTIVE,3902 E 29TH ST APT M8,"BRYAN, TX 77802",32094187716,00001,03/15/2025,
DESIGN DYNAMICS,INACTIVE,2907 HILLSIDE DRIVE,"BRYAN, TX 77802",17420488193,00001,05/01/1980,09/30/1982
DESIGN ELECTRIC INC,INACTIVE,2021 S TEXAS AVE,"BRYAN, TX 77802",17424308447,00015,02/01/1995,11/01/1995
DESIGN ELECTRIC INC,INACTIVE,1921A SOUTH TEXAS,"BRYAN, TX 77802",17424308447,00010,06/01/1993,03/01/1996
DESIGN MARKETING,INACTIVE,4300 APACHE CT,"BRYAN, TX 77802",32029216416,00001,07/01/1991,12/25/1999
DESIGNDYNAMO LLC,INACTIVE,2617 RUSTLING OAKS DR,"BRYAN, TX 77802",32093124405,00001,01/01/2024,09/30/2024
DESIGNDYNAMO LLC,INACTIVE,2617 RUSTLING OAKS DR,"BRYAN, TX 77802",32094406892,00001,04/01/2024,07/31/2024
DESIGNER ALEX,INACTIVE,600A CACHE CV,"BRYAN, TX 77802",32044048422,00001,05/01/2011,06/01/2011
DESIGNING WOMEN,INACTIVE,MANOR EAST MALL,"BRYAN, TX 77802",32017604532,00003,10/01/1990,07/15/1991
DESIGNS BY DI,INACTIVE,902 MITCHELL ST,"BRYAN, TX 77802",32034044795,00002,07/01/2008,12/31/2010
DESIGNS BY DIANE,INACTIVE,2503 BROADMOOR DR,"BRYAN, TX 77802",32009735534,00002,11/05/2001,12/25/2002
DESIGNS BY DIANE,INACTIVE,4000 SHAWNEE CIR,"BRYAN, TX 77802",32009735534,00001,07/24/1995,12/01/1999
DESIGNS BY O'LIVVIA,INACTIVE,1906 BARAK LANE #11,"BRYAN, TX 77802",32026865165,00001,04/01/1991,03/03/1992
DESILAINE CREATIONS,INACTIVE,4050 EASTCHESTER DR APT 715,"BRYAN, TX 77802",32090015838,00001,06/01/2023,
DEVAN CORPORATION,INACTIVE,4343 CARTER CREEK PKWY STE 100,"BRYAN, TX 77802",17425558834,00002,08/01/1997,12/25/1999
DEVAN CORPORATION,INACTIVE,4342 CARTER CREEK PKWY STE 102,"BRYAN, TX 77802",17425558834,00001,02/10/1990,07/30/1997
DEVIANT GRAFFITI,INACTIVE,2611B PECAN RIDGE DR,"BRYAN, TX 77802",32019803231,00002,07/16/2012,12/31/2014
DEW ENTERPRISES,INACTIVE,2901 WOOD MEADOW,"BRYAN, TX 77802",32032623129,00001,03/01/1990,04/01/1994
DH GUYTON FLOORS,INACTIVE,1813 TRENT,"BRYAN, TX 77802",32024640487,00002,04/01/1979,04/30/1989
DIABETIC CENTER,INACTIVE,1405 B BRIARCREST DRIVE,"BRYAN, TX 77802",32024985585,00001,07/01/1985,09/30/1986
DIAMOND CONSTRUCTION INC,INACTIVE,1606-B E BYPASS,"BRYAN, TX 77802",17424321697,00002,11/01/1989,12/31/1996
DIAMOND FLOORING PLUS,INACTIVE,2301 S TEXAS AVE,"BRYAN, TX 77802",32057336979,00001,06/01/2015,06/30/2018
DIAMOND SHAMROCK STATIONS INC #511,INACTIVE,3611 S TEXAS AVE,"BRYAN, TX 77802",17424720534,00266,11/01/2004,06/30/2007
DIANA'S ANTIQUES,INACTIVE,2512 BRIARWOOD CIR,"BRYAN, TX 77802",32006630019,00010,01/01/1990,12/31/1990
DIANNA'S DRAGONS,INACTIVE,2605 TODD ST,"BRYAN, TX 77802",32025353239,00001,03/25/1992,12/31/1993
DICK GULLEDGE INVESTIGATIONS,INACTIVE,2605 BARAK LN,"BRYAN, TX 77802",32007674891,00003,10/01/1993,01/31/1999
DICKSON CONSTRUCTION INC,INACTIVE,1720 BARAK,"BRYAN, TX 77802",17516443888,00001,12/01/1979,12/01/1979
DICKSON'S,INACTIVE,1702A SOUTH TEXAS AVENUE,"BRYAN, TX 77802",32010102690,00001,07/01/1985,03/31/1988
DICTATION ON CALL,INACTIVE,2402 BROADMOOR BLDG D-2 SUITE 102,"BRYAN, TX 77802",32024536040,00001,10/01/1987,03/31/1994
DICTATION ON CALL,INACTIVE,2402 BROADMOOR BLDG A STE 204,"BRYAN, TX 77802",32005317626,00001,04/01/1994,01/31/1997
DIET & NUTRITION FOR YOU,INACTIVE,2319 WINDSOR DR,"BRYAN, TX 77802",32029443317,00001,01/11/2000,12/31/2001
DIGITAL COMPUTING SYSTEMS INC,INACTIVE,1401 SANDIA PLZ,"BRYAN, TX 77802",17422598783,00004,12/01/2000,08/31/2006
DIGITAL COMPUTING SYSTEMS INC,INACTIVE,3608 E 29TH ST,"BRYAN, TX 77802",17422598783,00003,02/01/1999,12/31/2000
DILLY SHAW FARM & TRAINING CENTER,INACTIVE,6 MI EAST ON DILLY SHAW TAP ROAD,"BRYAN, TX 77802",17417932658,00002,05/01/1977,12/31/1979
DING HAO RESTAURANT,INACTIVE,3030 E 29TH ST STE 101,"BRYAN, TX 77802",32029653600,00001,04/15/2007,01/15/2008
"DIRECT FINANCIAL SOLUTIONS, LLC",INACTIVE,3091 UNIVERSITY DR E STE 230,"BRYAN, TX 77802",32063605888,00002,06/01/2023,05/01/2025
"DIRECT FINANCIAL SOLUTIONS, LLC",INACTIVE,2700 APPLE CREEK CIR,"BRYAN, TX 77802",32063605888,00001,05/07/2017,05/31/2023
"DIRECT GENERAL CONSUMER PRODUCTS, INC.",ACTIVE,724 E VILLA MARIA RD STE 600,"BRYAN, TX 77802",16218265698,00030,05/01/2014,
DIRECT GENERAL INSURANCE,INACTIVE,724 E VILLA MARIA RD STE 600,"BRYAN, TX 77802",17520370119,00140,04/01/2012,05/31/2014
DIRTY DOUGH BRYAN,ACTIVE,3001 WILDFLOWER DR STE 211,"BRYAN, TX 77802",32089656832,00001,12/12/2023,
DISABLED AMERICA VETERANS,INACTIVE,MANOR EAST MALL,"BRYAN, TX 77802",32022617008,00002,09/29/1984,09/29/1984
DISCOUNT CLEANERS,INACTIVE,3300 E 29TH ST,"BRYAN, TX 77802",32014728573,00001,01/01/2005,03/31/2007
DISCOUNT CLEANERS,INACTIVE,3300 E 29TH ST,"BRYAN, TX 77802",17429649340,00001,01/15/2001,03/31/2002
DISCOUNT CLEANERS,ACTIVE,3300 E 29TH ST,"BRYAN, TX 77802",32072894127,00001,09/01/2023,
DISCOUNT CLEANERS,INACTIVE,3300 E 29TH ST,"BRYAN, TX 77802",32032803119,00002,04/01/2002,09/30/2002
DISCOUNT CLEANERS,INACTIVE,3300 E 29TH ST,"BRYAN, TX 77802",12085198310,00003,04/01/2007,06/01/2011
DISCOUNT CLEANERS,INACTIVE,3300 E 29TH ST,"BRYAN, TX 77802",32007163366,00001,10/01/2002,12/31/2004
DISCOUNT CLEANERS,INACTIVE,3300 E 29TH ST,"BRYAN, TX 77802",32052161554,00001,01/02/2014,04/30/2022
DISCOUNT CLEANERS #1,INACTIVE,3300 E 29TH ST,"BRYAN, TX 77802",32043774614,00002,05/01/2011,01/01/2014
DISCOUNT CLOTHES STORE,INACTIVE,2606 S TEXAS AVE,"BRYAN, TX 77802",32052369850,00001,11/04/2013,08/31/2014
DISCOUNT DRINK & TOBACCO,INACTIVE,3819 E 29TH ST,"BRYAN, TX 77802",32041383178,00001,08/31/2009,08/31/2009
DISCOUNT DRINK & TOBACCO,INACTIVE,3819 E 29TH ST,"BRYAN, TX 77802",14120970703,00003,09/01/2005,05/30/2007
DISCOUNT DRINK & TOBACCO,INACTIVE,3819 E 29TH ST,"BRYAN, TX 77802",32030550811,00001,05/01/2007,11/30/2024
DISCOUNT FOOD MART,INACTIVE,2600 S TEXAS AVE,"BRYAN, TX 77802",32072408274,00004,06/01/2025,08/01/2025
DISCOUNT FURNITURE SHACK,INACTIVE,1502 S TEXAS AVE,"BRYAN, TX 77802",32069572793,00001,02/23/2019,02/01/2024
DISCOUNT JEWELRY IV,INACTIVE,725 E VILLA MARIA,"BRYAN, TX 77802",11137181886,00004,12/17/2004,10/10/2006
DISCOUNT TIRE CO - TXH 81,ACTIVE,3001 TOWNE CENTRE WAY,"BRYAN, TX 77802",13823100279,00288,04/18/2012,
DIVA BLING,ACTIVE,3902 E 29TH ST APT F24,"BRYAN, TX 77802",32048487584,00001,07/16/2012,
DIVA DUDS BY CARRIE,INACTIVE,3804 CHAUCER CT,"BRYAN, TX 77802",32042896905,00001,10/26/2010,12/25/2017
DIVA'S,INACTIVE,708A CACHE COVE,"BRYAN, TX 77802",32010829326,00001,11/09/2000,12/31/2001
DIVERSIFIED AGRICULTURE INC,INACTIVE,3506 BROAD OAK CIRCLE,"BRYAN, TX 77802",30114053801,00001,12/05/1990,12/05/1990
DIVINE HAIR,INACTIVE,3100 WILDFLOWER DR,"BRYAN, TX 77802",32080763314,00001,10/15/2021,
DIZZY DAZEE DOG GROOMING,ACTIVE,3141 BRIARCREST DR STE 526,"BRYAN, TX 77802",32065562798,00002,10/01/2020,
DJAVUU,INACTIVE,1673 BRIARCREST DR STE A105,"BRYAN, TX 77802",32090083596,00001,08/01/2023,
DJKM ENTERPRISES INC,INACTIVE,2358 W BRIARGATE DR,"BRYAN, TX 77802",10206635400,00002,01/01/2005,12/31/2007
DJM TECHNOLOGIES,INACTIVE,2508 ARBOR DR,"BRYAN, TX 77802",32005883742,00001,03/20/2001,12/25/2005
DLKW INC,INACTIVE,725 E VILLA MARIA RD,"BRYAN, TX 77802",32030947264,00001,07/01/2007,09/30/2007
DLS LAWN SERVICE,INACTIVE,4301A S TEXAS AVE,"BRYAN, TX 77802",32028220815,00001,07/01/1996,09/30/1996
DMC ENTERPRISES,INACTIVE,1638 BARAK LN,"BRYAN, TX 77802",32025336382,00001,10/16/1991,12/31/1993
DOAR IVRI ENTERPRISES,INACTIVE,4912 PARK LAND DR,"BRYAN, TX 77802",32037411785,00001,07/01/2008,03/31/2017
DOC'S GUNS,INACTIVE,1300 BRIAR CLIFF DR #132,"BRYAN, TX 77802",32021604064,00001,01/01/1990,12/31/1990
DOCKERY'S UPHOLSTERY,INACTIVE,720 VILLA MARIA RD,"BRYAN, TX 77802",32023997268,00002,08/17/1972,06/30/1995
DOCKERY'S UPHOLSTERY,INACTIVE,720 E VILLA MARIA RD,"BRYAN, TX 77802",32006714805,00001,07/01/1995,01/01/2012
DOCKERYS UPHOLSTERY,INACTIVE,720 VILLA MARIA RD,"BRYAN, TX 77802",32023997268,00001,09/01/1961,09/30/1971
DOCTOR SUB'S SANDWICH SHOP,INACTIVE,2611 E 29TH ST,"BRYAN, TX 77802",32023848172,00001,11/13/1995,10/27/1996
DOCTOR'S NOTES INC,INACTIVE,1716 BRIARCREST SUITE 701,"BRYAN, TX 77802",17426047258,00001,07/01/1991,01/01/1993
DOGGETT AUTO PARTS INC,INACTIVE,3601 OLD KURTEN RD,"BRYAN, TX 77802",30002668660,00001,04/01/1976,05/30/1981
DOLLAR GENERAL STORE #10526,INACTIVE,3518 S TEXAS AVE,"BRYAN, TX 77802",16111931362,00591,11/17/1998,12/31/2008
DOLLAR GENERAL STORE #2874,INACTIVE,4001 E 29TH ST STE 102,"BRYAN, TX 77802",16111931362,00068,06/30/1993,02/01/2007
DOLLAR GENERAL STORE #3655,ACTIVE,1709 S TEXAS AVE,"BRYAN, TX 77802",16111931362,01411,12/01/2009,
DOLLAR GENERAL STORE #9401,INACTIVE,1915 S TEXAS AVE,"BRYAN, TX 77802",16111931362,00954,06/01/2003,03/31/2008
DOLLAR TREE #08072,ACTIVE,725 E VILLA MARIA RD STE 401,"BRYAN, TX 77802",15413873652,00713,11/21/2019,
DOLLAR TREE #4151,ACTIVE,3121 WILDFLOWER DR STE 500,"BRYAN, TX 77802",15413873652,00319,07/10/2009,
DOLLAR WORLD,INACTIVE,2011 S TEXAS AVE,"BRYAN, TX 77802",17426421578,00002,06/05/1993,03/31/2003
DOLLS BY GLADYS ARLINE,INACTIVE,2402 BRIAR OAKS DR,"BRYAN, TX 77802",32028235292,00001,08/27/1993,12/31/1996
DOLLS BY JACKIE VARNER,INACTIVE,3700 WINDRIDGE DR,"BRYAN, TX 77802",32008336805,00004,06/01/1990,12/31/2003
DOMINION COMMUNICATIONS L L C,INACTIVE,1716 BRIARCREST DR STE 210,"BRYAN, TX 77802",17605107154,00002,01/01/1999,12/31/2000
DOMINION COMMUNICATIONS L L C,INACTIVE,4001 E 29TH ST STE 170E,"BRYAN, TX 77802",17605107154,00001,01/24/1997,12/31/1998
DOMINION LASERCOM INC,INACTIVE,1716 BRIARCREST DR STE 210,"BRYAN, TX 77802",15222578492,00001,01/01/2001,12/31/2009
DOMINION LASERCOM INC,INACTIVE,3125 S TEXAS AVE STE 1900,"BRYAN, TX 77802",15222578492,00002,01/01/2010,03/31/2015
DOMINO-TABLES.COM,INACTIVE,1307 BARAK LN,"BRYAN, TX 77802",14121060686,00001,08/11/2003,06/30/2004
DOMINO-TABLES.COM,INACTIVE,1307 BARAK LN,"BRYAN, TX 77802",32011370338,00001,05/12/2003,08/10/2003
DOMINO'S PIZZA,INACTIVE,2211 E WILLIAM J BRYAN PKWY,"BRYAN, TX 77802",17423685910,00037,04/01/2002,05/31/2003
DOMINO'S PIZZA,INACTIVE,2015 TEXAS AVE,"BRYAN, TX 77802",17423242332,00001,06/14/1984,12/29/1992
DOMINO'S PIZZA,INACTIVE,4407 S TEXAS AVENUE,"BRYAN, TX 77802",17421021761,00001,04/16/1980,12/29/1992
DOMINO'S PIZZA #29,ACTIVE,2211 E WILLIAM J BRYAN PKWY,"BRYAN, TX 77802",17423685910,00001,01/01/1993,
DOMINO'S PIZZA #31,INACTIVE,4407 SOUTH TEXAS AVENUE,"BRYAN, TX 77802",17423685910,00003,01/01/1993,12/01/1994
DON CHENTE MEXICAN & SEAFOOD RESTAURANT,ACTIVE,712 E VILLA MARIA RD STE 110,"BRYAN, TX 77802",32072825345,00001,02/01/2020,
DON HANCOCK SERVICES-PEST CONTROL,INACTIVE,4109 SHAWNEE CIR,"BRYAN, TX 77802",32008556121,00001,09/01/1999,09/30/2014
DON MATHIES,INACTIVE,2301 BROADMOOR DR APT 223,"BRYAN, TX 77802",32030770773,00001,05/01/2001,03/31/2002
DON WILLIAMS AIR CONDITIONER SERVICE,INACTIVE,1504 E 29TH ST,"BRYAN, TX 77802",32012816511,00002,08/24/1992,12/31/1997
DON'S CARPET PAINT & WALLPAPER,INACTIVE,1502 S TEXAS AVENUE,"BRYAN, TX 77802",17420802161,00001,01/01/1980,03/31/1990
DON'S CARPET PAINT & WALLPAPER INC,INACTIVE,1426 S TEXAS AVE,"BRYAN, TX 77802",17420802161,00003,03/01/1990,
DON'S CYCLE SHOP,INACTIVE,727 N ROSEMARY DR,"BRYAN, TX 77802",32027884983,00001,06/01/1970,09/30/1972
DON'S JANITORIAL SERVICE,INACTIVE,4617 LOCKSFORD DR,"BRYAN, TX 77802",32030388816,00001,07/01/1999,09/30/2002
DONALD B BROWNING,INACTIVE,2507 CARTER CREEK PKWY,"BRYAN, TX 77802",17416966020,00002,01/01/2001,01/31/2001
DONALD C GRAESSER P E,INACTIVE,2107 VINEWOOD DR,"BRYAN, TX 77802",32022459310,00001,01/01/1992,12/31/1993
DONALD DONUTS,INACTIVE,3308 E 29TH ST,"BRYAN, TX 77802",32010385394,00004,10/01/2002,06/30/2009
DONALD K ROTHENFLUE,INACTIVE,2316 DEVONSHIRE,"BRYAN, TX 77802",32023589461,00001,05/04/1981,12/25/1985
DONALD W BEAL EXXON,INACTIVE,2401 E 29TH,"BRYAN, TX 77802",32030325636,00001,01/01/1984,07/20/1989
DONALD'S DONUTS,ACTIVE,3308 E 29TH ST # E,"BRYAN, TX 77802",32036705484,00002,01/01/2009,
DONALD'S DONUTS,INACTIVE,3308 E 29TH ST,"BRYAN, TX 77802",32003265017,00001,04/01/2001,10/31/2002
DONG JANG MARKET CO,INACTIVE,3409 SOUTH TEXAS AVE,"BRYAN, TX 77802",32027777112,00004,04/01/1994,06/30/1995
DONNY ACKERMAN,INACTIVE,2316 LONG DR # A,"BRYAN, TX 77802",32031538138,00002,10/01/1995,06/30/1996
DONUTS MORNING,INACTIVE,808 E VILLA MARIA RD,"BRYAN, TX 77802",32011458935,00002,07/23/2007,06/17/2010
DOODLE DESIGNS,INACTIVE,3604 MAJOR ST # A,"BRYAN, TX 77802",32061540277,00001,10/15/2016,06/30/2021
DOODLEBUG'S,INACTIVE,3132 E 29TH ST NBR 59,"BRYAN, TX 77802",32007303632,00003,01/01/1993,11/29/1994
DORIS P PATTERSON,INACTIVE,RT 3 BOX 534,"BRYAN, TX 77802",17414717417,00003,10/01/1979,06/07/1982
DOS AMIGOS,INACTIVE,1601A S TEXAS AVE,"BRYAN, TX 77802",32005276624,00001,04/01/1995,06/15/1996
DOTTIE BALLARD,INACTIVE,3921 GLENN OAKS,"BRYAN, TX 77802",32030741733,00001,01/01/1992,12/31/1994
DOUBLE CLICK SOLUTIONS,INACTIVE,1103 EDGEWOOD DR,"BRYAN, TX 77802",32015422937,00001,08/01/2004,04/30/2005
DOUBLE D DESIGNS,INACTIVE,3828 S TEXAS AVE,"BRYAN, TX 77802",32009396162,00002,03/08/2001,08/31/2004
DOUBLE DAVE'S PIZZAWORKS,INACTIVE,4001 E 29TH ST STE 75,"BRYAN, TX 77802",17519109635,00005,09/01/1986,12/31/1997
DOUBLE DIAMOND LIQUOR,INACTIVE,3525 S TEXAS AVE,"BRYAN, TX 77802",32005372852,00001,10/01/1998,10/31/1999
"DOUBLE VISION XYZ, LLC",ACTIVE,831 ENFIELD ST,"BRYAN, TX 77802",32092039737,00001,09/01/2024,
DOUBLEDAVE'S PIZZAWORKS,INACTIVE,2002 E 29TH ST,"BRYAN, TX 77802",17519109635,00021,03/04/1997,07/31/1998
DOUBLEDAVES PIZZAWORKS,INACTIVE,2002 E 29TH ST STE 101,"BRYAN, TX 77802",17428837011,00002,07/01/1998,05/31/2006
DOUG STALLINGS TAXIDERMIST SERVICE,INACTIVE,4209 MEADOW BROOK,"BRYAN, TX 77802",32009039648,00002,04/01/1986,07/26/1994
DOUG STALLINGS TAXIDERMIST SERVICE,INACTIVE,404 JUNE ST,"BRYAN, TX 77802",32009039648,00001,03/01/1985,03/31/1986
DOUGH HOUSE,INACTIVE,3203 FREEDOM BLVD,"BRYAN, TX 77802",32068522187,00001,10/20/2018,02/28/2019
DOUGLAS GREENHOUSES,INACTIVE,2912 BEXAR GRASS DR,"BRYAN, TX 77802",32011552760,00001,07/01/2003,03/31/2005
DOUGLAS JOHN CAMPBELL JR.,INACTIVE,3232 BRIARCREST DR,"BRYAN, TX 77802",32041576698,00002,10/09/2010,10/09/2010
DOVE ENTERPRISES,INACTIVE,2416B PECAN RIDGE DR,"BRYAN, TX 77802",32006457660,00001,04/25/2000,09/25/2000
DPB LAWN SERVICE,INACTIVE,1564 BENNETT ST,"BRYAN, TX 77802",32007299178,00001,08/06/2002,12/25/2005
DR DREW A JOHNSON,INACTIVE,1615 BARAK LN,"BRYAN, TX 77802",32007942967,00001,04/03/1997,11/13/2015
DR HANS-JOCHEN TROST,INACTIVE,4104 MEADOWBROOK DR,"BRYAN, TX 77802",32022200532,00001,01/01/1996,12/31/1996
DR SUZ KALEIDOSCOPES,INACTIVE,4109 VICEROY DR,"BRYAN, TX 77802",32078226845,00001,04/01/2021,12/31/2022
DR. ZELAYA EDUCATIONAL CONSULTING LLC,INACTIVE,1716 BRIARCREST DR STE 300,"BRYAN, TX 77802",32071115490,00001,06/21/2022,03/31/2025
DRAGON ONE RESTAURANT INC,INACTIVE,3203 FREEDOM BLVD STE 700,"BRYAN, TX 77802",32049458394,00001,12/01/2012,04/30/2014
DRAGONFIRE GLASS STUDIO,INACTIVE,802 OAK ST,"BRYAN, TX 77802",32007507216,00001,01/26/2001,12/31/2002
DRAGONFLY BEADS,INACTIVE,3501 S TEXAS AVE STE 100,"BRYAN, TX 77802",32026792997,00002,01/01/2008,12/31/2009
DREAMSPORT,INACTIVE,718 MARY LAKE DR,"BRYAN, TX 77802",32006110145,00001,02/28/2000,12/31/2002
DRIFT CONTROL ENTERPRISES,INACTIVE,2502 WILLOW BEND DR,"BRYAN, TX 77802",32022726049,00001,04/14/1987,12/31/1996
DRL SPECIALTIES,INACTIVE,3612 RAVENWOOD DR,"BRYAN, TX 77802",32008636048,00001,10/01/1997,09/30/2014
DRM INDUSTRIES INC,INACTIVE,HWY 21 AT FM 2038 S,"BRYAN, TX 77802",17426072157,00002,10/05/1991,02/01/2005
DRONESHOT BCS,ACTIVE,3806 OAK RIDGE DR,"BRYAN, TX 77802",32088583920,00001,03/18/2023,
DUCKS AND MOORE,INACTIVE,1901 DEBBIE DR,"BRYAN, TX 77802",32083097710,00002,01/01/2023,03/31/2025
DUCKS UNLIMITED OF BRAZOS VALLEY,INACTIVE,3232 BRIARCREST DR,"BRYAN, TX 77802",11356437993,00013,10/28/1999,10/28/1999
DUCKS UNLIMITED OF BRAZOS VALLEY,INACTIVE,3232 BRIARCREST DR,"BRYAN, TX 77802",11356437993,00013,10/26/2000,10/26/2000
DUCKS UNLIMITED OF BRAZOS VALLEY,INACTIVE,3232 BRIARCREST DR,"BRYAN, TX 77802",11356437993,00013,10/23/2003,10/23/2003
DUNCAN TAYLOR,INACTIVE,2304 MORNINGSIDE DR,"BRYAN, TX 77802",32026351562,00001,09/01/2000,03/24/2001
DURANGO DANCE VIDEO,INACTIVE,3141 BRIARCREST DR STE 511,"BRYAN, TX 77802",32023848735,00002,10/25/1999,02/07/2000
DVD RENTAL BY REDBOX LLC,INACTIVE,825 E VILLA MARIA RD,"BRYAN, TX 77802",12601004364,00850,12/16/2007,07/10/2024
DW MINERALS,INACTIVE,3780 COPPERFIELD DR APT 1012,"BRYAN, TX 77802",32091767197,00001,10/01/2023,
"DWAYNE'S LAWN SERVICE, LLC",ACTIVE,4915 PARK ROW PL,"BRYAN, TX 77802",12629526695,00002,02/02/2022,
"DWAYNE'S LAWN SERVICE, LLC",INACTIVE,4915 PARK ROW PL,"BRYAN, TX 77802",12629526695,00001,07/01/2008,02/01/2022
DWS SERVICES LLC,ACTIVE,3708 E 29TH ST PMB 103,"BRYAN, TX 77802",32096057743,00001,08/01/2024,
DYER ELECTRONICS WAREHOUSE #12,INACTIVE,3601 EAST 29TH STREET,"BRYAN, TX 77802",17418718726,00012,10/01/1979,05/31/1983
DYESS'S VIDEO CENTER,INACTIVE,3517 S TEXAS AVE,"BRYAN, TX 77802",32008515473,00008,03/22/1984,01/01/1999
DYESS'S VIDEO CENTER #3,INACTIVE,4235 WELLBORN RD,"BRYAN, TX 77802",32008515473,00010,05/12/1986,09/30/1986
DYLAN CUSTOM CARPENTRY LLC,INACTIVE,106 N BROWN ST,"BRYAN, TX 77802",32087761584,00001,01/03/2023,09/30/2024
DYLAN FURNITURE,INACTIVE,106 N BROWN ST,"BRYAN, TX 77802",32043714156,00003,01/01/2019,12/31/2022
DYNAMIC INFORMATION SYSTEMS,INACTIVE,801 DELLWOOD ST # 232,"BRYAN, TX 77802",32010257429,00004,10/01/2012,06/30/2015
DYNAMIC SECURITY OF TEXAS INC,INACTIVE,2613D PECAN KNOLL ST,"BRYAN, TX 77802",16307437547,00001,06/15/1997,12/31/2001
DYS-ART BONSAI,INACTIVE,2410 MEMORIAL #A220,"BRYAN, TX 77802",32024606710,00001,07/01/1992,12/31/1994
D1 SPORTS TRAINING OF COLLEGE STATION,INACTIVE,3121 UNIVERSITY DR E STE 150,"BRYAN, TX 77802",32061340371,00001,03/01/2016,11/30/2017
E & E DART SUPPLY,INACTIVE,2849 OAKSIDE DR,"BRYAN, TX 77802",30009135705,00007,07/01/1997,07/09/2000
E & G ENTERPRISES,INACTIVE,2105 BRIAR OAKS DR,"BRYAN, TX 77802",32025861264,00001,08/01/1994,09/30/1996
E C RENTAL TOOL & EQUIPMENT CO INC,INACTIVE,1809 E BYPASS 6,"BRYAN, TX 77802",17514586878,00003,01/01/1982,07/01/1985
E C STYLES,INACTIVE,1308 DOUGLAS ST,"BRYAN, TX 77802",32024165840,00001,01/07/1991,07/01/1994
E DESIGN,INACTIVE,3927 PARK HURST DR,"BRYAN, TX 77802",32004502855,00001,03/19/2002,12/25/2007
E M JEWELRY,INACTIVE,1525 E 29TH ST APT 907,"BRYAN, TX 77802",32046648310,00001,02/05/2012,12/22/2014
E MOUNTAIN ENTERPRISES,INACTIVE,100 S BREWER DR,"BRYAN, TX 77802",32008855051,00003,12/01/2011,12/31/2012
E S P CASINO CONCEPTS,INACTIVE,1915 VINEWOOD,"BRYAN, TX 77802",32024645056,00001,06/19/1985,08/10/1986
E T C AUTOS,INACTIVE,2213 S TEXAS AVE,"BRYAN, TX 77802",32007816104,00003,01/01/2014,12/31/2015
E Z WAY DRIVE IN,INACTIVE,2612 S TEXAS AVENUE,"BRYAN, TX 77802",32026503873,00001,02/01/1978,01/31/1988
E 29 THS VILLA MARIA EXXON SERVICE STATION,INACTIVE,2401 E 29TH ST,"BRYAN, TX 77802",32008437116,00001,11/13/1989,09/30/1995
E.T.C. AUTOS,ACTIVE,2213 S TEXAS AVE,"BRYAN, TX 77802",32007816104,00005,01/01/2016,
E&J ANTIQUES,INACTIVE,3802 WOODMERE DR,"BRYAN, TX 77802",32021309573,00001,05/20/1994,12/25/1999
E-Z MART STORE #462,INACTIVE,3330 E 29TH ST,"BRYAN, TX 77802",17422167498,00156,07/01/1995,08/31/1996
E-Z PRODUCTS,INACTIVE,3510 OAK HOLLOW DR,"BRYAN, TX 77802",32026760507,00001,12/01/1991,12/01/1991
EAGLE CLEANERS,INACTIVE,1405 BRIARCREST DR,"BRYAN, TX 77802",32025209738,00003,09/01/1993,04/01/1995
"EAGLE PASS PHOTOGRAPHY AND DRONE SERVICES, LLC",INACTIVE,802 EAGLE PASS ST APT A,"BRYAN, TX 77802",32084442451,00001,06/06/2022,03/31/2023
EAGLE'S WING-CURIOS SHOP,INACTIVE,725 E VILLA MARIA RD,"BRYAN, TX 77802",32005271286,00001,11/28/1996,12/31/1996
EAGLEXO,INACTIVE,4113 BEDFORD DR,"BRYAN, TX 77802",32089342219,00001,05/01/2023,03/31/2024
"EAN HOLDINGS, LLC",ACTIVE,1811 S TEXAS AVE,"BRYAN, TX 77802",12640866161,00165,05/29/2018,
EARL JR SMALL ENGINES,INACTIVE,508 AVONDALE AVE,"BRYAN, TX 77802",32005228898,00001,02/02/1998,04/30/1998
EARL L HAWKINS / PRO-CUTS INC,INACTIVE,1770 BRIARCREST DR,"BRYAN, TX 77802",14811872424,00001,07/01/1996,10/31/2014
EARL L HAWKINS/ PRO CUTS,INACTIVE,1770 BRIARCREST DR,"BRYAN, TX 77802",32023251211,00001,01/01/1990,06/30/1996
EARL'S SMALL ENGINE,INACTIVE,508 AVONDALE AVE,"BRYAN, TX 77802",32007884219,00001,09/08/1987,12/31/2018
EARLENE'S ACCESSORIES & APPAREL,INACTIVE,2600 SYMPHONY PARK DR,"BRYAN, TX 77802",32028045667,00001,03/14/2007,12/31/2009
EARLY BIRD CLEANERS & LAUNDRY LLC,INACTIVE,3131 BRIARCREST DR,"BRYAN, TX 77802",17427482660,00007,12/01/1997,12/20/2002
EARLY BIRD CLEANERS AND LAUNDRY L L C,INACTIVE,1517 S TEXAS AVE,"BRYAN, TX 77802",17427482660,00001,06/01/1995,12/20/2002
EARTH & ENERGY ARTS,INACTIVE,4343 CARTER CREEK SUITE 109,"BRYAN, TX 77802",30004072663,00001,05/01/1979,01/31/1980
EARTH MATTERS INC,INACTIVE,3816 BRIGHTON DR,"BRYAN, TX 77802",17427945518,00001,09/01/1996,12/31/1997
EARTH'S TREASURES,INACTIVE,4017 WOODCREST DR,"BRYAN, TX 77802",32031337929,00001,09/15/1997,12/31/1997
"EAS DEVELOPMENT, LLC",ACTIVE,4234 BOONVILLE RD,"BRYAN, TX 77802",32079329788,00001,04/01/2023,
EAST 29 COMMUNICATIONS,INACTIVE,3601 E 29TH ST,"BRYAN, TX 77802",32048930047,00001,10/01/2012,12/31/2012
EASTEP AUTO SALES,ACTIVE,1800 S TEXAS AVE,"BRYAN, TX 77802",12004242330,00003,06/29/2015,
EASTEP AUTO SALES,INACTIVE,1803 S TEXAS AVE,"BRYAN, TX 77802",12004242330,00002,01/01/2009,06/29/2015
EASTMAN CHRISTENSEN,INACTIVE,1716 BRIARCREST DR,"BRYAN, TX 77802",17425460197,00001,01/01/1990,01/01/1990
EASY PHONE,INACTIVE,3600 S TEXAS AVE STE 300,"BRYAN, TX 77802",32074171375,00002,08/25/2020,04/30/2025
EATON GRAPHIC COMMUNICATIONS INC,INACTIVE,1200 VILLA MARIA SUITE 102,"BRYAN, TX 77802",17604419246,00001,07/01/1994,12/26/1995
EBONY ESSENCE,INACTIVE,2022 S TEXAS AVE,"BRYAN, TX 77802",32015106670,00002,09/01/2004,03/31/2007
ECKERD DRUGS #361,INACTIVE,703 E VILLA MARIA RD,"BRYAN, TX 77802",11333024377,00017,02/01/1991,02/28/1997
ECKERD DRUGS #361,INACTIVE,703 E VILLA MARIA RD,"BRYAN, TX 77802",15103781223,00016,03/02/1997,10/01/1998
ECKERD DRUGS #361,INACTIVE,703 VILLA MARIA RD,"BRYAN, TX 77802",15913700181,00021,08/01/1976,01/31/1991
ECKERD DRUGS #361R,INACTIVE,3000 S TEXAS AVE,"BRYAN, TX 77802",15103781223,00501,10/01/1998,07/31/2004
ECLECTIC JUNKIES,INACTIVE,2313 KENT ST,"BRYAN, TX 77802",32017254650,00002,04/08/2005,06/30/2005
ECLECTIC PRODUCTIONS,INACTIVE,3804 VALLEY OAKS DR,"BRYAN, TX 77802",32008259551,00004,08/01/2009,06/30/2019
ECLECTIC PRODUCTIONS,INACTIVE,4103 S TEXAS AVE STE 214,"BRYAN, TX 77802",32008259551,00003,04/01/2007,12/31/2007
ECLIPS STUDIO,INACTIVE,4343 CARTER CREEK PKWY STE 101,"BRYAN, TX 77802",32005836773,00001,01/01/1985,12/31/1996
ECO CHILDREN'S CLOTHING,INACTIVE,910 N EARL RUDDER FWY STE 350,"BRYAN, TX 77802",32092030397,00001,11/01/2023,
ECONOPHONE INC,INACTIVE,3833 S TEXAS AVE STE 240,"BRYAN, TX 77802",11131327220,00001,01/01/1999,06/30/1999
ECONOPHONE INC,INACTIVE,3833 S TEXAS AVE STE 240,"BRYAN, TX 77802",30118516175,00001,07/01/1996,12/31/1998
ECOZAPP PEST CONTROL,INACTIVE,4401 KINGSDALE DR,"BRYAN, TX 77802",32047125656,00002,10/01/2012,10/31/2016
ED & FRANKIE SLOVACEK SHORT TERM TRUST,INACTIVE,4444 CARTER CREEK SUITE 101,"BRYAN, TX 77802",17463293179,00001,01/01/1986,06/30/1991
ED SLOVACEK CPA PLLC,INACTIVE,1716 BRIARCREST DR STE 120,"BRYAN, TX 77802",32043106593,00001,01/01/2011,08/13/2021
ED SLOVACEK P C,INACTIVE,4444 CARTER CREEK PARKWAY SUITE 101,"BRYAN, TX 77802",17423803547,00001,01/01/1986,12/31/1990
EDFED SOLUTIONS,INACTIVE,4201 WOODCREST DR,"BRYAN, TX 77802",32014454030,00001,03/01/2004,12/31/2005
EDGY HAIR STUDIO,INACTIVE,3100 WILDFLOWER DR STE 304,"BRYAN, TX 77802",32076219875,00001,10/12/2020,12/31/2020
EDIBLY YOURS,INACTIVE,3000 BRIARCREST DR STE 102,"BRYAN, TX 77802",32019255325,00001,03/03/2006,06/30/2006
EDKEN TECHNOLOGIES LLC,INACTIVE,5034 GREENSTONE WAY,"BRYAN, TX 77802",32088182772,00001,03/01/2024,06/30/2025
EDUCATION 2 U,INACTIVE,2525 E VILLA MARIA RD,"BRYAN, TX 77802",17429059037,00001,04/01/1999,01/01/2001
EDWARD G & ILA M WILLIAMSON DISTR,INACTIVE,1515 WOODLAND DR,"BRYAN, TX 77802",32020810548,00002,04/01/1974,12/31/1979
EDWARD G & ILA M WILLIAMSON DISTR,INACTIVE,1515 WOODLAND DR,"BRYAN, TX 77802",32020810548,00001,01/01/1972,06/30/1973
EGGCETERA,INACTIVE,2009 WAYSIDE DR,"BRYAN, TX 77802",30116413110,00001,03/11/1996,12/31/1996
EILEEN BOOKMAN PETERS,INACTIVE,4001 OAK BEND DR,"BRYAN, TX 77802",32006783800,00002,01/01/1997,12/25/2004
EIX INDUSTRIES,INACTIVE,800 MITCHELL,"BRYAN, TX 77802",32028859273,00002,07/07/1988,07/01/1990
EIX INDUSTRIES,INACTIVE,3535 PLAINSMAN #K156,"BRYAN, TX 77802",32028859273,00001,05/02/1988,07/06/1988
EK SYSTEMS LLC,INACTIVE,2411 DE LEE ST APT 8,"BRYAN, TX 77802",32055168523,00003,04/01/2019,12/31/2021
EL CERRITO ANIMAL CLINIC,ACTIVE,1730 BARAK LN,"BRYAN, TX 77802",32009083653,00001,01/01/1997,
EL CERRITO ANIMAL CLINIC,INACTIVE,1730 BARAK LN,"BRYAN, TX 77802",30007931287,00001,10/02/1984,12/31/1996
EL CHICO OF BRYAN,INACTIVE,3109 TEXAS AVENUE,"BRYAN, TX 77802",32022955838,00001,01/18/1988,03/24/1989
EL CHICO RESTAURANT NO 58,INACTIVE,3109 S TEXAS AVENUE,"BRYAN, TX 77802",17104801570,00001,03/12/1983,01/31/1988
EL COCO LOCO SINALOENSE RESTAURANT,INACTIVE,1601 S TEXAS AVE,"BRYAN, TX 77802",32001086951,00001,11/13/1998,08/31/2001
EL COCOLOCO SINALOENSE TAQUERIA & RESTAURANT,INACTIVE,1601 S TEXAS AVE,"BRYAN, TX 77802",32024202916,00001,09/01/2001,03/01/2002
EL CONQUISTADOR,INACTIVE,1501 WILLIAM JOEL BRYAN PKWY,"BRYAN, TX 77802",32005048312,00001,09/01/1993,03/23/1994
EL CONQUISTADOR BAR,INACTIVE,1501 WILLIAM JOEL BRYAN PARKWAY,"BRYAN, TX 77802",32005163517,00001,04/15/1994,12/31/1994
EL GALLITO DE JALISCO MEXICAN RESTAURANT,INACTIVE,4001 E 29TH ST STE 106,"BRYAN, TX 77802",32010679028,00002,08/01/2013,02/01/2015
EL GRANO DE ORO #1,INACTIVE,725 E VILLA MARIA RD,"BRYAN, TX 77802",32051255787,00003,03/03/2016,09/30/2016
EL HALADO EXPRESS,INACTIVE,2410 MORRIS LN,"BRYAN, TX 77802",32041812200,00001,05/15/2010,06/24/2010
EL LOCO TACO,INACTIVE,712 E VILLA MARIA RD STE 110,"BRYAN, TX 77802",32062517209,00001,06/15/2017,12/31/2017
EL LOCO TACO,INACTIVE,712 E VILLA MARIA RD STE 110,"BRYAN, TX 77802",32067986714,00001,12/31/2017,12/31/2017
EL PINGUINO RASPAS AND SNACKS,INACTIVE,1425 S TEXAS AVE,"BRYAN, TX 77802",32045020834,00002,07/01/2014,07/02/2014
EL POLLO RICO #8,INACTIVE,3227 S TEXAS AVE,"BRYAN, TX 77802",32047334639,00001,07/01/2012,11/30/2014
EL TIO AUTO SALES LLC,INACTIVE,4605 BROMPTON LN,"BRYAN, TX 77802",32042485550,00001,06/01/2015,06/30/2015
ELAINA SOL CLEANING,INACTIVE,3617 CHOCTAW ST # B,"BRYAN, TX 77802",32080317947,00001,07/28/2021,12/31/2021
ELEANOR ANDERS,INACTIVE,3604 HOLLY DR,"BRYAN, TX 77802",32023428207,00002,07/07/1992,12/31/1998
ELEANOR ANDERS,INACTIVE,BRAZOS CENTER--CONTINENTAL SHOWS,"BRYAN, TX 77802",32023428207,00001,10/04/1991,10/04/1991
ELEANOR HUNT,INACTIVE,2908 CHERRY CREEK CIR,"BRYAN, TX 77802",32045585521,00001,11/10/2011,11/13/2011
ELECTRIC PAINTBRUSH,INACTIVE,904 BRIAR BEND CT,"BRYAN, TX 77802",32029559021,00001,11/06/1992,12/31/1996
ELECTRIC SPECIALTY CO,INACTIVE,1110 SKRIVANEK DR,"BRYAN, TX 77802",32029937755,00002,01/01/1990,12/31/1996
ELECTRONIC DATA SYSTEMS CORPORATION,INACTIVE,4103 S TEXAS AVE,"BRYAN, TX 77802",17512520028,00012,12/01/1985,03/31/1987
ELECTRONIC DATA SYSTEMS CORPORATION,INACTIVE,4103 S TEXAS AVE,"BRYAN, TX 77802",17510936044,00026,04/01/1987,04/10/1991
ELEGANCE SALON & SPA,INACTIVE,3811 E 29TH ST,"BRYAN, TX 77802",32011707273,00001,07/01/2003,05/10/2010
ELEGANCE SALON & SPA,INACTIVE,3811 E 29TH ST,"BRYAN, TX 77802",32041823678,00001,05/11/2010,12/25/2014
ELEGANT BRIDAL ACCESSORIES,INACTIVE,4415 S TEXAS AVE,"BRYAN, TX 77802",32017123863,00001,04/04/2005,10/19/2008
ELEMENTAL SOLUTION INC,ACTIVE,804 E VILLA MARIA RD,"BRYAN, TX 77802",32082156772,00005,09/01/2023,
ELEMENTS MASSAGE,ACTIVE,3001 WILDFLOWER DR,"BRYAN, TX 77802",32055114808,00002,08/01/2024,
ELIENS.COM INC,INACTIVE,1716 BRIARCREST DR STE 800,"BRYAN, TX 77802",17528762838,00001,03/01/2001,12/31/2001
ELITE SOFTWARE DEVELOPMENT INC,INACTIVE,4444 CARTER CREEK PKY STE 200,"BRYAN, TX 77802",17422428882,00003,01/01/1990,09/30/2003
ELIZABETH RICHARDS,INACTIVE,2515 ARBOR DR,"BRYAN, TX 77802",32015229399,00001,06/21/2004,09/15/2004
ELIZABETH WARD INTERIORS,INACTIVE,802 DOGWOOD LN,"BRYAN, TX 77802",32010343724,00001,10/01/1995,12/25/2011
ELLA'S BEAUTY SALON,INACTIVE,2601 S TEXAS AVE,"BRYAN, TX 77802",32056805750,00002,04/01/2018,12/31/2019
ELLEN'S DUTCH TOUCH UPHOLSTERY,INACTIVE,512 AVONDALE AVE,"BRYAN, TX 77802",32020906726,00002,03/21/1994,12/31/2000
ELLIOTT CONSTRUCTION INC,INACTIVE,8236 SHADY LANE,"BRYAN, TX 77802",17425296179,00001,01/01/1993,09/30/1995
ELLISON HEALTH MART PHARMACY,INACTIVE,3131F E 29TH ST STE 110,"BRYAN, TX 77802",17424124620,00002,01/01/1998,09/30/1998
ELLISON HEALTH MART PHARMACY,INACTIVE,2706 S TEXAS AVE,"BRYAN, TX 77802",17424124620,00001,02/01/1986,12/31/1997
ELLISON PHARMACY,INACTIVE,3131F E 29TH ST STE 110,"BRYAN, TX 77802",30119385380,00002,07/01/1998,03/17/1999
ELM CUSTOM CREATIONS,INACTIVE,4206 KALALAU CT,"BRYAN, TX 77802",32089110327,00001,01/01/2023,12/31/2024
"ELM CUSTOM CREATIONS, LLC",ACTIVE,4206 KALALAU CT,"BRYAN, TX 77802",32091468457,00001,10/01/2024,
ELMORE'S MOBILE AUTO REPAIR,INACTIVE,751 MEADOW LANE,"BRYAN, TX 77802",32030315314,00003,11/27/1981,12/31/1985
ELMORES AUTO REPAIR,INACTIVE,1403C BRIARCREST DR,"BRYAN, TX 77802",32030315314,00004,01/01/1986,12/15/1986
"ELWOOD STAFFING SERVICES, INC.",ACTIVE,3601 E 29TH ST STE 10,"BRYAN, TX 77802",13519844354,00005,07/01/2019,
"EMBASSY RECORDS MANAGEMENT AND STORAGE, LLC",INACTIVE,907 N EARL RUDDER FWY,"BRYAN, TX 77802",32055964814,00001,04/01/2015,08/31/2016
EMBELLISHMENTS,INACTIVE,4604 WINCHESTER DR,"BRYAN, TX 77802",32016176201,00001,11/10/2004,12/31/2004
EMBELLISHMENTS ETC,INACTIVE,1508 PRAIRIE DR,"BRYAN, TX 77802",32018265481,00002,03/05/2007,12/31/2010
"EMCOR FACILITIES SERVICES, INC.",INACTIVE,3000 BRIARCREST DR FL 1,"BRYAN, TX 77802",10614554672,00224,03/01/2012,12/31/2014
"EMERALD LOTUS MASSAGE & SPA, LLC",ACTIVE,3201 UNIVERSITY DR E STE 240,"BRYAN, TX 77802",32064476693,00002,06/12/2025,
EMERY'S,INACTIVE,1803 GREENFIELD,"BRYAN, TX 77802",30113247925,00001,01/03/1989,11/14/1989
EMF ELECTRIC,INACTIVE,2701 KENT ST #14,"BRYAN, TX 77802",32018146004,00001,10/01/1987,03/31/1988
EMILY POTTS PHOTOGRAPHY,INACTIVE,2414A PECAN RIDGE DR,"BRYAN, TX 77802",32007208674,00001,07/18/2002,09/30/2003
EMILY ZIESCHANG INTERIORS LLC,ACTIVE,915 PARK LN,"BRYAN, TX 77802",32096085538,00001,08/01/2025,
EMILY'S FLORAL DESIGNS,INACTIVE,2700 ARBOR DR,"BRYAN, TX 77802",32036727926,00002,01/01/2009,12/31/2010
EMINENT ZEN,INACTIVE,802 EAGLE PASS ST APT A,"BRYAN, TX 77802",32062677763,00002,01/01/2018,06/01/2018
EMMALUS BEAD & JEWELRY COMPANY,INACTIVE,2901 PAR DR,"BRYAN, TX 77802",32007257119,00001,04/25/2002,12/25/2004
EMOTOS,INACTIVE,1604 ENLOE CT,"BRYAN, TX 77802",32043219370,00001,01/30/2011,12/25/2014
ENCORE DOD LLC,INACTIVE,3131 BRIARCREST DR STE 100,"BRYAN, TX 77802",17426298356,00002,01/01/2001,12/25/2013
ENERCON,INACTIVE,2508 ARBOR,"BRYAN, TX 77802",32024025671,00002,01/01/1984,02/06/1987
ENERGY ACCESS SOLUTIONS LLC,ACTIVE,4234 BOONVILLE RD STE 300,"BRYAN, TX 77802",32058228969,00001,03/01/2017,
ENERGY BATTERY AND ELECTRIC OF BRYAN INC,INACTIVE,1507 S TEXAS AVE,"BRYAN, TX 77802",17427216902,00001,10/03/1994,12/31/2002
ENERGY ENTERPRISES,INACTIVE,801 SPRING LOOP #1501,"BRYAN, TX 77802",17422183073,00004,08/01/1983,03/01/1984
ENGINEERING & INDUSTRIAL SUPPLY CORPORATION,INACTIVE,2919 S TEXAS AVE,"BRYAN, TX 77802",30114011874,00001,05/05/1993,07/01/1998
ENGINEERING & OFFICE SUPPLY CORP,INACTIVE,4700 S STATE HIGHWAY 6,"BRYAN, TX 77802",17415908759,00012,01/01/1999,10/31/1999
ENGINEERING & OFFICE SUPPLY CORP,INACTIVE,181 N EARL RUDDER FWY,"BRYAN, TX 77802",17415908759,00013,11/01/1999,10/31/2000
ENGITECH INC,INACTIVE,2300 KENT ST,"BRYAN, TX 77802",17422935902,00002,08/01/1998,12/31/2017
ENRIQUE M ROMERO,INACTIVE,1525 E 29TH ST APT 1004,"BRYAN, TX 77802",32028205980,00004,07/20/2015,12/25/2017
ENTEGRA PROCUREMENT SERVICES #24256777,ACTIVE,2801 FRANCISCAN DR,"BRYAN, TX 77802",14504864373,00040,04/20/2017,
"ENTEGRA PROCUREMENT SERVICES, LLC 24263777",ACTIVE,2333 MANOR DR,"BRYAN, TX 77802",14504864373,00041,04/20/2017,
ENTERPRISE RENT-A-CAR #6578,INACTIVE,2525 S STATE HIGHWAY 6,"BRYAN, TX 77802",12640866161,00029,09/21/2009,04/27/2010
ENVIOS GLOBAL AMERICAS,INACTIVE,3737 E 29TH ST,"BRYAN, TX 77802",32026680697,00002,07/01/2024,
ENVIRO CARE PRODUCTS,INACTIVE,1111 EDGEWOOD,"BRYAN, TX 77802",32027892481,00002,03/05/1991,12/31/1992
ENVIRO CARE PRODUCTS,INACTIVE,1111 EDGEWOOD DR,"BRYAN, TX 77802",32024528658,00001,01/01/1993,12/31/1994
ENVIROCARE,INACTIVE,2520 PINON CT,"BRYAN, TX 77802",32025636989,00001,03/19/1996,07/01/2001
ENVIRONMENTAL CLEANING SOLUTIONS,INACTIVE,4517 CARTER CREEK #4,"BRYAN, TX 77802",32024114095,00001,07/07/1993,07/07/1993
ENVIRONMENTAL PEST ELIMINATION,INACTIVE,3715 SWEETBRIAR DR,"BRYAN, TX 77802",32047545838,00002,04/01/2014,06/30/2015
ENVIRONMENTAL RECIRCULATION SYSTEMS,INACTIVE,1525 E 29TH #604,"BRYAN, TX 77802",32028657677,00002,01/01/1992,12/31/1992
ENVIROTECH ASSOCIATES,INACTIVE,5509 SOMERFORD LN,"BRYAN, TX 77802",32025944763,00001,05/18/1989,01/01/1992
ENVISION PRODUCTIONS,INACTIVE,1802 GREENVILE PLAZA,"BRYAN, TX 77802",32010087842,00002,05/15/2000,12/31/2000
EPCO AIRE,INACTIVE,809 S GORDON,"BRYAN, TX 77802",32027986119,00002,04/01/1986,01/30/1987
EPCO MARKETING,INACTIVE,809 SOUTH GORDON,"BRYAN, TX 77802",32027986119,00003,06/18/1992,06/30/1992
EPICURES CATERING,INACTIVE,2516 S TEXAS AVE,"BRYAN, TX 77802",17426275396,00005,07/01/2011,09/30/2011
EPIMARK INC,INACTIVE,4343 CARTER CREEK PARKWAY SUITE 201 B,"BRYAN, TX 77802",17423316359,00002,11/01/1984,12/16/1986
EPIMARK INC,INACTIVE,1814-6 WILDE OAK CIRCLE,"BRYAN, TX 77802",17423316359,00003,01/01/1987,10/13/1987
EPINIONPOST.COM,INACTIVE,4720 KNIGHT DR,"BRYAN, TX 77802",32021656700,00004,07/09/2007,12/31/2009
"EPIPHANY DERMATOLOGY, P.A.",ACTIVE,1707 BROADMOOR DR STE 100,"BRYAN, TX 77802",32055626918,00036,09/01/2021,
EPSTEIN ENTERPRISES,INACTIVE,3509 OAK VALLEY CIR,"BRYAN, TX 77802",32039801470,00001,06/25/2009,12/25/2011
EQUINE PRODUCTIONS,INACTIVE,2602 SYMPHONY PARK DR,"BRYAN, TX 77802",32015494290,00002,01/01/2008,12/31/2010
EQUINOX PRODUCTION COMPANY,INACTIVE,304 MADELEINE,"BRYAN, TX 77802",32031926192,00001,03/01/1984,12/31/1984
EQUIP AUDIO VIDEO LIGHTING,INACTIVE,3608 OAK RIDGE DR,"BRYAN, TX 77802",32006177318,00002,07/16/2009,12/31/2014
ERA APPAREL,INACTIVE,4475 CARTER CREEK PKWY APT 635,"BRYAN, TX 77802",32068846487,00002,03/01/2020,06/30/2021
ERICH T PRUETT,INACTIVE,3613 SOUTHVIEW CIR,"BRYAN, TX 77802",32011341339,00002,07/01/2003,12/31/2003
ERIK OLSON,INACTIVE,3780 COPPERFIELD DR APT 335,"BRYAN, TX 77802",32047324333,00001,04/15/2012,09/30/2012
ERNIE'S,INACTIVE,725 EAST VILLA MARIA #7 MANOR EAST MALL,"BRYAN, TX 77802",32025392831,00001,09/01/1991,03/31/1992
ERRANDS FOR U,INACTIVE,510 AVONDALE AVE APT 9,"BRYAN, TX 77802",32028033101,00001,07/15/1996,12/25/2000
ESPERANZA ART,INACTIVE,5007 FAIRFIELD CT,"BRYAN, TX 77802",32033109144,00001,06/11/2007,12/25/2009
ESSENCE OF JOHN,INACTIVE,3604 WINDRIDGE DR,"BRYAN, TX 77802",32088015337,00001,01/20/2023,01/21/2023
ESSENTIAL HEALTH PRODUCTS INC,INACTIVE,905 PARK LN,"BRYAN, TX 77802",10435901235,00001,03/08/2002,12/31/2007
"ESSENTIAL HEALTH PRODUCTS, INC.",INACTIVE,3400 PARKWAY TER,"BRYAN, TX 77802",10435901235,00003,01/01/2013,12/31/2014
"ESSENTIAL HEALTH PRODUCTS, INC.",INACTIVE,2306 E BRIARGATE DR,"BRYAN, TX 77802",10435901235,00002,01/01/2008,12/31/2012
ET AUTO SALES,INACTIVE,709 EAGLE PASS ST,"BRYAN, TX 77802",32011341339,00004,10/03/2011,12/21/2011
ET PRUETT & ASSOCIATES,INACTIVE,2801 BRIARCREEK CT,"BRYAN, TX 77802",32011341339,00003,10/03/2011,12/31/2011
ET'S ANTIQUES,INACTIVE,905 E 23RD ST,"BRYAN, TX 77802",30114360719,00002,07/01/1992,09/30/1992
ETC AUTOS,INACTIVE,2516 S TEXAS AVE,"BRYAN, TX 77802",32007816104,00002,01/02/2009,12/31/2014
ETC ENTERPRISES,ACTIVE,2300 MORNINGSIDE DR,"BRYAN, TX 77802",32007816104,00001,06/20/2001,
ETHEL'S,INACTIVE,2728 W ST HWY 21,"BRYAN, TX 77802",32005843894,00001,08/21/2000,12/25/2003
ETHEREAL LINKS,ACTIVE,2300 BROADMOOR DR APT 5,"BRYAN, TX 77802",32101301805,00001,10/01/2025,
"ETHICAL TRADING ASSOCIATES, LLC",INACTIVE,2907 HILLSIDE DR,"BRYAN, TX 77802",32050894271,00001,06/28/2013,03/31/2018
ETRUSCAN DESIGNS,ACTIVE,3804 BARNSLEY CT,"BRYAN, TX 77802",17606679953,00001,04/13/2013,
ETWINZ,ACTIVE,2501 BARAK LN,"BRYAN, TX 77802",32079708247,00001,08/01/2021,
EVA GOODMAN,INACTIVE,4509 CARTER CREEK PKWY APT 8,"BRYAN, TX 77802",32013948081,00001,12/05/2003,12/25/2009
EVANS TOWING,INACTIVE,FM 1179 -- STEEPHOLLOW ROAD,"BRYAN, TX 77802",32008666771,00001,04/01/1992,12/26/1995
EVELYN'S ORIGINALS,INACTIVE,2215 WAYSIDE DR,"BRYAN, TX 77802",32025701643,00001,10/01/1976,06/30/1997
EVEN EXCHANGE WHOLESALE LLC,ACTIVE,3708 E 29TH ST # 1012,"BRYAN, TX 77802",32088940997,00001,03/28/2023,
EVENT HORIZON PUBLISHING GROUP LLC,INACTIVE,4103 S TEXAS AVE STE 219A,"BRYAN, TX 77802",32064614483,00001,09/01/2017,06/30/2024
EVENTOS ELEGANCIA,INACTIVE,3501 S TEXAS AVE STE 205,"BRYAN, TX 77802",32038925932,00001,05/01/2009,05/01/2009
EVENTS ETC,INACTIVE,2306 E BRIARGATE,"BRYAN, TX 77802",32008247002,00001,04/01/1993,03/31/1995
EVER-GREEN LAWN MAINTENANCE CO,INACTIVE,#3 MESCO DR,"BRYAN, TX 77802",17423117526,00001,01/01/1990,12/31/2015
EVERETT FIREARMS,INACTIVE,1585 WOODBINE CT,"BRYAN, TX 77802",32042260516,00001,08/01/2010,12/31/2010
EVERETT-MARTIN INVESTIGATIONS INC,INACTIVE,1722 BROADMOOR SUITE 212,"BRYAN, TX 77802",30010810080,00001,05/01/1988,12/31/1989
EVERLASTING HEIRLOOMS,INACTIVE,4213 MEADOWBROOK,"BRYAN, TX 77802",30114358960,00001,07/19/1990,12/31/1990
EVERYBODY EATS FOOD,INACTIVE,3131 UNIVERSITY DR E STE 120,"BRYAN, TX 77802",32050013195,00001,09/03/2013,06/01/2015
EVI'S CREATIONS,INACTIVE,3706B CHOCTAW ST,"BRYAN, TX 77802",32045028555,00001,10/01/2011,03/31/2012
EVOLVE IMPACT GROUP,INACTIVE,3091 UNIVERSITY DR E STE 210,"BRYAN, TX 77802",32053577220,00002,07/01/2016,12/31/2022
EVOLVE IMPACT GROUP,INACTIVE,3091 UNIVERSITY DR E STE 210,"BRYAN, TX 77802",32057832050,00001,02/01/2017,09/30/2022
EXCALIBRE CLUBS INC,INACTIVE,1803 GREENFIELD PLAZA,"BRYAN, TX 77802",17422624746,00001,04/07/1983,12/31/1988
EXCALIBUR ACCESSORIES,INACTIVE,1918 S TEXAS AVE,"BRYAN, TX 77802",32043139396,00001,12/15/2010,10/31/2011
EXCEL CUSTOM CLEANING & LANDSCAPING,INACTIVE,4608 KENSINGTON RD,"BRYAN, TX 77802",32001524969,00001,05/13/1999,09/30/2000
EXCEL ELECTRIC,INACTIVE,1632 PRAIRIE DR # B,"BRYAN, TX 77802",32007937827,00003,01/01/1997,12/31/1997
EXCEL LANDSCAPING AND LAWNS INC,INACTIVE,4608 KENSINGTON RD,"BRYAN, TX 77802",17429529864,00001,07/01/2000,10/31/2005
EXCEL LANDSCAPING AND LAWNS INC,INACTIVE,739 GARDEN ACRES BLVD,"BRYAN, TX 77802",17429529864,00002,11/01/2005,09/30/2012
"EXCEL LANDSCAPING AND LAWNS, INC.",ACTIVE,1100 BROADMOOR DR,"BRYAN, TX 77802",17429529864,00003,10/01/2012,
EXCEL LEATHER,ACTIVE,1003 N EARL RUDDER FWY,"BRYAN, TX 77802",32044138306,00004,06/01/2020,
EXCELLENCE IMPRESSIONS HAIR SALON,INACTIVE,2020 S TEXAS AVE,"BRYAN, TX 77802",32021349900,00001,10/24/2006,12/25/2007
EXCELSIOR SOFTWARE INC,INACTIVE,4348 CARTER CREEK SUITE 103,"BRYAN, TX 77802",16806712895,00001,04/01/1988,12/31/1990
EXCESSIVE PRODUCTIONS INC,INACTIVE,1673 BRIARCREST DR STE A100,"BRYAN, TX 77802",32015619318,00001,10/08/2004,12/31/2004
EXCLUSIVELY FOR YOU,INACTIVE,2620 MANCHESTER DR,"BRYAN, TX 77802",10505749720,00001,01/01/2004,12/31/2020
EXECUTIVE BUSINESS MACHINES,INACTIVE,3006 E 29TH ST STE 600,"BRYAN, TX 77802",17422777122,00004,07/01/1993,09/30/1997
EXECUTIVE BUSINESS MACHINES,INACTIVE,3514 E 29TH STREET,"BRYAN, TX 77802",17422777122,00003,06/01/1988,06/30/1993
EXECUTIVE COMPUTING,INACTIVE,2402 BROADMOOR SUITE D-2-109,"BRYAN, TX 77802",17427612167,00002,04/01/1996,05/31/1998
EXECUTIVE HOUSE,INACTIVE,1713 BROADMOOR DR STE 104,"BRYAN, TX 77802",32029548479,00002,01/01/1996,12/25/1999
EXECUTIVE HOUSE,INACTIVE,4500 CARTER CREEK PKY STE 203,"BRYAN, TX 77802",32029548479,00001,05/03/1989,12/31/1995
EXECUTIVE PRESENTATIONS,INACTIVE,3909 TANGLEWOOD DR,"BRYAN, TX 77802",30116201986,00001,01/18/1994,01/18/1994
"EXECUTIVE SECRUTIY SYSTEMS, INC. OF AMERICA",INACTIVE,1713 BROADMOOR DR STE 406,"BRYAN, TX 77802",17515204281,00009,12/01/2010,07/31/2016
EXIT FOREVER COMICS,INACTIVE,2900 RIVER OAKS CIRCLE,"BRYAN, TX 77802",32021934867,00001,01/01/1992,12/01/1992
EXOTICA ORCHIDS,INACTIVE,803 ENFIELD,"BRYAN, TX 77802",32005314383,00001,08/24/1977,06/30/1978
EXPECT LITTLE MIRACLES,INACTIVE,412 LESLIE DR,"BRYAN, TX 77802",32010518648,00001,08/03/1998,12/31/2000
EXPRESS MART,INACTIVE,3200 FM 158,"BRYAN, TX 77802",17605435548,00001,09/01/1997,02/23/1999
EXPRESS PCS OF COLLEGE STATION,INACTIVE,725 E VILLA MARIA,"BRYAN, TX 77802",32018308653,00003,10/30/2005,07/20/2006
EXPRESS PET TRANSPORT LLC,INACTIVE,2604 RUSTLING OAKS DR,"BRYAN, TX 77802",32017892988,00001,07/28/2005,06/07/2007
EXPRESS RECHARGE SERVICE,INACTIVE,3743 S TEXAS AVE STE A,"BRYAN, TX 77802",32013332179,00003,08/01/1991,05/19/1993
EXPRESS YOURSELF SALON LLC,INACTIVE,3100 WILDFLOWER DR STE 1,"BRYAN, TX 77802",32050042392,00002,01/01/2020,12/31/2021
EXPRESSIONS,INACTIVE,4011 WOODCREST DR,"BRYAN, TX 77802",32021177582,00002,11/02/2000,11/02/2000
EXPRESSIONS,INACTIVE,1400 BROOK HOLLOW DR,"BRYAN, TX 77802",32002080656,00001,01/20/2000,12/31/2000
EXPRESSIONS PHOTOGRAPHY,INACTIVE,2303 CARTER CREEK PKWY,"BRYAN, TX 77802",32009158307,00001,01/01/2002,07/01/2002
EXQUISITE INTERIORS,INACTIVE,3780 COPPERFIELD DR APT 334,"BRYAN, TX 77802",32017019822,00001,04/01/2005,12/25/2008
EXQUISITE WOODWORKS,INACTIVE,2701 KENT ST APT 11,"BRYAN, TX 77802",32005902864,00003,12/08/2011,12/25/2012
"EXTANT3D, LLC",INACTIVE,801 DELLWOOD ST STE 100,"BRYAN, TX 77802",32073189444,00001,06/01/2020,09/30/2020
EXTRA INNING SPORTS CARDS,INACTIVE,704 E VILLA MARIA,"BRYAN, TX 77802",32031864161,00001,11/29/1993,08/31/1997
EXTRA INNING SPORTS CARDS,INACTIVE,724 E VILLA MARIA RD,"BRYAN, TX 77802",32005720720,00001,09/02/1997,08/15/1998
EXTRACO BANKS BRYAN,ACTIVE,2706 S TEXAS AVE,"BRYAN, TX 77802",17409356122,00037,10/01/2011,
EXTRAORDINARY CLEANING,INACTIVE,1300 BRIAR CLIFF DR APT 107,"BRYAN, TX 77802",32026110737,00002,12/01/2007,06/30/2008
EXTREME HAIR DESIGN,INACTIVE,3030 E 29TH ST STE 104,"BRYAN, TX 77802",32020241918,00001,08/01/2006,12/31/2009
EXTREME HAIR DESIGN,ACTIVE,1673 BRIARCREST DR,"BRYAN, TX 77802",32020241918,00003,01/31/2023,
EXTREME HAIR DESIGN,INACTIVE,1673 BRIARCREST DR STE 106B,"BRYAN, TX 77802",32020241918,00002,01/01/2010,12/25/2021
EXTREME OUTDOORS,INACTIVE,3906 STILLMEADOW DR,"BRYAN, TX 77802",32015716858,00001,08/31/2004,06/16/2005
EXULT CLAY CO,ACTIVE,727 MEADOW LN,"BRYAN, TX 77802",32102088898,00001,09/21/2025,
EXXON TIGER TOWN,INACTIVE,2000 SOUTH HWY 6,"BRYAN, TX 77802",17428395671,00001,03/28/1998,10/31/1999
EYE LEVEL MEDIA,INACTIVE,602 CACHE CV # B,"BRYAN, TX 77802",32008800651,00001,10/22/2002,12/31/2003
EZ PAWN #10906,ACTIVE,2027 S TEXAS AVE,"BRYAN, TX 77802",17426896985,00130,01/01/1994,
EZ-BARGAIN.COM,INACTIVE,1612 HOLLOWHILL DR APT 1009,"BRYAN, TX 77802",32016998851,00001,05/01/2005,12/25/2006
EZKUN APPLIANCE LLC,INACTIVE,4001 E 29TH ST STE 82,"BRYAN, TX 77802",32083025497,00001,05/15/2022,06/01/2023
EZPAWN #10906,INACTIVE,2027 S TEXAS AVENUE,"BRYAN, TX 77802",17425401464,00157,08/02/1993,12/31/1993
EZPAWN #906,INACTIVE,724 VILLA MARIA,"BRYAN, TX 77802",17425401464,00080,02/17/1992,08/02/1993
EZRAZO LLC,ACTIVE,4089 CROSS PARK DR,"BRYAN, TX 77802",32097277324,00001,08/01/2025,
F M STUDIOS,INACTIVE,3602 E 29TH,"BRYAN, TX 77802",32005543098,00006,03/18/1993,12/31/1993
F U N BY JUDY,INACTIVE,2309 DEVONSHIRE,"BRYAN, TX 77802",32031435996,00001,07/01/1992,01/01/1994
F W HEIRLOOM'S,INACTIVE,1906 BARAK LN APT 9,"BRYAN, TX 77802",32020801000,00002,01/01/2000,04/01/2000
F W HEIRLOOM'S,INACTIVE,3535 PLAINSMAN LN APT A15,"BRYAN, TX 77802",32020801000,00001,04/27/1999,12/31/1999
F&F MAINTENANCE,INACTIVE,2501 BRIAR OAKS DR,"BRYAN, TX 77802",32045318840,00001,03/26/1996,12/25/2005
FABRIC CARE CLEANERS,INACTIVE,3819 E 29TH ST,"BRYAN, TX 77802",15523313177,00001,04/01/2003,03/15/2005
FABRIC CARE CLEANERS,ACTIVE,2617 S TEXAS AVE,"BRYAN, TX 77802",17426536706,00002,07/01/2009,
FABRIC CARE CLEANERS,INACTIVE,3203 FREEDOM BLVD STE 600,"BRYAN, TX 77802",17427890656,00011,07/01/1999,05/31/2004
FABRIC CARE CLEANERS,INACTIVE,1673 BRIARCREST DR STE 102-A,"BRYAN, TX 77802",17427890656,00004,07/11/1996,05/31/1998
FABRIC CARE CLEANERS,INACTIVE,2617 S TEXAS AVE,"BRYAN, TX 77802",17427890656,00001,07/11/1996,06/30/2009
FABRIC CARE SERVICE INC,INACTIVE,2617 S TEXAS AVE,"BRYAN, TX 77802",17418785360,00001,07/01/1976,07/11/1996
FABRIC CARE SERVICE INC,INACTIVE,1673 BRIARCREST DR STE 102A,"BRYAN, TX 77802",17418785360,00014,03/01/1986,07/11/1996
FABRIC CARE SERVICE INC,INACTIVE,1905BRIARCREST,"BRYAN, TX 77802",17418785360,00013,11/18/1985,02/28/1986
FABULOUS HAIR,INACTIVE,3731 E 29TH ST,"BRYAN, TX 77802",32015209896,00002,06/15/2009,12/25/2012
FACTORYBUILDERS STORES INC,INACTIVE,3601 E 29TH ST,"BRYAN, TX 77802",17603869151,00004,09/01/1993,09/30/2000
FADE FACTORY BARBER STUDIO,ACTIVE,4010 STILLMEADOW DR,"BRYAN, TX 77802",32102516161,00001,12/01/2025,
FADED HOUSE OF HAIRCUTS LLC,INACTIVE,1835B WILDE OAK CIR,"BRYAN, TX 77802",32087235118,00001,04/01/2023,04/02/2023
FAHRENHEIT GRILL,INACTIVE,1805 BRIARCREST DR,"BRYAN, TX 77802",32009628283,00005,07/27/2018,07/29/2020
FAIRFIELD INN & SUITES BRYAN COLLEGE STATION,INACTIVE,4613 S TEXAS AVE,"BRYAN, TX 77802",32086557884,00001,11/03/2022,09/30/2023
FAIRVIEW NURSERY,INACTIVE,307 VILLA MARIA,"BRYAN, TX 77802",32005419398,00002,03/16/1987,06/30/1987
FAITH BUNDLES,ACTIVE,2603 TROPHY DR,"BRYAN, TX 77802",32098598249,00001,01/07/2025,
FAJITA RITA'S,INACTIVE,4501 S TEXAS AVE,"BRYAN, TX 77802",17429271731,00002,06/26/2003,12/20/2003
FAJITA RITA'S,INACTIVE,4501 S TEXAS AVE,"BRYAN, TX 77802",17424892119,00001,02/01/1988,12/23/2003
FAJITA RITAS,INACTIVE,4501 S TEXAS AVE,"BRYAN, TX 77802",17429271731,00003,12/30/2003,02/24/2004
FALECIA C PIER,INACTIVE,2920 KENT ST #150,"BRYAN, TX 77802",32030140043,00002,07/01/1992,12/31/1992
FALLWELL LAWN MAINTENANCE,INACTIVE,1328 LYNDHURST CIR,"BRYAN, TX 77802",32025140735,00003,06/01/1990,06/30/1999
FAMILIAR FINDS,INACTIVE,3811 VALLEY OAKS DR,"BRYAN, TX 77802",32010378548,00001,04/01/1995,12/25/2011
FAMILY AUTO CENTER,INACTIVE,2401 S TEXAS AVE,"BRYAN, TX 77802",32064615274,00001,01/01/2018,03/13/2019
FAMILY DOLLAR STORE #3747,INACTIVE,725 E VILLA MARIA RD # 401,"BRYAN, TX 77802",32038973395,00283,10/01/2007,03/31/2023
FAMILY DOLLAS STORES TEXAS LP #3747,INACTIVE,725 E VILLA MARIA RD # 401,"BRYAN, TX 77802",32034317910,00349,03/22/1999,10/31/2007
FAMILY FOUNDATION SERVICES LLC,ACTIVE,1733 BRIARCREST DR STE 205,"BRYAN, TX 77802",32069355041,00001,01/07/2025,
FAMILY HEALTH PHARMACY,ACTIVE,3370 S TEXAS AVE DEPT B,"BRYAN, TX 77802",17417151408,00019,01/10/1996,
FAMILY TIME FITNESS,ACTIVE,3131 E 29TH ST STE F,"BRYAN, TX 77802",32043958308,00001,10/01/2013,
FAMILY TRADITION FLORAL LLC,ACTIVE,3808 S TEXAS AVE,"BRYAN, TX 77802",32048646122,00001,08/01/2012,
FAMILY TREE,INACTIVE,902 NORTH AVENUE,"BRYAN, TX 77802",32027303539,00001,11/15/1982,12/31/1984
FANCY CHIC BOUTIQUE,INACTIVE,2300 BROADMOOR DR APT 43,"BRYAN, TX 77802",32078188979,00001,04/01/2021,12/31/2022
FANCY HAIR & NAILS,INACTIVE,2018 S TEXAS AVE,"BRYAN, TX 77802",32029299479,00001,03/19/1997,05/31/1998
FANCY NAILS,INACTIVE,2018 S TEXAS AVE,"BRYAN, TX 77802",32027919375,00001,04/01/1998,12/31/1998
FANNY & TEENEY-FINE THINGS,INACTIVE,2503 WILLOW BEND DR,"BRYAN, TX 77802",32010182718,00001,09/22/2000,12/31/2009
FANTASTIC SAM'S,INACTIVE,4001 EAST 29TH ST SUITE 105,"BRYAN, TX 77802",17610586855,00001,12/01/1985,10/18/1991
FANTASTIC SAM'S,INACTIVE,2200 BRIARCREST DR,"BRYAN, TX 77802",16214538627,00019,10/20/1993,05/16/1994
FANTASTIC SAM'S #55,INACTIVE,3203 FREEDOM BLVD # 400,"BRYAN, TX 77802",17421639000,00094,07/01/1999,03/30/2000
FANTASTIC SAM'S #55,INACTIVE,3203 FREEDOM BLVD STE 400,"BRYAN, TX 77802",19311945489,00011,04/01/2000,09/25/2001
FANTASY WORKS,INACTIVE,3809 OAK HILL DR,"BRYAN, TX 77802",32009072656,00002,04/01/1997,12/31/2001
FANTASY WORKS,INACTIVE,3807 OAK HILL,"BRYAN, TX 77802",32009072656,00001,01/01/1986,12/31/1991
FARGO'S PIT BBQ,INACTIVE,1701 S TEXAS AVE,"BRYAN, TX 77802",12002768146,00003,07/01/2018,08/01/2024
FARIS,INACTIVE,4501 S TEXAS AVE,"BRYAN, TX 77802",32011927558,00002,08/05/1984,11/05/1984
FARM PAL PRODUCTIONS INC,INACTIVE,2519 WHISPERING OAKS CIR,"BRYAN, TX 77802",17427606441,00001,10/03/1995,12/31/1998
FARMCO INC #17,INACTIVE,3611 TEXAS AVENUE,"BRYAN, TX 77802",17423685001,00013,09/01/1987,06/30/1989
FARMERS GRILL,INACTIVE,3201 UNIVERSITY DR E STE 120,"BRYAN, TX 77802",12024194271,00003,08/01/2020,06/30/2024
FARMERS GRILL INC,INACTIVE,3201 UNIVERSITY DR E STE 120,"BRYAN, TX 77802",32062354595,00002,01/01/2020,06/30/2020
FARMERS GRILL INC,INACTIVE,4301 BOONVILLE RD,"BRYAN, TX 77802",32062354595,00001,12/28/2016,12/31/2019
FARMERS MARKET BAKERY AND DELICATESSEN,INACTIVE,2700 S TEXAS AVE,"BRYAN, TX 77802",17419171065,00005,06/01/1986,02/01/1998
FARMERS MARKET NO 1,INACTIVE,2700 S TEXAS AVENUE,"BRYAN, TX 77802",17419171065,00001,07/01/1977,08/20/1984
FARRIS POOLS & SERVICES,INACTIVE,3902 E 29TH ST #F-9,"BRYAN, TX 77802",32007308938,00001,10/01/1994,06/30/1995
FARROW MEDICAL INNOVATIONS INC,INACTIVE,3141 BRIARCREST DR STE 518,"BRYAN, TX 77802",12005689307,00002,08/13/2004,12/31/2008
"FARROW MEDICAL INNOVATIONS, INC.",INACTIVE,1209 GARDEN LN,"BRYAN, TX 77802",12005689307,00001,05/13/2004,07/31/2004
FASHION DISTRICT 979 LLC,ACTIVE,3218 S TEXAS AVE,"BRYAN, TX 77802",32101447152,00001,09/01/2025,
FASHION DIVA BOUTIQUE,INACTIVE,814 E VILLA MARIA RD,"BRYAN, TX 77802",32041895890,00001,06/01/2010,09/30/2010
FASHION JEWELRY ETC,INACTIVE,2516 BEXAR GRASS CT,"BRYAN, TX 77802",32013372704,00001,11/19/2003,12/31/2005
FASHIONS BY FAGAN,INACTIVE,3812 TEXAS AVE,"BRYAN, TX 77802",32005709194,00001,04/01/1986,09/30/1987
FAST PRINT,INACTIVE,1908 GREENFIELD PLAZA,"BRYAN, TX 77802",32021676369,00002,04/12/1984,07/31/1987
FAST PRINT,INACTIVE,1908 GREENFIELD PLAZA,"BRYAN, TX 77802",17421840053,00002,07/01/1982,04/30/1984
"FAST TRACK OF TEXAS, LLC",INACTIVE,890 N EARL RUDDER FWY,"BRYAN, TX 77802",32043594863,00005,09/30/2011,02/01/2015
FASTENAL COMPANY,INACTIVE,1904 S TEXAS AVE,"BRYAN, TX 77802",14109484155,00303,12/24/2008,05/31/2014
FASTSERV SUPPLY,INACTIVE,3202 S TEXAS AVE,"BRYAN, TX 77802",32047958023,00003,01/20/2014,06/30/2015
FASTSERV SUPPLY,ACTIVE,3202 S TEXAS AVE,"BRYAN, TX 77802",19531523215,00009,05/02/2011,
FASTSEVR SUPPLY,ACTIVE,3202 S TEXAS AVE,"BRYAN, TX 77802",32047352706,00008,09/01/2013,
FAT STACKS FABRIC,INACTIVE,3804 CHAUCER CT,"BRYAN, TX 77802",32054551604,00001,09/01/2014,03/30/2017
FAT STACKS LONGARM QUILTING,INACTIVE,3804 CHAUCER CT,"BRYAN, TX 77802",32042896905,00002,01/02/2016,12/25/2017
FATBURGER II,INACTIVE,1801 S TEXAS AVE,"BRYAN, TX 77802",17427206085,00001,08/01/1995,12/31/2010
FATBURGER II,INACTIVE,1801 SOUTH TEXAS AVE,"BRYAN, TX 77802",32011927558,00007,04/01/1988,07/31/1995
FATTY'S SMOKE SHOP,INACTIVE,3517 S TEXAS AVE,"BRYAN, TX 77802",32039410082,00001,05/15/2009,03/01/2013
"FATTY'S SMOKE SHOP - BRYAN, LLC",ACTIVE,3906 S TEXAS AVE,"BRYAN, TX 77802",32048527538,00002,03/01/2013,
FAWCETT ENGINEERING,INACTIVE,803 ENFIELD ST,"BRYAN, TX 77802",32006972809,00002,10/01/2005,12/25/2007
FAWN SIMPSON,INACTIVE,2411 DELEE #8,"BRYAN, TX 77802",32007738639,00001,05/15/2000,12/31/2001
FAZ RENTAL,INACTIVE,2411 DE LEE ST APT 3,"BRYAN, TX 77802",32028245044,00003,01/01/2011,12/31/2014
FDC COMPANY INC,INACTIVE,4001 E 29TH ST STE 120,"BRYAN, TX 77802",17525383190,00001,02/14/1997,12/31/2009
FEATHER CREST COUNTRY STORE,INACTIVE,1 MI E OF KURTEN ON HWY 21,"BRYAN, TX 77802",17416498396,00001,04/04/1983,06/30/1983
FEDERATION OF TEXAS A&M UNIVERSITY MOTHERS' CLUBS,ACTIVE,4700 HUNINGTON DR,"BRYAN, TX 77802",32002693086,00003,06/15/2016,
"FEDEX OFFICE AND PRINT SERVICES, INC. #2725",ACTIVE,2200 BRIARCREST DR,"BRYAN, TX 77802",17704333305,00299,06/24/2019,
FELCO OFFICE SYSTEMS INC,INACTIVE,1869 BRIARCREST DR,"BRYAN, TX 77802",17423552417,00013,05/01/1999,06/26/2000
FELICE REGINA,ACTIVE,4475 CARTER CREEK PKWY APT 422,"BRYAN, TX 77802",32055547072,00003,01/01/2018,
FERGUSON ENTERPRISES,INACTIVE,3609 SIERRA DR,"BRYAN, TX 77802",32029235804,00001,05/01/1994,12/31/1995
FFL INC,INACTIVE,801 VILLA MARIA RD,"BRYAN, TX 77802",30113984626,00001,07/01/1990,10/21/1991
FIAT OF BRYAN COLLEGE STATION,INACTIVE,301 N EARL RUDDER FWY,"BRYAN, TX 77802",32051249731,00001,09/20/2013,09/01/2017
FIELD SHOTS,INACTIVE,3705 BRIGHTON DR,"BRYAN, TX 77802",32018802184,00001,02/01/2006,10/30/2015
FIELDS FINANCIAL SERVICES,INACTIVE,3608 E 29TH STREET SUITE 101,"BRYAN, TX 77802",19800626145,00001,04/01/1986,04/11/1988
FIELDS FINANCIAL SERVICES INC,INACTIVE,1716 BRIARCREST DR FL 8,"BRYAN, TX 77802",17521245955,00002,08/01/1989,01/30/1997
FIELDS FINANCIAL SERVICES INC,INACTIVE,3608 E 29TH STREET SUITE 101,"BRYAN, TX 77802",17521245955,00001,07/01/1988,08/01/1989
FIELDS' LAWN SERVICE,INACTIVE,2347 W BRIARGATE DR,"BRYAN, TX 77802",32021676369,00005,04/01/1994,12/31/1996
FIESTAS PATRIAS MEXICANAS OF BRYAN COLLEGE STATION,INACTIVE,3232 BRIARCREST DR,"BRYAN, TX 77802",17428477735,00005,07/19/2008,07/19/2008
FIESTAS PATRIAS MEXICANAS OF BRYAN COLLEGE STATION,INACTIVE,3232 BRIARCREST DR,"BRYAN, TX 77802",17428477735,00005,07/17/2010,07/17/2010
FIESTAS PATRIAS MEXICANAS OF BRYAN COLLEGE STATION,INACTIVE,3232 BRIARCREST DR,"BRYAN, TX 77802",17428477735,00005,07/16/2011,07/16/2011
FIESTAS PATRIAS MEXICANS OF BRYAN-COLLEGE STATION,INACTIVE,3232 BRIARCREST DR,"BRYAN, TX 77802",17428477735,00003,07/21/2007,07/22/2007
FIESTAS PATRIAS MEXICANS OF BRYAN-COLLEGE STATION,INACTIVE,3232 BRIARCREST DR,"BRYAN, TX 77802",17428477735,00007,10/01/2016,10/02/2016
FIESTAS PATRIAS MEXICANS OF BRYAN-COLLEGE STATION,ACTIVE,3232 BRIARCREST DR,"BRYAN, TX 77802",17428477735,00008,07/01/2017,
FIESTAS PATRIAS MEXICANS OF BRYAN-COLLEGE STATION,INACTIVE,3232 BRIARCREST DR,"BRYAN, TX 77802",17428477735,00007,07/13/2013,07/13/2013
FIESTAS PATRIAS MEXICANS OF BRYAN-COLLEGE STATION,INACTIVE,3232 BRIARCREST DR,"BRYAN, TX 77802",17428477735,00007,07/01/2015,07/01/2015
FIESTAS PATRIAS OF B/CS,INACTIVE,3232 BRIARCREST DR,"BRYAN, TX 77802",17428477735,00002,07/14/2012,07/14/2012
FIFE ENTERPRISES,INACTIVE,2350 W BRIARGATE DR,"BRYAN, TX 77802",32032029350,00001,07/12/1995,12/31/1999
FIFTEENFIVE,INACTIVE,3919 BRIGHTON DR,"BRYAN, TX 77802",32087869072,00001,01/15/2023,03/31/2023
FIFTH 'C' FINE JEWELRY,ACTIVE,1716 BRIARCREST DR STE 300,"BRYAN, TX 77802",32042302078,00001,08/01/2011,
FIG IVY ANTIQUES,INACTIVE,706 CHEVY CHASE,"BRYAN, TX 77802",32015903506,00001,10/29/2004,12/25/2024
FIGURE WORLD,INACTIVE,1675 BRIARCREST,"BRYAN, TX 77802",17421272430,00001,08/01/1982,06/30/1988
FIKES ENVIRONMENTAL CLEANING & SUPPLIES,ACTIVE,3601 E 29TH ST STE 11,"BRYAN, TX 77802",32090376297,00001,07/20/2023,
FIKES SANITIZING SERVICES INC,INACTIVE,1400 E 27TH ST,"BRYAN, TX 77802",30113235078,00002,10/01/1989,06/30/2005
FIKES SANITIZING SERVICES INC,INACTIVE,1400 E 27TH ST,"BRYAN, TX 77802",30113235078,00001,01/01/1989,09/30/1989
FILIPINIANA ASIAN EMPORIUM,INACTIVE,3737 E 29TH ST,"BRYAN, TX 77802",32049466702,00001,01/02/2013,12/31/2014
FILLIT POT HOLE REMOVAL,INACTIVE,2101 BARAK LANE NUMBER 16,"BRYAN, TX 77802",32010153065,00001,05/02/1988,06/30/1989
FILTRATION BY DESIGN CO INC,INACTIVE,2512 WHISPERING OAKS CIR,"BRYAN, TX 77802",17429672862,00002,07/01/2001,12/31/2009
FINAL SCORE SPORTS & MEMEROBILIA,INACTIVE,3605 ELLIOTT ST # B,"BRYAN, TX 77802",32010556127,00001,04/01/1996,09/30/1996
"FINAL SOULTION ROOFING, LLC",INACTIVE,2902 BURNING TREE CT,"BRYAN, TX 77802",32034408198,00001,02/01/2008,03/31/2025
FINCHER ART SERVICES,INACTIVE,2302 WAYSIDE DR,"BRYAN, TX 77802",32031739439,00001,10/01/2020,08/01/2024
FINDING FIT WITHIN,INACTIVE,3406 SPRING LN,"BRYAN, TX 77802",32033348791,00001,07/01/2007,09/30/2007
"FINE STEP, LLC",INACTIVE,1716 BRIARCREST DR FL 3,"BRYAN, TX 77802",32077683665,00001,04/01/2021,06/30/2021
FINE THINGS,INACTIVE,4324 BROMPTON LN,"BRYAN, TX 77802",32030577442,00001,03/04/1996,10/01/1996
FINEST INFRARED SYSTEMS,INACTIVE,1200 BRIARCREST DR STE 3000,"BRYAN, TX 77802",32015530598,00001,11/01/2004,09/30/2006
FINISH LINE,INACTIVE,1403 BRIARCREST DR,"BRYAN, TX 77802",32039120129,00001,04/15/2009,05/31/2016
FINISH LINE GROCERY,INACTIVE,1403 BRIARCREST DR,"BRYAN, TX 77802",32061259175,00001,09/01/2016,05/05/2018
FINISH LINE GROCERY,ACTIVE,1403 BRIARCREST DR,"BRYAN, TX 77802",32060470328,00001,06/01/2016,
FINISHING TOUCHES,INACTIVE,1116 TERRACE,"BRYAN, TX 77802",32056572087,00002,01/01/1992,02/01/1995
FINKES TOOL,INACTIVE,13 OAK HOLLOW CIRCLE,"BRYAN, TX 77802",32032105150,00003,11/10/1990,06/30/1991
FINN HANDYSIDE PRODUCTIONS,INACTIVE,802 EAGLE PASS ST APT A,"BRYAN, TX 77802",32062677763,00003,07/01/2018,12/31/2020
FIRE & ICE,INACTIVE,2054 E 29TH ST,"BRYAN, TX 77802",32033506448,00003,11/12/2010,12/25/2017
FIRE AND ICE,INACTIVE,2606 E VILLA MARIA RD,"BRYAN, TX 77802",32044948845,00002,08/08/2015,12/31/2021
FIRELIGHT GARDENS,ACTIVE,3908 BRIGHTON DR,"BRYAN, TX 77802",32099298401,00001,04/12/2025,
FIRESTONE STORE #4387,ACTIVE,TEXAS AVE & POST OFFICE,"BRYAN, TX 77802",16218670194,00010,12/01/2001,
FIRESTONE STORES #4387,INACTIVE,TEXAS AVENUE & POST OFFICE,"BRYAN, TX 77802",32004521087,00076,05/01/1965,11/14/2001
FIRST AMERICAN BANK,INACTIVE,1111 BRIARCREST DR,"BRYAN, TX 77802",17425322405,00006,03/31/1996,09/01/2000
FIRST AMERICAN BANK,INACTIVE,1111 BRIARCREST,"BRYAN, TX 77802",17425322405,00001,02/01/1989,09/30/1991
FIRST AMERICAN BANK SSB,INACTIVE,1111 BRIARCREST DR,"BRYAN, TX 77802",17424839102,00157,07/01/2004,04/30/2008
FIRST AMERICAN BANK SSB,INACTIVE,2800 S TEXAS AVE,"BRYAN, TX 77802",17424839102,00156,07/01/2004,04/30/2008
FIRST AMERICAN BANK SSB,INACTIVE,1718 BRIARCREST DR,"BRYAN, TX 77802",17424839102,00099,07/01/2004,04/30/2008
FIRST AMERICAN BANK SSB,INACTIVE,1660 BRIARCREST DR,"BRYAN, TX 77802",17424839102,00096,07/01/2004,04/30/2008
FIRST AMERICAN BANK TEXAS SSB,INACTIVE,1718 BRIARCREST DR,"BRYAN, TX 77802",17424839102,00041,04/01/1994,04/30/2008
FIRST BANK & TRUST,INACTIVE,1716 BRIARCREST DR,"BRYAN, TX 77802",17421234463,00007,04/01/1984,02/09/1989
FIRST BAPTIST CHURCH,INACTIVE,3100 CAMBRIDGE DR,"BRYAN, TX 77802",15932781683,00006,10/15/2010,12/31/2013
FIRST CASH ADVANCE #221,INACTIVE,3203 FREEDOM BLVD STE 400,"BRYAN, TX 77802",17529147674,00074,07/01/2010,10/31/2015
FIRST CHOICE CLEANING SERVICES,ACTIVE,3416 PARKWAY TER,"BRYAN, TX 77802",32081384177,00001,12/01/2021,
FIRST CHOICE REPAIR & SERVICE,INACTIVE,3901 WINDWOOD CIR,"BRYAN, TX 77802",32008945753,00001,05/30/2001,03/31/2013
FIRST CITY TEXAS - BRYAN/COLLEGE STATION N A,INACTIVE,3000 BRIARCREST DRIVE,"BRYAN, TX 77802",17405606801,00002,04/01/1985,02/28/1993
FIRST CLASS LANDSCAPING,INACTIVE,2104 LAZY OAKS,"BRYAN, TX 77802",32026959786,00001,05/04/1993,06/30/1993
FIRST CLASS MAIDS,INACTIVE,4327 MEADOWBROOK,"BRYAN, TX 77802",32032297619,00002,06/10/1993,01/01/1994
FIRST FEDERAL SAVINGS & LOAN ASSOCIATION OF BRYAN,INACTIVE,2900 TEXAS AVENUE,"BRYAN, TX 77802",17415059413,00001,08/17/1987,08/18/1991
FIRST IMPRESSION HAIR SALON,INACTIVE,2010 S TEXAS AVE,"BRYAN, TX 77802",32011683813,00002,11/23/2004,12/31/2006
FIRST NATIONAL BANK OF BRYAN,INACTIVE,2807 S TEXAS AVE,"BRYAN, TX 77802",17405312756,00001,01/01/1982,05/08/2007
FIRST SECURITY BUILDING MAINTENANCE,INACTIVE,1733 BRIARCREST DR STE 207,"BRYAN, TX 77802",32006928249,00007,11/19/2014,12/31/2020
FIRST SECURITY BUILDING MAINTENANCE,INACTIVE,2520 WILLOW BEND DR,"BRYAN, TX 77802",32006928249,00006,06/01/2014,03/16/2015
FIRST SECURITY BUILDING MAINTENANCE,INACTIVE,1300 TEXAS AVENUE,"BRYAN, TX 77802",32006928249,00002,10/01/1987,01/01/1994
FIRST STATE DESIGN,INACTIVE,1625 ENLOE CT,"BRYAN, TX 77802",32071660602,00001,09/01/2019,09/30/2019
FIRST STRING,INACTIVE,2800 CAMELOT DR,"BRYAN, TX 77802",32009641070,00001,08/29/1994,12/25/2005
FIRST TIME OUT,INACTIVE,3718 SWEETBRIAR DR,"BRYAN, TX 77802",32028096322,00001,11/01/1991,12/26/1995
FIRST VICTORIA BRYAN BRANCH,INACTIVE,3710 E 29TH ST,"BRYAN, TX 77802",17409650722,00015,09/01/2005,10/31/2013
FIRST VICTORIA NATIONAL BANK,INACTIVE,601 E VILLA MARIA RD,"BRYAN, TX 77802",17409650722,00021,03/01/2007,10/31/2013
FIRST WATCH DAYTIME CAFE,ACTIVE,4501 S TEXAS AVE,"BRYAN, TX 77802",32058095533,00001,06/20/2016,
FISH 'N' MORE,INACTIVE,3105 S TEXAS AVE STE 300,"BRYAN, TX 77802",32043043515,00001,05/03/2011,08/24/2011
FISH WINDOW CLEANING,INACTIVE,1878 GREENFIELD PLZ,"BRYAN, TX 77802",32034496359,00001,02/15/2008,06/30/2010
FIT SMOOTHIES & MORE,INACTIVE,3105 S TEXAS AVE STE 300,"BRYAN, TX 77802",32026828080,00002,04/12/2010,09/30/2010
FIVE BELOW,ACTIVE,725 E VILLA MARIA RD,"BRYAN, TX 77802",17530003783,00170,06/24/2024,
FIVE BELOW #5161,ACTIVE,725 E VILLA MARIA RD STE 4700,"BRYAN, TX 77802",17530003783,00159,04/19/2024,
FIVE STAR CATERING,INACTIVE,3201 BOONVILLE RD,"BRYAN, TX 77802",32016517131,00001,07/01/2005,12/31/2008
FIVE STAR CATERING,INACTIVE,2506 PECAN RIDGE DR,"BRYAN, TX 77802",32016517115,00002,02/13/2011,12/25/2013
FIVE STAR CATERING,INACTIVE,3201 BOONVILLE RD,"BRYAN, TX 77802",32016517115,00001,01/01/2009,12/17/2010
FIVE STAR TAILORED DATA SOLUTIONS,INACTIVE,4103 S TEXAS AVE SUITE 208,"BRYAN, TX 77802",17426947465,00001,08/01/1994,08/01/1994
FLANAGAN SPECTACLES INC,INACTIVE,2801 E 29TH ST # 107,"BRYAN, TX 77802",17422759336,00002,05/22/1991,12/31/2013
FLANAGAN SPECTACLES INC,INACTIVE,1121 BRIARCREST BLDG C #302,"BRYAN, TX 77802",17422759336,00001,07/01/1983,12/25/1985
FLATAWAREMEDIA DESIGNS,INACTIVE,2512 TWISTED OAKS DR,"BRYAN, TX 77802",12639647986,00001,01/01/2009,06/30/2018
FLAWLESS FINISH DETAILING,INACTIVE,1817B WILDE OAK CIR,"BRYAN, TX 77802",32033053243,00001,06/01/2007,12/25/2008
FLAWLESS FLORALS,INACTIVE,2609B PECAN RIDGE DR,"BRYAN, TX 77802",32073199229,00001,01/27/2020,10/31/2022
FLEA MARKETS,INACTIVE,2807 WILDFLOWER DR APT 8,"BRYAN, TX 77802",32039696896,00001,07/03/2009,07/31/2009
FLEMCO BEVERAGES INC,INACTIVE,801 VILLA MARIA RD,"BRYAN, TX 77802",17420291019,00013,10/01/1986,08/31/1990
FLEXGURUS,INACTIVE,3780 COPPERFIELD DR APT 337,"BRYAN, TX 77802",12050299481,00001,07/10/2006,12/31/2007
FLEXIBLE MIRRORS WIGS & HAIR CARE,INACTIVE,3515 S TEXAS AVE,"BRYAN, TX 77802",32008387691,00004,12/01/1997,12/31/2008
FLING JEWELERS WATCH & JEWELRY REP,INACTIVE,1800 WILDE OAK CIR,"BRYAN, TX 77802",32009452700,00001,11/01/1984,04/30/2021
FLIP AND PEEL BURGERS AND FRIES,INACTIVE,3203 FREEDOM BLVD STE 100,"BRYAN, TX 77802",32054239655,00001,11/01/2014,03/31/2015
FLIP N FLOP LEARNING LLC,INACTIVE,2009 VINEWOOD DR,"BRYAN, TX 77802",12611474482,00001,10/01/2007,07/31/2012
FLOR DE NOCHE,INACTIVE,3606A MAJOR ST,"BRYAN, TX 77802",32040810908,00001,12/10/2009,10/20/2010
FLORAL CENTER,INACTIVE,2920 E 29TH ST,"BRYAN, TX 77802",32023577029,00002,10/01/1967,08/31/2000
FLORENCE MILLER COSMETICS INC,INACTIVE,729 VILLA MARIA RD,"BRYAN, TX 77802",17512864517,00006,01/01/1972,05/15/1973
FLORES PRODUCE,INACTIVE,2213 TEXAS AVE,"BRYAN, TX 77802",32005130391,00001,01/01/1989,09/30/1989
FLOWER CHILD BOUTIQUE,INACTIVE,5516 SOMERFORD LN,"BRYAN, TX 77802",32024542311,00001,11/12/2009,12/31/2010
FLOWER POT SPOT,INACTIVE,4005 TANGLEWOOD DR,"BRYAN, TX 77802",32030969938,00001,04/01/1998,08/31/1999
FLOWERS & THINGS,INACTIVE,2018 S TEXAS,"BRYAN, TX 77802",32008963095,00001,01/28/1988,03/31/1989
FLOWERS & THINGS,INACTIVE,3601 MIDWEST,"BRYAN, TX 77802",32008963095,00002,04/18/1990,12/31/1990
FLOWERS AND THINGS,INACTIVE,3601 MIDWEST DR,"BRYAN, TX 77802",32008963095,00003,05/02/1996,12/31/2002
FLOWERS BY MARIA,INACTIVE,1637 BRIARCREST DR # B106,"BRYAN, TX 77802",32028017989,00001,04/15/1998,01/16/2001
FLOWERS BY MARIA,INACTIVE,1673 BRIARCREST DR STE B106,"BRYAN, TX 77802",32029355495,00002,01/17/2001,05/05/2002
FLOYD & ASSOCIATES,INACTIVE,903 STANFIELD CIR,"BRYAN, TX 77802",30116411262,00001,01/01/1995,12/31/1995
FLOYD SANDERS,INACTIVE,3410 SPRING LN,"BRYAN, TX 77802",32024736640,00001,08/20/1990,02/01/2001
FLUID PROTECTION CORPORATION,INACTIVE,(HWY 21 E AND CARRABBA RD),"BRYAN, TX 77802",17521649438,00001,01/01/1989,05/01/1993
FLY'N  HIGH SPORTS,INACTIVE,3525 S TEXAS AVE,"BRYAN, TX 77802",32010517665,00003,10/01/2005,09/30/2007
"FLYING SAUCER CHICKEN, INC.",ACTIVE,2210 BRIARCREST DR,"BRYAN, TX 77802",32068294605,00001,12/01/2018,
FLYING V GENERATIONS LLC,INACTIVE,1733 BRIARCREST DR,"BRYAN, TX 77802",32064154175,00001,09/08/2017,03/31/2022
FLYING V RENTALS LLC,ACTIVE,1733 BRIARCREST DR STE 210,"BRYAN, TX 77802",32050407413,00003,01/01/2017,
"FLYING V RENTALS, INC.",INACTIVE,3131 BRIARCREST DR STE 111,"BRYAN, TX 77802",32050407413,00002,08/01/2013,12/31/2016
FM ENTERPRISES,INACTIVE,4001 E 29TH ST,"BRYAN, TX 77802",17524746496,00005,02/01/2009,05/30/2009
FNMGC LLC,INACTIVE,3708 E 29TH ST UNIT 317,"BRYAN, TX 77802",32087522838,00001,01/25/2024,
FOOD 4 LESS #24,INACTIVE,801 VILLA MARIA RD,"BRYAN, TX 77802",14806059920,00003,09/01/1986,10/31/1991
FOODZAN CO,INACTIVE,3708 E 29TH ST STE 112,"BRYAN, TX 77802",32076955049,00001,12/11/2020,12/30/2020
FOOT SPECIALTY PRODUCTS BY WALTER HOKE,INACTIVE,1704 S TEXAS AVE,"BRYAN, TX 77802",17415538168,00001,08/01/1966,03/31/1998
FOR YOU AND YOURS,INACTIVE,2906 JENNA CT,"BRYAN, TX 77802",32019165359,00002,06/01/2015,12/25/2019
FOREVER GREEN LANDSCAPING,INACTIVE,4003 WOODBRIAR,"BRYAN, TX 77802",32007553095,00001,08/03/1984,04/15/1985
FOREVER SITES,INACTIVE,3702B CHOCTAW ST,"BRYAN, TX 77802",32012555101,00001,10/20/2003,09/30/2006
FOREVER TREASURES,INACTIVE,4024 GREEN VALLEY DR,"BRYAN, TX 77802",32008549845,00001,03/23/1993,12/25/2005
FOREVERDYLAN,INACTIVE,2812 ALLEN RIDGE DR,"BRYAN, TX 77802",32059248578,00001,01/30/2016,09/30/2016
FORM YOU 3,INACTIVE,4001 E 29TH ST STE 114,"BRYAN, TX 77802",17427068998,00001,07/25/1994,07/01/1997
FOSTER MEDICAL CORP,INACTIVE,2909 VILLA MARIA EAST,"BRYAN, TX 77802",17420535134,00006,10/01/1987,10/01/1988
FOSTER MEDICAL CORPORATION,INACTIVE,2909 VILLA MARIA EAST,"BRYAN, TX 77802",12318776296,00013,08/23/1985,09/30/1987
FOSTER STAINED GLASS STUDIO,INACTIVE,3707 GLENN OAKS,"BRYAN, TX 77802",32006021110,00001,05/14/1976,09/30/1976
FOTOS DE GARZA,INACTIVE,1525 E 29TH APT 1106,"BRYAN, TX 77802",32024850789,00001,08/06/1993,12/31/1993
FOUNDATION SYSTEMS ENGINEERING,INACTIVE,4202 WOODCREST DR,"BRYAN, TX 77802",32028260829,00001,09/09/1994,12/31/1996
FOUNTAIN PLACE,INACTIVE,3740 COPPERFIELD DR STE 200,"BRYAN, TX 77802",12009509741,00001,04/14/2004,09/30/2023
FOUR SEASONS YARD ART,INACTIVE,2207 WAYSIDE DR,"BRYAN, TX 77802",32030558293,00001,11/24/1995,01/01/1996
FOX PHOTO #1522,INACTIVE,312 VILLA MARIA,"BRYAN, TX 77802",17406309603,00433,01/30/1982,09/12/1986
FOX PHOTO #1523,INACTIVE,ROSEMARY @ TEXAS 6,"BRYAN, TX 77802",17406309603,00435,03/01/1982,01/01/1984
FRAMES BY PJ,INACTIVE,3715 STILLMEADOW,"BRYAN, TX 77802",32009303408,00001,04/01/1981,12/31/1984
FRAN'S STUFF,INACTIVE,4305 HYDE PARK LN,"BRYAN, TX 77802",32014140068,00001,01/09/2004,12/25/2006
FRANK G ANDERSON JR,INACTIVE,743 S ROSEMARY DR,"BRYAN, TX 77802",32029353276,00001,06/13/2001,12/04/2001
FRANK W COURT,INACTIVE,3902 OLD OAKS DR,"BRYAN, TX 77802",32007345633,00012,11/14/2010,12/31/2011
FRANKI J'S JEWELRY AND ACCESSORIES,INACTIVE,4225 PENDLETON DR APT 1112,"BRYAN, TX 77802",32025343479,00002,08/30/2019,06/30/2021
FRANKLIN SIDING AND CONSTRUCTION,INACTIVE,715 LAZY LN,"BRYAN, TX 77802",32007847117,00001,08/30/1993,03/31/2005
FRANKLIN'S ANTIQUES,INACTIVE,715 LAZY LN,"BRYAN, TX 77802",32024981188,00001,07/23/1993,12/25/1999
FRATELLO'S PIZZA COMPANY,INACTIVE,4248 BOONVILLE RD,"BRYAN, TX 77802",32019832933,00002,02/07/2008,09/30/2009
FRATELLOS PIZZA CO,INACTIVE,3200 BOONVILLE RD,"BRYAN, TX 77802",32007402202,00003,03/01/2006,01/31/2008
FRED BROWN'S TEJAS MITSUBISHI/SUZUKI,INACTIVE,2401 S TEXAS AVE,"BRYAN, TX 77802",12020753013,00001,02/01/2005,01/15/2007
FREDERICK S WHITE SR BOOKS,INACTIVE,2510 OAK CIRCLE,"BRYAN, TX 77802",32008640305,00005,01/01/1989,12/31/1994
FREDRIKO'S MEXICAN BAR & GRILL,INACTIVE,4501 S TEXAS AVE,"BRYAN, TX 77802",32014546181,00001,03/30/2004,04/05/2005
FREE SPIRIT ENTERPRISE,INACTIVE,738 GARDEN ACRES BLVD,"BRYAN, TX 77802",32008946355,00009,12/13/2013,12/31/2017
FREE SPIRIT ENTERPRISE,INACTIVE,707 GARDEN ACRES BLVD,"BRYAN, TX 77802",32008946355,00004,01/01/2000,05/20/2002
FREE SPIRIT ENTERPRISES,INACTIVE,1109 EDGEWOOD DR,"BRYAN, TX 77802",32008946355,00006,01/01/2006,12/31/2006
FREE SPIRIT ENTERPRISES,INACTIVE,738 GARDEN ACRES BLVD # B1,"BRYAN, TX 77802",32008946355,00007,01/01/2007,12/31/2009
FREE SPIRIT ENTERPRISES,INACTIVE,3527 MIDWEST DR APT A,"BRYAN, TX 77802",32008946355,00005,12/29/2005,12/31/2005
FREEDOM PUBLISHING,INACTIVE,3913 CHESHIRE CT,"BRYAN, TX 77802",32006655180,00002,04/01/1992,03/01/2005
FREEDOM PUBLISHING,INACTIVE,2811 WOODMEADOW,"BRYAN, TX 77802",32006655180,00001,01/28/1992,03/31/1992
FRESH DONUTS,INACTIVE,4282 BOONVILLE RD STE 100,"BRYAN, TX 77802",32071784774,00001,10/01/2020,04/30/2022
FRESHHAVEN CONSIGNMENTS,INACTIVE,4613 LOCKSFORD DR,"BRYAN, TX 77802",32084825440,00001,07/01/2022,01/31/2024
FRIDA'S KITCHEN & BAR,ACTIVE,3700 S TEXAS AVE STE 300,"BRYAN, TX 77802",32091656705,00001,12/01/2023,
"FRIENDSHIP, L.L.C.",INACTIVE,2023 S TEXAS AVE,"BRYAN, TX 77802",32024069489,00001,01/02/2009,12/31/2013
"FRIENDSHIP, L.L.C.",INACTIVE,2023 S TEXAS AVE,"BRYAN, TX 77802",32024069489,00001,01/01/2014,08/31/2017
FRIOS GOURMET POPS,INACTIVE,3606 E 29TH ST,"BRYAN, TX 77802",32070049443,00001,09/30/2018,09/30/2018
FRIOS GOURMET POPS,INACTIVE,3606 E 29TH ST,"BRYAN, TX 77802",32070154193,00001,09/30/2018,09/30/2018
FRIOS GOURMET POPS,INACTIVE,3606 E 29TH ST,"BRYAN, TX 77802",32064687513,00001,09/01/2017,12/31/2018
FRITTELLA,INACTIVE,3901 S TEXAS AVE,"BRYAN, TX 77802",13714448696,00001,01/01/2003,03/30/2022
FRITTELLA ITALIAN CAFE,ACTIVE,3901 S TEXAS AVE,"BRYAN, TX 77802",32089344298,00001,05/22/2023,
FRITTELLAS CAFE,INACTIVE,3901 S TEXAS AVE,"BRYAN, TX 77802",32082129563,00001,01/12/2022,05/31/2024
FROG'S COLLAGE,INACTIVE,3902 E 29TH ST APT E1,"BRYAN, TX 77802",32041000855,00001,01/13/2010,12/31/2011
FRONTLINE ENTERPRISES,INACTIVE,103-C PLEASANT,"BRYAN, TX 77802",32031326773,00002,01/01/1994,12/31/1994
FRONTLINE PLUMBING & REPAIR,INACTIVE,103-C PLEASANT,"BRYAN, TX 77802",32031326773,00001,11/15/1993,12/31/1994
FROSTY'S SHAVED ICE,INACTIVE,4236 BOONVILLE RD,"BRYAN, TX 77802",17424028854,00002,05/15/2003,12/31/2007
FRUITY'S SNACKBAR,INACTIVE,MANOR EAST PLAZA,"BRYAN, TX 77802",32026751886,00001,09/09/1998,11/04/1998
FRUTERIA QUEENS,ACTIVE,1673 BRIARCREST DR,"BRYAN, TX 77802",32093718719,00001,06/01/2024,
FS FENCING,INACTIVE,2506A LONG DR,"BRYAN, TX 77802",32046363829,00002,01/01/2013,
FULLER PRINTING,INACTIVE,2023 S TEXAS AVE,"BRYAN, TX 77802",32014861291,00001,09/01/1995,09/30/1998
FUN STUFF,INACTIVE,2100 WINDSOR DR APT 31,"BRYAN, TX 77802",32012578186,00001,10/20/2003,12/31/2004
FUN TIMES,INACTIVE,1859 BRIARCREST DR,"BRYAN, TX 77802",32005641751,00002,04/15/1989,06/30/1989
FUNDRAISER,INACTIVE,3232 BRIARCREST DR,"BRYAN, TX 77802",18104214251,00005,04/20/2006,04/20/2006
"FUNKY MONKEY JUNKY, LLC",INACTIVE,2802 BARWICK CIR,"BRYAN, TX 77802",32082036073,00001,01/03/2022,06/30/2022
FURNISH MY WAY LLC,INACTIVE,3902 E 29TH ST APT K4,"BRYAN, TX 77802",32059418874,00001,05/01/2016,12/31/2017
FURNITURE DISCOUNTERS OF BRYAN,INACTIVE,2707 S TEXAS AVE,"BRYAN, TX 77802",32032634126,00001,08/01/1992,08/31/1995
FURNITURE DUDE,INACTIVE,1673 BRIARCREST DR STE 90,"BRYAN, TX 77802",32037618512,00002,04/01/2009,12/31/2012
FURNITURE MEDIC BY JIM PARKER,INACTIVE,4719 HUNINGTON DR,"BRYAN, TX 77802",32020166016,00001,12/01/2006,01/01/2007
FURNITURE ROW CENTER #97,INACTIVE,281 N EARL RUDDER FWY,"BRYAN, TX 77802",18407465097,00030,11/15/2003,04/30/2019
FURNITURE SHACK III,INACTIVE,1502 S TEXAS AVE,"BRYAN, TX 77802",17426309856,00002,08/01/1989,12/25/2021
FURNITURE SHACK OF BRYAN,INACTIVE,1502 S TEXAS AVE,"BRYAN, TX 77802",17427698026,00002,08/01/1997,09/30/1997
FURNITURE WAREHOUSE,INACTIVE,2017 S TEXAS AVENUE,"BRYAN, TX 77802",32005044873,00001,06/11/1990,10/01/1990
FURRY PAWS SPA LLC,ACTIVE,3141 BRIARCREST DR STE 526,"BRYAN, TX 77802",32079267293,00003,01/01/2022,
FURRY PAWS SPA LLC,ACTIVE,4010 STILLMEADOW DR,"BRYAN, TX 77802",32079267293,00002,08/15/2021,
FURRY PAWS SPA LLC,INACTIVE,3141 BRIARCREST DR,"BRYAN, TX 77802",32079267293,00001,06/01/2021,08/14/2021
FYZICAL THERAPY & BALANCE CENTERS,ACTIVE,3030 E 29TH ST STE 119,"BRYAN, TX 77802",32087639582,00001,08/21/2023,
G & G MATTRESS WORKS,INACTIVE,712 E VILLA MARIA RD,"BRYAN, TX 77802",32005438745,00002,07/01/1999,04/15/2000
G & G VENDING,INACTIVE,4013 GREEN VALLEY DR,"BRYAN, TX 77802",32031023248,00001,07/06/1994,12/31/1996
G & M ENTERPRISE,INACTIVE,3615 SWEETBRIAR DR,"BRYAN, TX 77802",32031547402,00001,06/02/1980,12/31/1997
G & M ENTERPRISES,INACTIVE,3209 WILDLIFE CIR,"BRYAN, TX 77802",30010494695,00001,10/01/1987,12/25/2010
G & S CUSTOM POOLS LLC,ACTIVE,5403 BLOOMSBURY WAY,"BRYAN, TX 77802",32094290494,00001,05/01/2024,
G & S LAWN SERVICE,INACTIVE,3724 RAVENWOOD DR,"BRYAN, TX 77802",32062920346,00001,03/01/2017,03/31/2019
G & W RENTALS INC,INACTIVE,1301 MARINO,"BRYAN, TX 77802",30006306481,00007,01/01/1986,06/30/1986
G A C ENTERPRISES,INACTIVE,904 KASSERMAN ST,"BRYAN, TX 77802",32027963092,00003,01/13/2014,12/31/2014
G A C ENTERPRISES,INACTIVE,904 KASSERMAN ST,"BRYAN, TX 77802",32027963092,00002,07/28/1995,12/25/1999
G A C ENTERPRISES,INACTIVE,904 KASSERMAN,"BRYAN, TX 77802",32027963092,00001,02/25/1993,01/01/1994
G AND J RODRIGUEZ,ACTIVE,1000 ESTHER BLVD,"BRYAN, TX 77802",32007473815,00007,07/01/2013,
G AND ME,INACTIVE,3219 S TEXAS AVE,"BRYAN, TX 77802",32011185660,00002,07/01/2003,03/31/2004
G AND ME,ACTIVE,1702A S TEXAS AVE,"BRYAN, TX 77802",32010294521,00004,09/01/2018,
G AND ME,INACTIVE,1710B S TEXAS AVE,"BRYAN, TX 77802",32010294521,00003,05/18/2017,08/30/2018
G AND ME,INACTIVE,3219 S TEXAS AVE,"BRYAN, TX 77802",32010294521,00002,04/01/2004,05/12/2017
G COPY USA,INACTIVE,4515 CARTER CREEK PKY APT 5,"BRYAN, TX 77802",32027645459,00001,08/18/1995,08/19/1995
G DELI,INACTIVE,3201 UNIVERSITY DR E STE 120,"BRYAN, TX 77802",32037132563,00002,06/01/2010,03/31/2011
G J M,INACTIVE,4101 S TEXAS AVE,"BRYAN, TX 77802",32027909988,00001,05/14/1992,04/01/1993
G.N.C. 3860,ACTIVE,725 E VILLA MARIA RD,"BRYAN, TX 77802",17603754825,00019,01/01/2018,
G&C SERVICES INC,INACTIVE,2302 WINDSOR DR,"BRYAN, TX 77802",32015348496,00001,07/01/2006,01/01/2009
G&M HAULERS,INACTIVE,2607A PECAN KNOLL ST,"BRYAN, TX 77802",32034127376,00001,11/13/2007,12/25/2013
GAAS REFRIGERATION & A/C,INACTIVE,3702 WINDRIDGE,"BRYAN, TX 77802",32013324127,00001,01/01/1984,04/30/1994
GAAS REFRIGERATION INC,INACTIVE,3702 WINDRIDGE DR,"BRYAN, TX 77802",17427061001,00001,05/01/1994,01/31/2006
GAGE CONSTRUCTION,INACTIVE,4130 WILLOW OAK ST,"BRYAN, TX 77802",30118105417,00001,08/06/1996,12/31/1996
GALINDO ENGINEERS & PLANNERS,INACTIVE,3833 S TEXAS AVE STE 280,"BRYAN, TX 77802",32025838742,00002,01/01/1992,06/30/1997
GALINDO ENGINEERS & PLANNERS,ACTIVE,3833 S TEXAS AVE STE 213,"BRYAN, TX 77802",17419793041,00001,07/01/1997,
GALLAGHER'S GALLERY,INACTIVE,4029 KENWOOD DR,"BRYAN, TX 77802",32032630462,00003,07/01/1996,09/30/1996
GALLENKAMP SHOES #439,INACTIVE,MANOR EAST SHOPPING CENTER,"BRYAN, TX 77802",13111535103,00006,12/11/1985,03/31/1986
GALLENKAMP'S #439,INACTIVE,MANOR EAST SHOPPING CTR,"BRYAN, TX 77802",30000604212,00045,01/01/1973,12/10/1985
GALLERIA DAY SPA,INACTIVE,1722 BROADMOOR S 122,"BRYAN, TX 77802",32006051638,00001,05/01/1987,12/31/1999
"GALLION SERVICES, LLC",INACTIVE,4344 CARTER CREEK PKWY,"BRYAN, TX 77802",32041844336,00001,07/01/2010,12/31/2017
GAME MANAGEMENT SYSTEMS,INACTIVE,1205 HOPPESS,"BRYAN, TX 77802",32007008314,00001,01/01/1992,06/30/1994
GAMES & MORE,INACTIVE,724A E VILLA MARIA RD,"BRYAN, TX 77802",32009418685,00001,12/02/2002,01/01/2004
GAMES PEOPLE PLAY,INACTIVE,1681 BRIARCREST DR-BRIARCREST PLAZA,"BRYAN, TX 77802",32024536644,00002,01/01/1983,05/31/1984
GAMES PEOPLE PLAY,INACTIVE,1737 BRIARCREST DR-BRIARCREST PLAZA,"BRYAN, TX 77802",32024536644,00001,11/20/1979,12/31/1982
GAMESTOP #2344,ACTIVE,3203 FREEDOM BLVD STE 600,"BRYAN, TX 77802",14116095630,00154,02/01/2003,
GARAGE RC HOBBIES,ACTIVE,4001 E 29TH ST STE 82,"BRYAN, TX 77802",32087076629,00002,03/11/2024,
GARLYN O SHELTON,INACTIVE,3100 BRIARCREST DRIVE,"BRYAN, TX 77802",32013446961,00001,09/01/2022,09/01/2022
GARLYN SHELTON IMPORTS,INACTIVE,3100 BRIARCREST DR,"BRYAN, TX 77802",17420432605,00002,01/01/1983,02/29/2016
GARRETT ENGINEERING,INACTIVE,4444 CARTER CREEK PKY STE 108,"BRYAN, TX 77802",32007819595,00001,10/01/1987,12/31/2016
GARRITA'S CREATIONS & ALTERATIONS,INACTIVE,4012 STILLMEADOW,"BRYAN, TX 77802",32004979962,00001,07/09/1993,06/30/1995
GARY E LOVAN,INACTIVE,2405 AVON ST,"BRYAN, TX 77802",32012489186,00001,10/10/2003,12/31/2004
GARY MOORE,INACTIVE,1204 DELMA,"BRYAN, TX 77802",32007681284,00001,02/04/1993,04/01/1994
GAS SPECIALTIES,INACTIVE,2505 BROADMOOR DR,"BRYAN, TX 77802",12717116839,00001,01/01/2010,03/31/2010
GAS SPECIALTIES LLC,INACTIVE,2505 BROADMOOR DR,"BRYAN, TX 77802",32042413925,00001,08/01/2010,06/30/2013
GAS TEC,INACTIVE,1522 S TEXAS AVE,"BRYAN, TX 77802",15619954827,00003,01/01/2002,04/30/2013
GAS TEC,INACTIVE,1522 S TEXAS AVE,"BRYAN, TX 77802",17315051866,00003,09/01/1998,12/31/2001
GAS TEC,INACTIVE,1522 S TEXAS AVE,"BRYAN, TX 77802",12234103526,00020,05/01/2013,05/31/2019
GAS TEC,INACTIVE,1522 S TEXAS AVE,"BRYAN, TX 77802",17601754983,00008,03/01/1988,05/31/1990
GAS-TEC,INACTIVE,1522 S TEXAS AVE,"BRYAN, TX 77802",17421349543,00009,04/01/1982,02/29/1988
GAYLE BROWN,INACTIVE,4005 WOODCREST DR,"BRYAN, TX 77802",32027558876,00001,08/13/1993,12/31/1994
GAYLE F EPLEY,INACTIVE,4005 WOODCREST DR,"BRYAN, TX 77802",32027558876,00002,05/23/1995,06/30/1997
GAYLE'S ANGELS OF LOVE,INACTIVE,2206 WINDSOR DR,"BRYAN, TX 77802",32031182978,00001,07/01/1995,12/31/1996
"GBB HOSPITALITY GROUP, LLC",INACTIVE,3740 COPPERFIELD DR STE 105,"BRYAN, TX 77802",32052017400,00001,10/31/2018,10/31/2018
GCR SERVICES,INACTIVE,2100 KAZMEIER PLZ,"BRYAN, TX 77802",32015327318,00001,07/05/2004,03/31/2005
GEEKWURX,INACTIVE,1408 SKRIVANEK DR,"BRYAN, TX 77802",32016356613,00006,10/25/2022,
GEEKWURX,INACTIVE,1408 SKRIVANEK DR,"BRYAN, TX 77802",32016356613,00005,05/16/2018,12/31/2020
GEEKWURX,INACTIVE,1310 BENNETT ST,"BRYAN, TX 77802",32016356613,00004,05/07/2015,12/25/2016
GEMLAND,INACTIVE,2208 WINDSOR DR,"BRYAN, TX 77802",32006783768,00001,07/01/1985,12/25/2010
GEN MOTORS ACCEPTANCE CORP,INACTIVE,1716 BRIARCREST SUITE 600,"BRYAN, TX 77802",30118678223,00030,07/01/1976,11/01/1989
GENE HOBSON PAINT CONTRACTOR,INACTIVE,2010 ELMWOOD DR,"BRYAN, TX 77802",32006235157,00001,03/09/1989,12/25/2002
GENE-O'S HOME IMPROVEMENT,INACTIVE,2304 LONG DR,"BRYAN, TX 77802",32007119087,00001,06/07/1985,01/01/2011
GENERAL MOTORS ACCEPTANCE CORP,INACTIVE,1716 BRIARCREST DR STE 600,"BRYAN, TX 77802",30118678223,00083,11/01/1989,01/31/1997
GENERAL NUTRITION CENTER #7098,INACTIVE,3208 FREEDOM BLVD # 300,"BRYAN, TX 77802",17604675623,00012,05/01/1999,11/15/2003
GENERAL NUTRITION CENTER #9363,INACTIVE,3203 FREEDOM BLVD (BRYAN FREEDOM CENTER),"BRYAN, TX 77802",32020363993,00299,11/15/2003,08/31/2006
GENERAL NUTRITION CENTER #9363,INACTIVE,3203 FREEDOM BLVD STE 300,"BRYAN, TX 77802",12511245743,00043,09/01/2006,06/01/2014
GENESIS BUSINESS SYSTEMS & CONSULTANTS,INACTIVE,4004 SHAWNEE CIRCLE,"BRYAN, TX 77802",17423143126,00001,03/30/1984,09/30/1984
GENESIS CLEANING SOLUTIONS,INACTIVE,2108 NICOLE CT,"BRYAN, TX 77802",32056935987,00001,02/01/2015,03/30/2016
GENESIS LANDSCAPING,INACTIVE,2617-B PECAN RIDGE DR,"BRYAN, TX 77802",32021006765,00001,08/17/1994,06/30/1995
GENTLEMAN'S QUARTER,INACTIVE,3705 E 29TH,"BRYAN, TX 77802",30002789300,00002,07/01/1976,01/31/1981
GENTRI GANDY'S DANCE FACTORY,INACTIVE,3817 E 29TH ST,"BRYAN, TX 77802",32010705823,00001,08/06/2001,12/25/2009
GENTRY PROPERTY RENTAL,INACTIVE,2907 BRIARCREEK CT,"BRYAN, TX 77802",32043126674,00001,06/01/2024,06/01/2024
GEORGE ADAMS RICHARDSON MD,INACTIVE,3201 UNIVERSITY DR E STE 435,"BRYAN, TX 77802",32057686613,00001,01/15/2024,09/30/2024
GERANIUM JUNCTION,INACTIVE,2510 S TEXAS AVENUE,"BRYAN, TX 77802",17422126742,00002,07/01/1982,10/30/1990
GERI'S CREATIONS,INACTIVE,4100 BEDFORD DR,"BRYAN, TX 77802",32012644913,00002,11/01/2003,12/25/2016
GERI'S SERVICES,INACTIVE,2306 WINDSOR,"BRYAN, TX 77802",32012644913,00001,08/12/1987,12/31/1987
GET PHEROMONES,ACTIVE,3600 MIDWEST DR,"BRYAN, TX 77802",32095375310,00001,05/01/2025,
GIBSON ELECTRIC,INACTIVE,END OF WICKSON LAKE RD OFF FM 2038,"BRYAN, TX 77802",32025618391,00001,10/01/1987,01/01/2001
GIFT BASKETS GALORE,INACTIVE,2402-B PECAN RIDGE,"BRYAN, TX 77802",30115353028,00001,10/27/1992,07/01/1993
GIFT LINK INC,INACTIVE,906 JANE LN,"BRYAN, TX 77802",17525452243,00003,09/20/1998,03/31/2004
GIFT SHOP,INACTIVE,2501 E VILLA MARIA RD,"BRYAN, TX 77802",30007199836,00001,04/15/1983,12/31/2004
GIFT WORLD,INACTIVE,LONGVIEW DR,"BRYAN, TX 77802",32020891993,00001,02/01/1982,12/31/1984
GIFTS & GAB,INACTIVE,3812 S TEXAS AVE,"BRYAN, TX 77802",17602332607,00002,02/01/2002,03/31/2012
GIFTS FOR KIDS,INACTIVE,MANOR EAST MALL,"BRYAN, TX 77802",32028489873,00001,11/10/1993,09/30/1996
GIFTS GALORE,INACTIVE,701 VILLA MARIA,"BRYAN, TX 77802",32028873563,00002,12/02/1989,12/31/1995
GIFTS GALORE,INACTIVE,3737 E 29TH ST,"BRYAN, TX 77802",32004587989,00001,04/10/2002,06/30/2004
GILL SERVICES INC,INACTIVE,2907 VILLA MARIA RD W,"BRYAN, TX 77802",17418975805,00005,11/01/1982,03/31/1984
GILL SERVICES INC,INACTIVE,HWY 21 E AT CROSSWINDS,"BRYAN, TX 77802",17418975805,00006,04/01/1984,07/31/1984
GINGER'S COLLECTIBLES & CREATIONS,INACTIVE,2105 BRIAR OAKS DR,"BRYAN, TX 77802",32011904870,00001,07/30/2003,12/31/2003
GIPSY COWGIRL DESIGNS,INACTIVE,4505 CARTER CREEK PKWY APT 10,"BRYAN, TX 77802",32036517079,00002,01/01/2009,12/25/2012
GIPSY COWGIRL DESIGNS,INACTIVE,1835B WILDE OAK CIR,"BRYAN, TX 77802",32036517079,00001,03/18/2008,12/31/2008
GIRL FRIDAY '83,INACTIVE,3718 VALLEY OAKS DR,"BRYAN, TX 77802",32007428280,00001,08/13/2002,07/28/2005
GISELLA MILLER DESIGN,INACTIVE,5633 CHELSEA CIR,"BRYAN, TX 77802",32008135041,00001,02/28/1995,12/31/2011
GLACIER POOL AND SPA SERVICE CORPORATION,INACTIVE,2421 BRIARGATE DR,"BRYAN, TX 77802",17428205391,00004,10/01/2002,03/31/2003
GLAM BY TAM,INACTIVE,1500 BARAK LN,"BRYAN, TX 77802",32024967120,00002,10/03/2009,12/25/2010
GLASS BY DESIGN,INACTIVE,3504 OAK RIDGE DR,"BRYAN, TX 77802",17606162075,00002,04/01/2002,12/31/2009
GLASS CREATIONS ETC,INACTIVE,2910 WOOD MEADOW,"BRYAN, TX 77802",32021784668,00001,03/23/1983,10/15/1989
GLAZEBROOK RENEWAL SERVICES,INACTIVE,1805B BRIAR OAKS DR,"BRYAN, TX 77802",32014714417,00001,04/01/2004,04/20/2004
GLK ENTERPRISES,INACTIVE,4701 PEMBROOK LN,"BRYAN, TX 77802",32026846827,00004,04/28/1999,12/31/2000
GLOBAL EVENT PLANNING AND CATERING,INACTIVE,2504B PECAN RIDGE DR,"BRYAN, TX 77802",32010876137,00001,02/26/2003,10/01/2004
GLOBAL EVENTS,INACTIVE,4413 BROMPTON LN,"BRYAN, TX 77802",32016072640,00001,10/26/2004,06/30/2006
GLOBAL WHOLESALE AND REDISTRIBUTOR LLC,ACTIVE,1517 S TEXAS AVE,"BRYAN, TX 77802",32065568225,00002,04/01/2019,
GLOBETECH INC,INACTIVE,4001 E 29TH ST STE 170,"BRYAN, TX 77802",17424964124,00002,07/01/1991,12/31/1994
GLOCKSTOP,INACTIVE,818 E VILLA MARIA RD,"BRYAN, TX 77802",32008893128,00001,05/07/1999,08/31/2002
GLORIA K GUFFY,INACTIVE,1628 OAKVIEW ST,"BRYAN, TX 77802",32018608094,00004,11/22/2005,12/31/2007
GNARLY OAKS SADDLERY,INACTIVE,GRASSBUR ROAD BETWEEN RILEY AND COBB RDS,"BRYAN, TX 77802",32022184504,00001,07/01/1991,06/30/1992
GNC,ACTIVE,725 E VILLA MARIA RD STE 1900,"BRYAN, TX 77802",17604276059,00017,10/01/2024,
GO AND GROW DESIGNS,ACTIVE,3607 MAJOR ST APT B,"BRYAN, TX 77802",32079811637,00001,10/09/2021,
GO GREEN TEXAS MAIN ENTERPRISES LLC,ACTIVE,724 E VILLA MARIA RD STE 500,"BRYAN, TX 77802",32074294631,00001,07/01/2020,
GODDESS SALON,INACTIVE,3100 WILDFLOWER DR,"BRYAN, TX 77802",32075113319,00001,09/15/2020,
GODFREY CONSTRUCTION COMPANY,INACTIVE,1850 GREENFIELD PLZ,"BRYAN, TX 77802",17426888339,00001,01/13/1995,12/31/1995
GODFREY INDUSTIRES INC,INACTIVE,5561 SOMERFORD,"BRYAN, TX 77802",17425173527,00001,01/01/1989,12/31/1990
GODFREY INDUSTRIES INC,INACTIVE,2945 COUNTRY CLUB DR,"BRYAN, TX 77802",17425173527,00003,12/01/1998,12/01/1998
GODFREY INDUSTRIES INC,INACTIVE,5561 SOMERFORD,"BRYAN, TX 77802",17425173527,00002,09/04/1993,09/04/1993
GODFREY INTERESTS INC,INACTIVE,3131 BRIARCREST SUITE 518,"BRYAN, TX 77802",30004976632,00001,12/01/1983,05/31/1986
GODFREY'S,INACTIVE,2903 BROADMOOR DR,"BRYAN, TX 77802",30005324808,00001,12/01/1980,12/31/1993
GODWIN'S LITTLE ACRE,INACTIVE,3405 OAK HOLLOW,"BRYAN, TX 77802",32029076430,00001,06/01/1992,06/01/1992
GOFF PUBLISHING,INACTIVE,4605 BROMPTON LN,"BRYAN, TX 77802",32021428399,00001,02/01/1996,06/03/1996
GOLD & SILVER JEWELRY DESIGNS,INACTIVE,818 E VILLA MARIA RD,"BRYAN, TX 77802",32009826630,00005,11/18/2008,03/31/2010
GOLD ETC,INACTIVE,2613 RUSTLING OAKS,"BRYAN, TX 77802",32025838148,00001,01/15/1985,12/01/1988
GOLD N DIAMONDS/WIRELESS WORLD,INACTIVE,725 E VILLA MARIA RD,"BRYAN, TX 77802",12601448546,00001,06/15/2007,02/28/2017
GOLD N GLOW GIFTS,INACTIVE,2320 B LONG DR,"BRYAN, TX 77802",32023978276,00002,01/20/1984,06/30/1984
GOLD STATION,INACTIVE,3700 S TEXAS AVE STE 600,"BRYAN, TX 77802",32010596362,00003,06/01/2011,12/31/2013
GOLD STATION,INACTIVE,806 E VILLA MARIA RD,"BRYAN, TX 77802",32010596362,00002,09/15/2010,05/31/2011
GOLD'S GYM,INACTIVE,725 E VILLA MARIA RD STE 501,"BRYAN, TX 77802",32024610407,00004,02/01/1999,03/31/2001
GOLD'S GYM,INACTIVE,3125 S TEXAS AVE STE 1000,"BRYAN, TX 77802",15825881582,00024,07/01/2004,06/30/2007
GOLD'S GYM,INACTIVE,725 E VILLA MARIA RD STE 501,"BRYAN, TX 77802",15825881582,00001,09/01/2001,06/30/2004
GOLD'S GYM,INACTIVE,725 E VILLA MARIA RD STE 501,"BRYAN, TX 77802",15419536139,00001,12/07/2000,08/31/2001
GOLD'S GYM BRYAN,ACTIVE,3125 S TEXAS AVE STE 1000,"BRYAN, TX 77802",32075522220,00002,08/24/2020,
GOLDEN CHINA,INACTIVE,4001 E 29TH ST STE 106,"BRYAN, TX 77802",12031751188,00003,02/01/2008,08/01/2009
GOLDEN CHINA,INACTIVE,4001 E 29TH ST STE 106,"BRYAN, TX 77802",32016018197,00002,04/18/2005,01/28/2008
GOLDEN FLOORS,INACTIVE,4001 E 29TH ST STE 111,"BRYAN, TX 77802",32007976973,00002,08/01/1994,11/30/2000
GOLDEN FRIED CHICKEN,INACTIVE,512 VILLA MARIA,"BRYAN, TX 77802",30118311239,00001,02/01/1996,04/30/2000
GOLDEN MEAN CORP,INACTIVE,7 MI N BRYAN ON FM 1179,"BRYAN, TX 77802",17603281399,00001,02/01/1992,12/31/2002
GOLDEN MTN. MUTTS,INACTIVE,2609 WAYSIDE DR,"BRYAN, TX 77802",32080620993,00001,05/07/2021,07/01/2024
GOLDEN SHEARS SALON,INACTIVE,1702C S TEXAS AVE,"BRYAN, TX 77802",30010494042,00002,08/01/1989,08/10/2000
GOLDEN SHEARS SALON,INACTIVE,1702C S TEXAS AVE,"BRYAN, TX 77802",32005917185,00001,08/11/2000,12/31/2015
GOLDFINGERS ETC,INACTIVE,2905 BROADMOOR DR,"BRYAN, TX 77802",32025432363,00001,12/14/1983,12/25/1999
GOLDS GYM BRYAN,INACTIVE,3125 S TEXAS AVE STE 1000,"BRYAN, TX 77802",15825881566,00012,07/01/2007,08/31/2020
"GOLDSTAR BARBER ACADEMY, LLC",INACTIVE,1859 BRIARCREST DR,"BRYAN, TX 77802",32074771604,00001,07/01/2020,05/01/2025
"GOLDSUN PRESSURE WASHERS, LLC.",INACTIVE,2704 ALLEN RIDGE DR,"BRYAN, TX 77802",32074760995,00001,07/01/2020,09/30/2022
GOLF OUTLET,INACTIVE,2715 S TEXAS AVE,"BRYAN, TX 77802",32006291291,00003,07/01/2002,11/30/2002
GOLF OUTLET,INACTIVE,725 E VILLA MARIA RD STE 410,"BRYAN, TX 77802",32006291291,00002,12/21/2001,06/30/2002
GOMEZ SUPPORT SERVICES,INACTIVE,5309 WINCHESTER DR,"BRYAN, TX 77802",32033129225,00001,06/13/2007,12/31/2007
GONZALES FIREWORKS,INACTIVE,HWY 50 AT CENTERPOINT(1667),"BRYAN, TX 77802",32007033411,00004,06/15/1982,07/05/1982
GOOCH SECURITY SERVICE,INACTIVE,4204 CARTER CREEK PKWY,"BRYAN, TX 77802",32009919450,00001,04/01/1994,05/31/2014
GOOD ENUF TIRES LLC,INACTIVE,3300 S TEXAS AVE,"BRYAN, TX 77802",32068294316,00001,12/17/2018,02/29/2020
GOOD SPIRITS INC STORE #2796,INACTIVE,1901 S TEXAS AVE,"BRYAN, TX 77802",17419316645,00241,12/01/2001,07/30/2006
GOODFIND CO.,INACTIVE,1908 GREENFIELD PLZ,"BRYAN, TX 77802",32089028719,00001,02/02/2023,06/26/2023
GOODRUM XPRESS PROMOTIONS,INACTIVE,1713 BROADMOOR DR STE 400,"BRYAN, TX 77802",32016054150,00002,08/16/2006,09/30/2009
GOODRUM XPRESS PROMOTIONS,INACTIVE,710 N ROSEMARY DR,"BRYAN, TX 77802",32016054150,00003,10/01/2009,12/31/2009
GOODWILL INDUSTRIES OF HOUSTON,INACTIVE,2600 S TEXAS AVE,"BRYAN, TX 77802",17412850954,00055,06/01/2002,08/31/2006
GOODWILL INDUSTRIES OF HOUSTON,INACTIVE,2600 S TEXAS AVE,"BRYAN, TX 77802",17412850954,00053,06/01/2001,05/31/2002
GOODWILL INDUSTRIES OF HOUSTON,INACTIVE,1913 S TEXAS AVE,"BRYAN, TX 77802",17412850954,00040,05/12/1988,05/31/2002
GORDON'S OFFICE SERVICE,INACTIVE,1713 BROADMOOR DR STE 406,"BRYAN, TX 77802",32011638965,00001,07/01/2003,01/31/2008
GORDON'S OFFICE SERVICE,INACTIVE,1713 BROADMOOR DR STE 404,"BRYAN, TX 77802",32011638965,00002,02/01/2008,05/31/2008
GORDON'S OFFICE SERVICE,INACTIVE,1713 BROADMOOR DR STE 406,"BRYAN, TX 77802",30119132857,00001,04/01/1997,06/30/2003
GORDON'S TENNIS,INACTIVE,4455 CARTER CREEK PKWY,"BRYAN, TX 77802",32006664802,00001,06/24/2002,12/31/2015
GORDON'S TENNIS,INACTIVE,1929 COUNTRY CLUB DR,"BRYAN, TX 77802",32006664802,00002,01/01/2016,09/30/2017
GOSE & ASSOCIATES,INACTIVE,2910 CHAPARRAL CIRCLE,"BRYAN, TX 77802",32029892513,00001,08/30/1991,08/30/1991
GOTCHA SAUCES,INACTIVE,700 BURNETT,"BRYAN, TX 77802",32026219694,00001,12/01/1989,12/01/1989
GOUGH CHEVRON,INACTIVE,1900 S TEXAS AVE,"BRYAN, TX 77802",17420673794,00011,03/01/1991,11/30/1999
GOUGH'S SERVICE STATION INC,INACTIVE,1900 S TEXAS AVENUE,"BRYAN, TX 77802",17422372684,00001,07/01/1982,12/31/1991
GOURMET DELIGHTS,INACTIVE,2409 BRIARGATE DR,"BRYAN, TX 77802",30010592639,00001,01/01/1988,12/31/2016
GP WATER GARDENS & LANDSCAPING,INACTIVE,2807 WILDFLOWER DR APT 8,"BRYAN, TX 77802",32020013192,00001,07/01/2006,12/31/2006
GRAAND FITNESS LLC,ACTIVE,3201 UNIVERSITY DR E STE 250,"BRYAN, TX 77802",32094599225,00001,08/07/2024,
GRACE,INACTIVE,3803 KELLI LN,"BRYAN, TX 77802",32009449359,00002,01/01/1999,12/31/2004
GRACE & JOY,INACTIVE,6204 CROMWELL CT,"BRYAN, TX 77802",32014084910,00002,05/09/2007,12/31/2008
GRACE FASHION BOUTIQUE,INACTIVE,4500 KINGSDALE DR,"BRYAN, TX 77802",32065309497,00001,11/04/2017,06/30/2019
GRACE M HOWES,INACTIVE,3710 SUNNYBROOK,"BRYAN, TX 77802",32021653418,00001,01/31/1994,06/30/1994
GRACE SHEESE,INACTIVE,1826 GETTYSBURG LN,"BRYAN, TX 77802",32005987352,00001,04/05/1999,12/30/2002
GRACEFUL DESIGNS & GIFTS,INACTIVE,4112 KENWOOD DR,"BRYAN, TX 77802",32007183166,00003,10/07/1998,12/31/2002
GRAHAM'S CLEANING,INACTIVE,4220 WILLOW OAK ST,"BRYAN, TX 77802",32006523800,00001,04/17/1997,08/22/2003
GRAND SLAM SPORTS CARDS,INACTIVE,725 VILLA MARIA,"BRYAN, TX 77802",32025345862,00001,10/22/1991,12/31/1994
GRAND SLAM SPORTS CARDS,INACTIVE,725 VILLA MARIA,"BRYAN, TX 77802",32025345862,00002,01/01/1996,12/31/1997
GRAND SLAM VENDING,INACTIVE,2808 WESSEX,"BRYAN, TX 77802",32025838577,00005,11/01/1992,07/31/1993
GRAND SLAM VENDING,INACTIVE,1411 BROADMOOR,"BRYAN, TX 77802",32025838577,00004,03/05/1991,12/01/1992
GRANDMA'S CRAFT BOX,ACTIVE,3115 CAMELOT DR,"BRYAN, TX 77802",32045757625,00002,07/01/2025,
GRANDMA'S THINGS,INACTIVE,3708 RAVENWOOD DR,"BRYAN, TX 77802",32006042702,00001,09/18/1995,12/29/1998
GRANDMAS PLAYHOUSE,INACTIVE,4306 GREEN VALLEY DR,"BRYAN, TX 77802",32046764307,00001,01/22/2012,12/31/2012
GRANDY'S COUNTRY COOKIN',INACTIVE,806 SOUTHMORE,"PASADENA, TX 77802",17422455257,00002,12/01/1982,06/30/1984
GRANNY T'S,INACTIVE,3218 S TEXAS AVE,"BRYAN, TX 77802",32009180079,00002,10/08/2010,12/15/2010
"GRANOVSKY ASSOCIATES, INC.",INACTIVE,1720 BARAK LN,"BRYAN, TX 77802",17424223364,00002,01/01/1992,12/31/2023
GRAPHIC CONCEPTS,INACTIVE,3708 EASTSHIRE CT,"BRYAN, TX 77802",32008390687,00006,01/01/1997,12/31/2001
GRAPHIC CONCEPTS,INACTIVE,3507 GREEN RIDGE CIR,"BRYAN, TX 77802",32044239229,00001,05/11/2011,03/31/2012
GRAPHIC CONCEPTS,INACTIVE,3708 EASTSHIRE,"BRYAN, TX 77802",32008390687,00004,01/01/1992,02/29/1996
GRAPHIC CONCEPTS,INACTIVE,4340 CARTER CREEK SUITE 102,"BRYAN, TX 77802",32008390687,00001,02/02/1981,01/01/1992
GRAPHIC SOFTWARE SOLUTIONS INC,INACTIVE,1401 SANDIA PLZ,"BRYAN, TX 77802",17427345982,00002,12/01/2000,08/31/2004
GRAPHIC SOFTWARE SOLUTIONS INC,INACTIVE,3608 E 29TH ST,"BRYAN, TX 77802",17427345982,00001,01/15/1995,11/30/2000
GRASSROOTS,INACTIVE,2401 WAYSIDE DR,"BRYAN, TX 77802",32014885613,00002,07/01/2007,12/31/2010
"GRASSROOTS, LLC",INACTIVE,2401 WAYSIDE DR,"BRYAN, TX 77802",32034535727,00001,01/01/2011,12/31/2024
GRAVES INC,INACTIVE,MANOR EAST SHOPPING MALL,"BRYAN, TX 77802",17509963611,00039,12/02/1971,04/01/1981
"GRAY MEDIA GROUP, INC. KBTX",ACTIVE,4141 E 29TH ST,"BRYAN, TX 77802",10433144945,00009,05/01/2019,
GRAYCO PROFESSIONAL CLEANING SERVICES,INACTIVE,8969 S FM 2038,"BRYAN, TX 77802",32027736159,00001,06/14/1993,08/23/1994
GRAZE,INACTIVE,4604 WINCHESTER DR,"BRYAN, TX 77802",32027906067,00002,05/28/2024,12/31/2024
GREAT CLIPS #8502,INACTIVE,725 E VILLA MARIA RD STE 1700,"BRYAN, TX 77802",14605075341,00002,03/01/2005,06/30/2010
GREAT CLIPS FOR HAIR - 8502,ACTIVE,725 E VILLA MARIA RD STE 1700,"BRYAN, TX 77802",32041798896,00002,05/22/2010,
GREAT CONNECTIONS,INACTIVE,1504 BROOK HOLLOW DR,"BRYAN, TX 77802",32008182035,00003,02/16/1986,09/30/2010
GREAT DEALS AND STEALS OF BRYAN,ACTIVE,3801 E 29TH ST,"BRYAN, TX 77802",32069182635,00001,01/01/2020,
GREEN IGLOO,INACTIVE,2000 E 29TH ST,"BRYAN, TX 77802",32039631380,00002,12/01/2018,12/31/2019
GREEN PLUMBING SOLUTIONS,ACTIVE,2703 E VILLA MARIA RD,"BRYAN, TX 77802",32036932641,00002,10/01/2011,
GREEN PLUMBING SOLUTIONS,INACTIVE,2605 E VILLA MARIA RD,"BRYAN, TX 77802",32036932641,00001,05/02/2008,09/30/2011
GREEN VALLEY HOMES INC,INACTIVE,4737 TIFFANY PARK CIR,"BRYAN, TX 77802",32028032830,00002,01/01/1999,12/25/2000
GREEN YARD LAWN SERVICE,INACTIVE,3605A CHOCTAW ST,"BRYAN, TX 77802",32020521194,00001,08/01/2006,11/15/2006
GREENAZTECH COMPUTERS,INACTIVE,4512 SUTTON CT,"BRYAN, TX 77802",32007241022,00001,07/25/2002,12/31/2005
GREENE ENTERPRISES,INACTIVE,1118 BRIAR CLIFF DR,"BRYAN, TX 77802",32024265392,00001,02/15/1996,03/29/2001
GREENER PASTURES LAWN & LANDSCAPE,INACTIVE,4012 WOODBRIAR DR,"BRYAN, TX 77802",32028236746,00001,09/09/1994,04/01/1996
GREENFIELD HAIR DESIGN,INACTIVE,1800 GREENFIELD PLAZA,"BRYAN, TX 77802",32024564810,00001,05/01/1986,12/31/1991
GREENFIELD HAIRDESIGNS,INACTIVE,1800 GREENFIELD PLZ,"BRYAN, TX 77802",32024967120,00001,02/28/1992,10/31/1998
GREENSCAPES,INACTIVE,3601 RAVENWOOD DR,"BRYAN, TX 77802",32009331060,00001,06/15/2001,09/30/2005
GREENWAY LAWN MAINTENANCE,INACTIVE,701 AVONDALE,"BRYAN, TX 77802",32024107479,00001,03/01/1988,12/31/1993
GREER LASER,ACTIVE,1200 BRIAR CLIFF DR,"BRYAN, TX 77802",32093558214,00001,05/06/2024,
GREER LAWN SERVICE,INACTIVE,3712 SUNNYBROOK LN,"BRYAN, TX 77802",32008842471,00001,02/27/2001,04/01/2001
GREER PRESSURE WASHING & STEAM CLEANING,INACTIVE,3712 SUNNYBROOK LN,"BRYAN, TX 77802",32008842471,00002,10/23/2002,12/31/2002
GREETINGS FROM LISA,INACTIVE,2807 WILDFLOWER DR APT 27,"BRYAN, TX 77802",32015316154,00001,04/25/2004,12/25/2007
GREGORIO BAZAN,INACTIVE,3225 FREEDOM BLVD,"BRYAN, TX 77802",32099562285,00002,01/02/2025,01/03/2025
GREGORY LATIMER,INACTIVE,2708 ARBOR DR,"BRYAN, TX 77802",32020244540,00001,09/01/2006,03/31/2009
GRETA M MERRITT,INACTIVE,2111 CARTER CREEK PKWY,"BRYAN, TX 77802",32013908226,00001,01/01/2003,08/25/2006
GREY TO BLUE PHOTOGRAPHY,INACTIVE,1525 E 29TH ST APT 614,"BRYAN, TX 77802",32052619452,00002,01/01/2015,03/31/2015
GRIMACE TONE SPEAKER CABINETS,INACTIVE,3807 COURTNEY CIR,"BRYAN, TX 77802",32058288385,00001,10/01/2015,12/15/2015
GRISH INC,INACTIVE,4316 WARWICK LN,"BRYAN, TX 77802",17604181176,00001,01/03/1995,08/31/1996
GROESBECK GROCERY,INACTIVE,3507 GREEN OAKS DR,"BRYAN, TX 77802",32059667355,00001,03/01/2016,04/22/2016
GROUND ZERO,INACTIVE,3505 TANGLEWOOD DR,"BRYAN, TX 77802",32024992722,00001,07/01/1996,09/30/1998
GROUND ZERO COMPUTERS,INACTIVE,3902 E 2HTH ST #H-4,"BRYAN, TX 77802",30116413029,00001,01/11/1996,09/30/1997
GROUNDWORKS,INACTIVE,2208 QUAIL HOLLOW DR,"BRYAN, TX 77802",32042520000,00001,01/04/2011,07/31/2013
GROUP 4,INACTIVE,1735 BRIARCREST SUITE 214,"BRYAN, TX 77802",17422343404,00001,05/19/1983,12/31/1985
GROUP 4,INACTIVE,2907 HILLSIDE DR,"BRYAN, TX 77802",17422343404,00004,01/01/1994,12/31/1994
GROUP 4,INACTIVE,3608 EAST 29TH STREET #210,"BRYAN, TX 77802",17422343404,00003,06/01/1990,12/31/1993
GRUB BURGER BAR,INACTIVE,3740 COPPERFIELD DR STE 105,"BRYAN, TX 77802",32052761270,00001,07/01/2014,07/01/2014
"GT GROUND, INC.",ACTIVE,3807 WOODMERE DR,"BRYAN, TX 77802",32048150406,00001,07/01/2012,
GTD GAAS TOOL & DIE CO,INACTIVE,3800 STILLMEADOW,"BRYAN, TX 77802",32010090507,00001,04/10/1978,03/28/1989
GTS CONSULTING,INACTIVE,1308A E 27TH ST,"BRYAN, TX 77802",32033967673,00001,10/01/2007,12/31/2010
GUEST FINANCIAL CONSULTANTS INC,INACTIVE,1816 GREENFIELD PLAZA,"BRYAN, TX 77802",17601557477,00001,01/01/1988,12/07/1992
GUGGENHEIM ENTERPRISES LLC,INACTIVE,4225 PENDLETON DR APT 9307,"BRYAN, TX 77802",32080484952,00001,11/01/2021,12/31/2022
GUO'S CHINA DINER,INACTIVE,3203 FREEDOM BLVD STE 700,"BRYAN, TX 77802",32044882887,00001,09/01/2011,03/31/2012
GUTIERREZ VENTURES,INACTIVE,735 EAGLE PASS #2,"BRYAN, TX 77802",32004860600,00001,10/01/1994,12/31/1994
GUY A DAVIS INC,INACTIVE,1003 ESTHER,"BRYAN, TX 77802",17419929744,00001,09/11/1978,12/25/1985
GUY ELDER,INACTIVE,702 EDGEMORE DR,"BRYAN, TX 77802",32005443414,00003,11/02/1994,12/31/2000
GUY KING ENTERPRISES INC,INACTIVE,2622 TROPHY DR,"BRYAN, TX 77802",17418902957,00016,04/01/2000,12/31/2001
GUY-KING ENTERPRISES INC,INACTIVE,2513 TOWERING OAKS,"BRYAN, TX 77802",17418902957,00012,01/01/1991,05/01/1992
G3 GOD GOLD GUNS,ACTIVE,3800 S TEXAS AVE STE 3810,"BRYAN, TX 77802",32078261743,00001,10/01/2021,
"H & H BEVERAGES, INC.",INACTIVE,3203 FREEDOM BLVD STE 700,"BRYAN, TX 77802",17417701319,00077,02/15/2004,03/31/2013
H & H MOBILITY INC,INACTIVE,3608 E 29TH ST STE 109,"BRYAN, TX 77802",11418782360,00001,03/14/2003,09/30/2003
H & H MUSIC CO,INACTIVE,1103 VILLA MARIA RD,"BRYAN, TX 77802",17410523777,00008,04/01/1970,02/28/1975
H & K INDUSTRIES,INACTIVE,4709 WARWICK LN,"BRYAN, TX 77802",32010670027,00001,01/01/1996,12/31/1997
H & M MINI MART #2,INACTIVE,1101 VILLA MARIA RD,"BRYAN, TX 77802",17421090402,00007,06/01/1984,08/31/1993
H & M TEXAS #5,INACTIVE,1214 S COLLEGE AVE,"BRYAN, TX 77802",17421090402,00006,01/01/1983,03/31/1984
H & M WHOLESALE #4,INACTIVE,1820 S TEXAS AVENUE,"BRYAN, TX 77802",17421090402,00004,10/01/1982,12/31/1983
H & R BLOCK OF HOUSTON,INACTIVE,4031 E 29TH ST STE 120,"BRYAN, TX 77802",32033194187,00005,02/01/2008,01/31/2011
H & R BLOCK OF HOUSTON,INACTIVE,4031 E 29TH ST # 120,"BRYAN, TX 77802",17517893131,00144,01/01/1998,08/01/2007
H & R BLOCK OF HOUSTON,INACTIVE,4031 E 29TH ST STE 120,"BRYAN, TX 77802",17517893131,00141,02/01/1995,01/01/1998
H & R ENTERPRISE,INACTIVE,4103 WILLOW OAK,"BRYAN, TX 77802",32031522116,00001,07/29/1992,12/31/1992
H BOND CONSTRUCTION,INACTIVE,1507 WOODLAND DR,"BRYAN, TX 77802",32007362497,00001,04/01/1994,12/31/2004
H C J ENTERPRISES,INACTIVE,1503 BROOK HOLLOW DR,"BRYAN, TX 77802",32009839088,00001,01/14/1993,12/31/2004
H D PETERSEN,INACTIVE,WOOD OAK DR-OAK FOREST SUBDIVISION,"BRYAN, TX 77802",32010336033,00001,01/27/1992,12/31/1992
H D RESTMEYER INC,INACTIVE,1811A EAST BYP S # 6,"BRYAN, TX 77802",17426436642,00002,03/01/1998,06/30/2002
H E B PANTRY FOODS__#118,INACTIVE,2031 S TEXAS AVE,"BRYAN, TX 77802",17405371752,00396,09/01/1991,08/31/2001
H M J ENTERPRISES,INACTIVE,720 N ROSEMARY DR,"BRYAN, TX 77802",32017052955,00002,01/01/1979,12/31/1989
H M J ENTERPRISES,INACTIVE,2902 CHAPARRAL,"BRYAN, TX 77802",32017052955,00001,08/23/1972,12/31/1978
H P TRADING,INACTIVE,4409 CARTER CREEK PKWY APT 1,"BRYAN, TX 77802",32073618582,00001,04/01/2020,
H&J'S TEA HOUSE LLC,INACTIVE,3700 S TEXAS AVE STE 550,"BRYAN, TX 77802",32077764689,00001,07/01/2021,09/30/2023
HABANERO MEXICAN GRILL & BAR,INACTIVE,3700 S TEXAS AVE STE 100,"BRYAN, TX 77802",32040119151,00002,09/01/2010,03/29/2011
HABITAT PRODUCTS,INACTIVE,2200 QUAIL HOLLOW DR,"BRYAN, TX 77802",32030187747,00001,06/01/1990,07/01/1995
HABITAT PRODUCTS INC,INACTIVE,3808 HOLLY,"BRYAN, TX 77802",17418993733,00003,01/01/1985,09/30/1986
HACK-A-WAY DRIVING RANGE LLC,INACTIVE,3715 MOHAWK ST,"BRYAN, TX 77802",32046067495,00001,02/04/2012,06/30/2013
HACKNEY CRAFT,INACTIVE,2408 BURTON DR,"BRYAN, TX 77802",32025998090,00001,07/25/1985,12/31/1985
HAGY LTD,INACTIVE,2100 WINDSOR DR #35,"BRYAN, TX 77802",32028090077,00002,01/01/1984,12/31/1985
HAIL STAR PDR,INACTIVE,1700 E VILLA MARIA RD,"BRYAN, TX 77802",32084200388,00001,04/23/2022,
HAILEY NICOLE BROWNING,INACTIVE,4150 PENDLETON DR APT 415,"BRYAN, TX 77802",32058619175,00001,10/23/2015,12/31/2015
HAINES ENTERPRISES,INACTIVE,2205 QUAIL HOLLOW DR,"BRYAN, TX 77802",32002035296,00001,01/01/2000,12/25/2010
HAIR & BEAUTY SUPPLY,INACTIVE,822 E VILLA MARIA RD,"BRYAN, TX 77802",32072408274,00001,11/11/2019,05/31/2025
HAIR BY NAYAH LEE,INACTIVE,3001 WILDFLOWER DR STE C-3,"BRYAN, TX 77802",32075761471,00001,09/28/2020,
HAIR PRODUCTIONS,INACTIVE,1673 BRIARCREST DR,"BRYAN, TX 77802",32007321592,00004,08/07/1989,12/31/2002
HAIR PRODUCTIONS,INACTIVE,1673 BRIARCREST - ARDAN'S CROSSING,"BRYAN, TX 77802",32022019148,00001,11/01/1985,08/06/1989
HAIR UNLIMITED,INACTIVE,3614 E 29TH STREET,"BRYAN, TX 77802",32021195246,00001,07/01/1992,07/01/1992
HAIR UNLIMITED,INACTIVE,1812 GREENFIELD PLZ,"BRYAN, TX 77802",32027813669,00002,04/01/1995,12/31/1998
HAIR UNLIMITED,INACTIVE,3614 E 29TH,"BRYAN, TX 77802",32027813669,00001,05/13/1992,03/31/1995
HAIR UNLIMITED,INACTIVE,1812 GREENFIELD PLZ,"BRYAN, TX 77802",32009919252,00001,01/05/1999,12/31/2003
HAIR-HAIR,INACTIVE,4403 S TEXAS AVE,"BRYAN, TX 77802",30010494737,00001,09/21/1987,05/08/1996
HAIRLINES,INACTIVE,3610-A MAJOR,"BRYAN, TX 77802",30116411098,00001,02/01/1995,02/01/1995
HAJI FAMILY LEMONADE,INACTIVE,2807 RUSTLING OAKS DR,"BRYAN, TX 77802",32096747509,00001,09/14/2024,09/30/2024
HALE CONSULTING AND ASSOCIATES INC,INACTIVE,2417 OAK HOLLOW DR,"BRYAN, TX 77802",17426225896,00002,01/01/1999,12/31/2000
HALEIGH DEAN CREATIONS,INACTIVE,4050 PENDLETON DR APT 426,"BRYAN, TX 77802",32093178005,00001,01/10/2024,12/31/2024
HALEY ENTERPRISES,INACTIVE,2009 CARTER CREAK,"BRYAN, TX 77802",32030687670,00001,01/01/1993,09/30/1993
HALF PRICE BOOKS RECORDS MAGAZINES,INACTIVE,3828 S TEXAS AVE,"BRYAN, TX 77802",17514659220,00033,06/15/1982,11/30/2000
HALFSHELL POLYMER CLAY,INACTIVE,917 PARK LN,"BRYAN, TX 77802",32011785857,00001,07/14/2003,06/01/2005
HALLELULAH HEALTH MINISTRIES,ACTIVE,1507 BROOK HOLLOW DR,"BRYAN, TX 77802",32010257288,00002,07/01/1998,
HALLIE'S CANDLES,INACTIVE,2320 E VILLA MARIA RD,"BRYAN, TX 77802",32001932378,00001,11/04/1999,12/31/2008
HALLMARK CLEANERS,INACTIVE,800 E VILLA MARIA RD,"BRYAN, TX 77802",17428595056,00001,01/01/1998,08/04/2025
HALLMARK CLEANERS,INACTIVE,800 E VILLA MARIA,"BRYAN, TX 77802",32029579177,00001,11/01/1988,12/31/1992
HALLMARK CLEANERS,INACTIVE,800 E VILLA MARIA,"BRYAN, TX 77802",32017930663,00001,01/01/1993,12/31/1997
HALLOWEEN EXPRESS,ACTIVE,3125 S TEXAS AVE,"BRYAN, TX 77802",32095730712,00001,08/25/2024,
HALO STRANDS,INACTIVE,2900 WILDFLOWER DR APT 4121,"BRYAN, TX 77802",32092948457,00002,01/01/2025,
HAMLIN MOTOR COMPANY,INACTIVE,2007 WAYSIDE DR,"BRYAN, TX 77802",32013097772,00003,03/01/1992,12/25/1999
HAMMOND CONSULTING,INACTIVE,2205 BARAK LN,"BRYAN, TX 77802",32027299851,00002,08/31/1992,12/25/1999
HAMPTON'S CAFE,INACTIVE,2516 S TEXAS AVE,"BRYAN, TX 77802",17429702529,00001,10/01/2000,07/31/2002
HAMPTONS CAFE,INACTIVE,2516 S TEXAS AVE,"BRYAN, TX 77802",10437003006,00001,08/01/2002,11/10/2010
HAND & HEART,INACTIVE,2505 D PECAN RIDGE,"BRYAN, TX 77802",32012642784,00003,10/01/1994,12/31/1996
HAND CRAFTED BY HAYDEN,INACTIVE,4106 WILLOW OAK ST,"BRYAN, TX 77802",32028466103,00001,04/28/1997,12/31/1997
HAND GUNS ETC,INACTIVE,8044 SCASTA RD,"BRYAN, TX 77802",32023617155,00001,05/17/1993,05/18/1993
HANDCRAFTED FABRICS,INACTIVE,3604 HOLLY DR,"BRYAN, TX 77802",32006581717,00001,07/07/1992,12/25/2006
HANDI DRIVE IN,INACTIVE,1720 E 29TH ST,"BRYAN, TX 77802",17605904972,00001,01/15/1999,11/15/2005
HANDY DRIVE IN,INACTIVE,1720 E 29TH ST,"BRYAN, TX 77802",32025343479,00001,12/16/1991,12/03/1995
HANDY DRIVE IN GROCERY,INACTIVE,1720 E 29TH,"BRYAN, TX 77802",32029237602,00001,10/08/1985,12/31/1986
HANDY DRIVE INN,INACTIVE,1720 EAST 29TH ST,"BRYAN, TX 77802",32030325479,00003,02/04/1987,12/15/1991
HANEY OIL CO S S#10,INACTIVE,1920 S HWY 6,"BRYAN, TX 77802",32005143477,00020,05/01/1983,12/31/1983
HANEY OIL CO 55 #13,INACTIVE,800 SAN JACINTO,"BRYAN, TX 77802",32005143477,00022,06/01/1983,12/31/1983
HANNA GROUP LLC,ACTIVE,1716 BRIARCREST DR STE 610,"BRYAN, TX 77802",32093033705,00001,01/17/2023,
HANNAH LEE COMPANY,ACTIVE,4502 WINCHESTER DR,"BRYAN, TX 77802",32073268420,00001,02/01/2020,
HANNAH MARIE OLIVA LLC,INACTIVE,4225 PENDLETON DR APT 2316,"BRYAN, TX 77802",32074326425,00001,08/01/2021,02/28/2022
HANNAH'S GARDEN,INACTIVE,3807 SUNNYBROOK LN,"BRYAN, TX 77802",32006769023,00002,08/01/2000,09/30/2001
HANSEN INTEREST,INACTIVE,730 N ROSEMARY DR,"BRYAN, TX 77802",32009225163,00003,01/01/1995,12/25/2007
HAPPENSTANCE DESIGNS,INACTIVE,2613 LEILA CT,"BRYAN, TX 77802",32044928722,00001,09/01/2011,03/20/2013
HAPPY HOME,INACTIVE,905 EAST 23RD STREET,"BRYAN, TX 77802",32021330215,00001,08/31/1992,09/30/1992
HAPPY SMILE CROCHET,ACTIVE,604 ETHEL BLVD,"BRYAN, TX 77802",32082097711,00001,01/01/2022,
HARDWOOD DESIGNS,INACTIVE,724 EAGLE PASS,"BRYAN, TX 77802",32026840838,00001,12/10/1985,12/25/1993
HARDY GARDENS,INACTIVE,2004 VILLA MARIA,"BRYAN, TX 77802",32024454582,00006,03/01/1981,08/31/1995
HARDY GARDENS #2,INACTIVE,MANOR EAST MALL,"BRYAN, TX 77802",32024454582,00003,10/01/1972,05/17/1978
HARDY GARDENS OF BRYAN-PATIO SHOP,INACTIVE,1127 VILLA MARIA,"BRYAN, TX 77802",32024454582,00002,04/01/1970,08/31/1982
HARMONY SCIENCE ACADEMY - BRYAN,ACTIVE,2031 S TEXAS AVE,"BRYAN, TX 77802",17606152456,00004,09/01/2011,
HAROLD CLIVER PROFESSIONAL SERVICES,INACTIVE,2523 WILLOW BEND DRIVE,"BRYAN, TX 77802",32026341381,00001,08/06/1987,12/31/1989
HARPOON USERS' GROUP,INACTIVE,3132 E 29TH APT #108,"BRYAN, TX 77802",32021021756,00001,01/04/1992,01/01/1993
HARRIS' CARPET & INTERIORS,INACTIVE,3729 E 29TH,"BRYAN, TX 77802",32005610517,00001,02/15/1977,08/30/1984
HARRISBURG INC,INACTIVE,1421-C OLD KURTEN ROAD,"BRYAN, TX 77802",17507069353,00024,08/01/1982,04/30/1986
"HARRISBURG, INC",INACTIVE,1420 MARINO RD,"BRYAN, TX 77802",17507069353,00030,05/01/1986,03/31/1990
HARTS INTERNATIONAL INC,INACTIVE,818 VINE ST,"BRYAN, TX 77802",30009764710,00001,07/14/1986,12/31/1986
HARTT'S BARBECUE,ACTIVE,3801 STILLMEADOW DR,"BRYAN, TX 77802",32091147242,00001,10/03/2023,
HARVEY'S,INACTIVE,3601 E 29TH ST STE 1,"BRYAN, TX 77802",32005139905,00001,01/01/1988,01/31/1988
HAUTE IMPRESSIONS,ACTIVE,2902 WOODMEADOW DR,"BRYAN, TX 77802",32082463780,00001,01/10/2022,
HAVE IT ALL,INACTIVE,1634 PRAIRIE DR APT B,"BRYAN, TX 77802",32057763552,00002,11/01/2015,06/16/2016
HAYDEN HOLCOMBE,ACTIVE,4217 HARDING WAY,"BRYAN, TX 77802",32073244181,00001,06/15/2021,
HAYNES CONSULTING,INACTIVE,2111 WAYSIDE DR,"BRYAN, TX 77802",32030418845,00001,11/05/1992,12/31/2001
HAZZARDS INC,INACTIVE,910 BRIAR CLIFF DR,"BRYAN, TX 77802",17427988575,00002,04/01/2000,12/31/2003
HAZZARDS INC,INACTIVE,STEEPHOLLOW RD,"BRYAN, TX 77802",17427988575,00001,08/28/1998,03/31/2000
HCE COMPANIES,INACTIVE,3125 S TEXAS AVE STE 1100,"BRYAN, TX 77802",17602311783,00005,06/01/2010,12/31/2011
HDS FURNITURE WAREHOUSE,INACTIVE,2707 S TEXAS AVE,"BRYAN, TX 77802",32040181367,00001,09/01/2009,01/31/2014
"HE'S THE MIRACLE PUBLISHING COMPANY, INC.",INACTIVE,2210 W BRIARGATE DR,"BRYAN, TX 77802",32057337001,00001,09/01/2018,06/30/2022
HEALING SOLUTIONS,INACTIVE,2920 KENT ST APT 166,"BRYAN, TX 77802",32023277000,00002,10/23/2001,11/01/2001
HEALTH CENTER MEDICAL EQUIPMENT,INACTIVE,3030 E 29TH ST,"BRYAN, TX 77802",17425440090,00002,01/01/1993,12/31/1995
HEALTH CHOICE OF BRAZOS VALLEY,INACTIVE,1737 BRIARCREST SUITE 18,"BRYAN, TX 77802",17426316109,00001,05/01/1992,12/25/1993
HEALTHCARE SERVICES GROUP INC,INACTIVE,2001 E 29TH ST,"BRYAN, TX 77802",12320183655,00126,02/01/2000,05/01/2008
HEALTHCARE SERVICES GROUP INC,INACTIVE,1401 MEMORIAL DR,"BRYAN, TX 77802",12320183655,00102,12/01/1996,06/10/2001
HEARING SERVICES,INACTIVE,1318 MEMORIAL DR,"BRYAN, TX 77802",32037704858,00001,08/12/2008,12/31/2008
HEARRON QUICK PRINT,INACTIVE,100 S BROWN,"BRYAN, TX 77802",32030939790,00003,07/31/1993,12/31/1993
HEARRON'S QUICK PRINT,INACTIVE,100 S BROWN,"BRYAN, TX 77802",32030939790,00001,11/12/1990,09/30/1991
HEART OF TEXAS ADVERTISING ASSOCIATION,INACTIVE,2714 BROADMOOR DR,"BRYAN, TX 77802",17429903218,00001,08/31/2018,08/31/2018
HEART OF TEXAS GOODWILL INDUSTRIES,INACTIVE,2600 S TEXAS AVE,"BRYAN, TX 77802",17412384434,00039,03/24/2003,01/01/2022
HEART OF TX SKIP-TALKERS CLUB,INACTIVE,814 VILLA MARIA,"BRYAN, TX 77802",30002582747,00001,03/03/1976,12/31/1983
HEART VIDEO PRODUCTIONS,INACTIVE,1103 ANTONE,"BRYAN, TX 77802",32031755583,00001,02/22/1993,07/01/1994
HEATH SERVICES,INACTIVE,4004 OAK BEND DR # 4004B,"BRYAN, TX 77802",32048255676,00001,06/18/2012,09/30/2013
HEATHER E WRIGHT,INACTIVE,3715 VALLEY OAKS DR,"BRYAN, TX 77802",32051065608,00001,05/24/2013,12/25/2015
HEATHERED HANDMADES,INACTIVE,2607 TODD ST,"BRYAN, TX 77802",32062983732,00002,08/01/2018,07/15/2021
HEAVEN SCENT CANDLES,INACTIVE,2544 E VILLA MARIA RD,"BRYAN, TX 77802",32008549837,00004,02/01/2000,03/31/2003
HEAVEN SCENT CANDLES,INACTIVE,2305 BURTON DR,"BRYAN, TX 77802",32012452705,00002,04/01/2006,07/31/2007
HEAVEN SCENT CANDLES,INACTIVE,2305 BURTON DR,"BRYAN, TX 77802",32012452705,00005,10/01/2008,09/30/2009
HEAVEN SCENT CANDLES,INACTIVE,818 E VILLA MARIA RD,"BRYAN, TX 77802",32012452705,00004,04/01/2008,09/30/2008
HEAVEN'S KITCHEN,ACTIVE,3708 E 29TH ST,"BRYAN, TX 77802",32100193757,00001,05/16/2025,
HEAVENLY ANGELS DURABLE MEDICAL SUPPLIES LLC,INACTIVE,1706 E 29TH ST STE 103,"BRYAN, TX 77802",32019687741,00002,01/01/2007,06/30/2009
HEAVENLY HAIR SALON,INACTIVE,3605 S TEXAS AVE,"BRYAN, TX 77802",32006751641,00001,11/01/2001,12/25/2004
HEAVENLY MADE BOUTIQUE,ACTIVE,1814 WILDE OAK CIR APT 5,"BRYAN, TX 77802",32081506100,00001,11/07/2021,
HEAVENS BEST CARPET CARE,INACTIVE,100 S BREWER DR,"BRYAN, TX 77802",32011942292,00002,07/01/2005,02/28/2019
HEB FOOD STORE #544,ACTIVE,725 E VILLA MARIA RD STE 1300,"BRYAN, TX 77802",17430106587,00329,11/01/2004,
HEB FOOD STORE #544,ACTIVE,725 E VILLA MARIA RD STE 1300,"BRYAN, TX 77802",17430106579,00329,10/05/2004,
HEB PANTRY FOODS #118,INACTIVE,2031 S TEXAS AVE,"BRYAN, TX 77802",17430106579,00142,09/01/2001,12/31/2004
HEB PANTRY FOODS #118,ACTIVE,2031 S TEXAS AVE,"BRYAN, TX 77802",17430106587,00142,09/01/2001,
HECTOR RAMOS,INACTIVE,3704 PLAINSMAN LN APT B,"BRYAN, TX 77802",32044980764,00001,08/27/2011,10/31/2011
HELDMAN ENTRPRISES,INACTIVE,3902 E 29TH #C-16,"BRYAN, TX 77802",32007678686,00001,12/15/1973,03/31/1975
HELEN MARIE BERRIDGE,INACTIVE,3203 FREEDOM BLVD STE 500,"BRYAN, TX 77802",32011970442,00012,12/15/2003,01/01/2004
HELEN MORGAN-ARTIST,INACTIVE,2914 BURNING TREE,"BRYAN, TX 77802",32010260712,00002,01/01/2000,12/31/2003
HELEN MORGAN-ARTIST,INACTIVE,741 S ROSEMARY DR,"BRYAN, TX 77802",32010260712,00001,06/02/1981,12/31/2003
HELLBENT SCENTS,INACTIVE,3130 E 29TH ST APT 1321,"BRYAN, TX 77802",32081132600,00001,09/26/2021,12/31/2023
"HELLMANN TRADING COMPANY, LLC",INACTIVE,2906 CAMELOT DR,"BRYAN, TX 77802",32062864668,00001,05/30/2019,06/30/2025
HELPING HANDS HOUSEKEEPING SERVICE,INACTIVE,101 N BROWN ST,"BRYAN, TX 77802",32031764999,00002,04/01/2010,12/25/2012
HEN HOUSE DESIGN,INACTIVE,1311 GARDEN LN,"BRYAN, TX 77802",32065445515,00001,12/15/2017,09/21/2022
HENDERSON ELEMENTARY PARENT-TEACHER ORGANIZATION,ACTIVE,801 MATOUS DR,"BRYAN, TX 77802",17426180273,00002,01/01/1993,
HENDERSON ELEMENTARY PARENT-TEACHER ORGANIZATION,INACTIVE,801 MATOUS,"BRYAN, TX 77802",17426180273,00001,09/27/1991,12/31/1992
HENSON'S SNACK BAR,INACTIVE,2920-D EAST BY PASS,"BRYAN, TX 77802",32005386035,00001,01/17/1986,03/31/1986
HERE BY LOVE - FLORAL,INACTIVE,3706B CHOCTAW ST,"BRYAN, TX 77802",32072784898,00001,12/13/2019,10/21/2024
HERMAN ILES,INACTIVE,2827 OAKSIDE DR,"BRYAN, TX 77802",32093360124,00001,01/01/2024,12/31/2024
HERMAN POWER TIRE SERVICE INC,INACTIVE,1607 CAVITT,"BRYAN, TX 77802",17517613117,00003,06/01/1991,01/01/1993
HERON H HINOJOSA,INACTIVE,4304 GREENVALLEY DR,"BRYAN, TX 77802",32015279147,00002,01/27/1986,11/12/1987
HERON H HINOJOSA,INACTIVE,4304 GREENVALLEY DR,"BRYAN, TX 77802",32015279147,00001,11/14/1978,12/25/1985
HERON VIEW ENTERPRISES,INACTIVE,3501 S TEXAS AVE STE 106,"BRYAN, TX 77802",30116325678,00002,02/27/1997,02/28/1997
HERPS EXOTIC REPTILE AND PET SHOP,ACTIVE,2613 E 29TH ST,"BRYAN, TX 77802",32038494889,00004,10/05/2021,
HERWALD PEST CONTROL INC,INACTIVE,1707 E 29TH ST,"BRYAN, TX 77802",17415406747,00001,01/01/1966,12/21/1988
HERWALD PEST CONTROL INC,INACTIVE,1707 EAST 29TH,"BRYAN, TX 77802",30010826284,00014,12/22/1988,12/31/1989
HESFREE PRODUCTIONS & PUBLISHING COMPANY,INACTIVE,3709 E 29TH ST,"BRYAN, TX 77802",13000294242,00001,04/01/2002,12/31/2003
HESTER FREIGHT LINE,INACTIVE,4408 PEMBROOK LN,"BRYAN, TX 77802",32068097453,00002,02/08/2021,02/08/2021
HIBBETT SPORTS #1445,ACTIVE,3121 WILDFLOWER DR UNIT 10,"BRYAN, TX 77802",16310740671,00149,04/01/2018,
HIBISCUS HOTELS LLC,ACTIVE,4613 S TEXAS AVE,"BRYAN, TX 77802",32089322278,00002,06/16/2025,
HICKMAN ENTERPRISES,INACTIVE,3535 PLAINSMAN APT A-3,"BRYAN, TX 77802",32030882438,00002,04/01/1985,12/31/1985
HICKORY FARMS,INACTIVE,MANOR EAST MALL,"BRYAN, TX 77802",32026497274,00003,10/01/1983,12/10/1986
HICKORY FARMS,INACTIVE,MANOR EAST MALL,"BRYAN, TX 77802",32026497274,00002,11/01/1982,11/01/1982
HICKORY FARMS OF OHIO,INACTIVE,MANOR EAST MALL,"BRYAN, TX 77802",17417922154,00010,10/01/1981,12/31/1982
HICKS HOBBIES,INACTIVE,4612 PEMBROOK LN,"BRYAN, TX 77802",32021293942,00001,03/27/1995,01/01/1997
HIDDEN TREASURES,INACTIVE,200 S MAIN,"BRYAN, TX 77802",30114359513,00001,01/18/1991,09/30/1991
HIGHLIGHT SOLUTIONS,INACTIVE,2114 KAZMEIER PLZ,"BRYAN, TX 77802",32039264125,00001,04/08/2009,10/10/2013
HILDAS TAQUERIA,INACTIVE,3500 E 29TH ST,"BRYAN, TX 77802",32096616795,00003,10/20/2024,04/22/2025
HILL COUNTRY PET PHOTOGRAPHY,INACTIVE,3909 WINDWOOD CIR,"BRYAN, TX 77802",32029315937,00001,11/01/1995,05/01/1997
HILL MARKETING,INACTIVE,1525 E 29TH ST APT 174,"BRYAN, TX 77802",32027647422,00001,03/09/1992,03/10/1992
HILL SEAFOOD COMPANY,INACTIVE,4301 CARTER CREEK PKWY,"BRYAN, TX 77802",17416781601,00003,03/01/1981,07/15/1984
HILLIE D SIMS,INACTIVE,1512 S TEXAS AVE,"BRYAN, TX 77802",32025142145,00002,10/01/1995,12/31/1995
HILLIER FUNERAL HOME,ACTIVE,2301 E 29TH ST,"BRYAN, TX 77802",17606518243,00006,08/01/2001,
HILTON GARDEN INN - COLLEGE STATION,INACTIVE,3081 UNIVERSITY DR E STE E,"BRYAN, TX 77802",32037591867,00003,01/13/2023,07/01/2024
HILTON GARDEN INN COLLEGE STATION,INACTIVE,3081 UNIVERSITY DR E,"BRYAN, TX 77802",32037591867,00002,08/27/2013,02/01/2022
HILTON GARDEN INN COLLEGE STATION,INACTIVE,3081 UNIVERSITY DR E,"BRYAN, TX 77802",32080968228,00001,09/01/2021,09/23/2022
HILTON GARDEN INN COLLEGE STATION,INACTIVE,3081 UNIVERSITY DR E,"BRYAN, TX 77802",32062485571,00061,01/13/2022,09/30/2024
HILTON GARDEN INN COLLEGE STATION BRYAN,ACTIVE,3081 UNIVERSITY DR E,"BRYAN, TX 77802",32071867017,00005,04/25/2024,
HILTON GARDEN INN COLLEGE STATION BRYAN,ACTIVE,3081 UNIVERSITY DR E,"BRYAN, TX 77802",32093541582,00001,04/25/2024,
HILTON GARDEN INN COLLEGE STATION- BRYAN,INACTIVE,3081 UNIVERSITY DR E,"BRYAN, TX 77802",32082429542,00001,01/13/2022,05/31/2024
HIPSTER INTERNATIONAL,INACTIVE,2152 KAZMEIER PLZ,"BRYAN, TX 77802",32007448098,00002,10/24/1996,12/25/2002
HIS ART BY ABBIE,INACTIVE,1507 BROOK HOLLOW DR,"BRYAN, TX 77802",32050630600,00001,04/08/2013,09/30/2013
HITACH INDUSTRIES INC,INACTIVE,3609 E 29TH ST STE D,"BRYAN, TX 77802",17429090073,00002,04/01/2001,06/30/2003
HK DESIGNS,INACTIVE,2920 KENT #142,"BRYAN, TX 77802",32008988423,00002,04/21/1990,04/21/1990
"HMO TEXAS TIRE 46, LLC",ACTIVE,2707 S TEXAS AVE,"BRYAN, TX 77802",32080469656,00001,04/01/2022,
HOB KNOB INTERIOR HARDWARE LLC,ACTIVE,1673 BRIARCREST DR STE 108B,"BRYAN, TX 77802",32088113264,00001,02/15/2023,
HODGES ENGINEERING INC,INACTIVE,3131 E 29TH ST STE D300,"BRYAN, TX 77802",17426110189,00001,02/03/1998,12/31/2004
HOLE AGAIN MINISTIES,INACTIVE,2136 KAZMEIER PLZ,"BRYAN, TX 77802",32011571059,00001,02/01/1996,08/31/1996
HOLIDAY INN EXPRESS & SUITES,ACTIVE,3041 PLAZA CENTRE CT,"BRYAN, TX 77802",32050534182,00001,04/19/2018,
HOLIDAY INN-NORTH,INACTIVE,2300 S TEXAS AVENUE,"BRYAN, TX 77802",17420393302,00001,05/01/1979,08/31/1987
HOLIDAY OIL CO #2,INACTIVE,3501 BRIAR CREST,"BRYAN, TX 77802",32005030633,00006,02/10/1977,10/31/1978
"HOLLADAY & ASSOCIATES, INC.",ACTIVE,1733 BRIARCREST DR STE 110,"BRYAN, TX 77802",32056495826,00001,07/01/2015,
HOLLAND PHOTOGRAPHY,INACTIVE,3130 E 29TH ST APT E6,"BRYAN, TX 77802",32009193478,00001,06/02/2004,06/30/2005
HOLLAND PHOTOGRAPHY,INACTIVE,3130 E 29TH ST APT E6,"BRYAN, TX 77802",32009193478,00001,06/12/2002,06/01/2004
HOLLAND-FLEMING CREATIONS,INACTIVE,1204 BRISTOL ST,"BRYAN, TX 77802",32007097994,00001,08/22/1997,12/31/2000
HOLLEY'S WINDOW FASHIONS AND INTERIORS,INACTIVE,4726 WILLIAMSBURG DR,"BRYAN, TX 77802",32018018542,00003,08/18/2005,03/31/2010
HOLLIS PAPER & INK,INACTIVE,2908 BEXAR GRASS DR,"BRYAN, TX 77802",32040048889,00001,08/10/2009,09/30/2009
HOLLOWAY'S ANTIQUES & COLLECTIBLES,INACTIVE,5309 DRAYCOTT CT,"BRYAN, TX 77802",32053931997,00001,05/03/2014,12/31/2016
HOLLY BRIGGS,INACTIVE,3780 COPPERFIELD DR APT 922,"BRYAN, TX 77802",32090182018,00001,09/01/2023,09/30/2023
HOLLY'S DOLLYS,INACTIVE,4005 WILLOW OAK,"BRYAN, TX 77802",32031711610,00001,03/01/1992,12/31/1992
HOLLY'S HOBBIES,INACTIVE,3709 EASTSHIRE CT,"BRYAN, TX 77802",32006790094,00001,10/16/2001,12/31/2002
HOLLYWOOD CAFE BISTRO,INACTIVE,950 N EARL RUDDER FWY,"BRYAN, TX 77802",32043466187,00001,02/14/2011,12/31/2012
"HOLMAN'S QUALITY PLUMBING, LP",ACTIVE,2702 E VILLA MARIA RD,"BRYAN, TX 77802",32042252893,00002,10/01/2016,
HOLMES DEVELOPMENT,INACTIVE,4700 HUNINGTON DR,"BRYAN, TX 77802",32018292907,00001,10/01/1993,12/31/1995
HOLMES DEVELOPMENT,INACTIVE,4700 HUNINGTON DR,"BRYAN, TX 77802",32018292907,00003,10/02/2005,12/31/2010
HOLMES DEVELOPMENT,INACTIVE,4700 HUNTINGTON DR,"BRYAN, TX 77802",32018292907,00002,01/01/1996,12/31/1998
"HOLMES TECHNOLOGIES, LLC",ACTIVE,4700 HUNINGTON DR,"BRYAN, TX 77802",32043404436,00001,01/01/2011,
HOLZE MUSIC CO,INACTIVE,730 E VILLA MARIA RD,"BRYAN, TX 77802",17415986326,00009,05/01/2007,06/30/2008
HOME,INACTIVE,3780 COPPERFIELD DR APT 925,"BRYAN, TX 77802",32087090596,00001,12/03/2022,12/31/2022
HOME,INACTIVE,729 GARDEN ACRES BLVD,"BRYAN, TX 77802",32055189719,00001,11/01/2014,09/19/2015
HOME & GARDEN HAVEN,INACTIVE,1604 ENLOE CT,"BRYAN, TX 77802",32006929114,00002,04/24/2002,09/30/2009
HOME CARE SERVICES,INACTIVE,2915 S TEXAS AVE,"BRYAN, TX 77802",32029421255,00002,07/01/1993,12/31/1997
HOME CARE SERVICES,INACTIVE,1910 GREENFIELD PLAZA,"BRYAN, TX 77802",32029421255,00001,12/01/1992,08/01/1993
HOME HANDYMAN SERVICES,INACTIVE,3720 VALLEY OAKS DR,"BRYAN, TX 77802",32011470997,00004,05/27/2003,06/30/2003
HOME PRODUCTS SHOW,INACTIVE,3232 BRIARCREST DR,"BRYAN, TX 77802",17425075219,00014,02/24/2006,02/24/2006
HOME REPAIR,INACTIVE,3609 E 29TH ST # B,"BRYAN, TX 77802",32010086372,00001,07/03/1988,03/30/2022
HOME SWEET HOME SERVICES,INACTIVE,3609 WESTERN ST # A,"BRYAN, TX 77802",32066453484,00001,03/01/2018,03/31/2019
HOMECOMING MUMS BY PEPPER,ACTIVE,3403 CARTER CREEK PKWY,"BRYAN, TX 77802",32095879055,00001,07/01/2024,
HOMEMAKER'S SHOWCASE,INACTIVE,3729 E 29TH,"BRYAN, TX 77802",30001836227,00001,06/01/1973,09/30/1976
HOMESPUN PAINTINGS & SUCH,INACTIVE,3408 SPRING LN,"BRYAN, TX 77802",32016349295,00001,07/13/1995,12/31/1995
HOMETOWN CHINESE RESTAURANT,ACTIVE,3105 S TEXAS AVE STE 500,"BRYAN, TX 77802",32063087111,00001,04/01/2017,
HONEST APPLIANCE SERVICE,INACTIVE,1512 S TEXAS AVE,"BRYAN, TX 77802",32006458312,00001,03/20/1988,
HONEY BEE ACCESORIES,INACTIVE,1210 BARAK CIR,"BRYAN, TX 77802",32047581130,00001,05/01/2012,06/30/2012
HONEYY BREE'S BOUTIQUE,INACTIVE,1312 BARAK LN APT C,"BRYAN, TX 77802",32070602761,00001,05/03/2019,12/10/2019
HONG KONG RESTAURANT,INACTIVE,3805 S TEXAS AVE,"BRYAN, TX 77802",32024491774,00001,12/01/1981,03/31/1991
HONG KONG RESTAURANT,INACTIVE,3805 S TEXAS AVE,"BRYAN, TX 77802",32021185346,00001,04/07/1991,12/14/1992
HOOTERS,ACTIVE,960 N EARL RUDDER FWY,"BRYAN, TX 77802",32053989078,00058,02/15/2017,
HOOTERS,INACTIVE,3000 TOWNE CENTRE WAY,"BRYAN, TX 77802",32053989078,00052,08/28/2016,09/01/2016
HOOTERS,INACTIVE,3706 S TEXAS AVE,"BRYAN, TX 77802",12085293533,00001,06/01/2007,02/05/2013
HOPE NETWORK MINISTRIES,INACTIVE,4752 TIFFANY PARK CIR,"BRYAN, TX 77802",17526843689,00005,06/01/2021,11/30/2022
HORATIO CHRIESMAN COMPANY,INACTIVE,FM 1179,"BRYAN, TX 77802",32006789088,00001,10/01/1987,01/01/2005
HORIZON BUILDING MAINTENANCE,INACTIVE,104 TIMBERWILDE,"BRYAN, TX 77802",32030714748,00002,01/01/1991,12/31/1991
HORIZON COFFEE,INACTIVE,4248 BOONVILLE RD,"BRYAN, TX 77802",32072577573,00002,10/01/2019,01/01/2020
HORIZON MARKETING,INACTIVE,4120 KNIGHTSBRIDGE LANE,"BRYAN, TX 77802",32016785134,00001,11/27/1991,01/01/1992
HORSESHOE HEAVEN,INACTIVE,1856 BRIARCREST DR,"BRYAN, TX 77802",32030886207,00001,01/18/1994,12/31/1994
HORTON ENTERPRIZES,INACTIVE,1313 BRIARCREST STE D,"BRYAN, TX 77802",32026607070,00001,10/10/1990,12/31/1991
HOT GLASS,INACTIVE,2102 CARTER CREEK PKWY,"BRYAN, TX 77802",32060670141,00001,08/06/2016,12/31/2024
HOT SPRING SPA OF BRYAN,INACTIVE,3609 E 29TH,"BRYAN, TX 77802",32009508097,00001,09/01/1987,10/07/1987
"HOTEL EQUITIES GROUP, LLC",INACTIVE,3062 WILDFLOWER DR,"BRYAN, TX 77802",32056769675,00005,08/15/2022,12/31/2022
"HOTEL EQUITIES GROUP, LLC",INACTIVE,3062 WILDFLOWER DR,"BRYAN, TX 77802",32056769675,00004,07/15/2022,12/31/2022
HOUSE FARMS LLC,INACTIVE,3000 BRIARCREST DR STE 600,"BRYAN, TX 77802",32046302603,00001,01/01/2016,12/31/2019
"HOUSE OF BRYAN, LLC",ACTIVE,843 S ROSEMARY DR,"BRYAN, TX 77802",32083558604,00001,06/01/2022,
HOUSE OF JEANS #16,INACTIVE,MANOR EAST MALL,"BRYAN, TX 77802",17416885485,00013,03/08/1975,09/30/1982
HOUSE OF ROSES,INACTIVE,1901 C BRIAR OAKS,"BRYAN, TX 77802",32021680536,00001,11/01/1979,04/30/1980
HOUSE OF SHELBY,INACTIVE,2301 BURTON,"BRYAN, TX 77802",32026159957,00001,02/01/1974,12/31/1978
HOUSE OF TIRES,INACTIVE,1401 S TEXAS AVE,"BRYAN, TX 77802",32015920575,00001,01/01/2005,07/31/2010
HOUSE OF TIRES,INACTIVE,1401 S TEXAS AVE,"BRYAN, TX 77802",32005522662,00005,02/11/1973,09/30/2001
HOUSE OF TIRES,ACTIVE,1401 S TEXAS AVE,"BRYAN, TX 77802",32004860600,00003,08/01/2010,
HOUSTON WELDING SERVICE,INACTIVE,1203 DELMA DR,"BRYAN, TX 77802",32008481940,00003,05/01/1993,12/31/2006
HOWARD GOLF INC,INACTIVE,3130 E 29TH STREET,"BRYAN, TX 77802",17424573933,00001,12/01/1988,06/30/1989
HOWARD N ANDERSON JR,INACTIVE,3518 OAKSIDE DR,"BRYAN, TX 77802",32009647416,00001,05/04/2001,12/31/2005
"HOWDY KAN, LLC",INACTIVE,4103 S TEXAS AVE STE 207,"BRYAN, TX 77802",18335544286,00001,04/01/2019,09/30/2020
HOWDYLOO LLC,INACTIVE,2414 MORRIS LN,"BRYAN, TX 77802",32073868856,00002,02/15/2025,
HOWLING WOLF DESIGNS,INACTIVE,MANOR EAST MALL,"BRYAN, TX 77802",32027544199,00001,10/18/1991,01/01/1993
HOYT ME PERSONAL TRAINING,INACTIVE,4737 BROMPTON LN,"BRYAN, TX 77802",32046863885,00001,02/07/2012,12/25/2014
HP TRADING,ACTIVE,4409 CARTER CREEK PKWY APT 1,"BRYAN, TX 77802",32079691948,00002,07/02/2025,
HP TRADING,INACTIVE,4409 CARTER CREEK PKWY APT 1,"BRYAN, TX 77802",32079691948,00001,12/01/2021,09/30/2024
"HPAM SIGN PRO, LLC",ACTIVE,2112 E WM J BRYAN PKWY,"BRYAN, TX 77802",32076713158,00001,12/07/2020,
HRB TECHNOLOGY LLC,INACTIVE,910 N EARL RUDDER FWY STE 250,"BRYAN, TX 77802",32038049642,00051,03/01/2009,05/31/2014
HRB TECHNOLOGY LLC,INACTIVE,4031 E 29TH ST STE 120,"BRYAN, TX 77802",32038049642,00050,03/01/2009,05/31/2014
HRM ENTERPRISES,INACTIVE,3000 BROADMOOR,"BRYAN, TX 77802",32029833780,00002,04/01/1988,03/31/1992
HUET ENTERPRISES INC,INACTIVE,1921 A S TEXAS AVE,"BRYAN, TX 77802",17421723507,00002,07/01/1992,07/01/1993
HUEY T LITTLETON CLAIMS,INACTIVE,4103 S TEXAS AVE STE 214,"BRYAN, TX 77802",17601546454,00011,01/10/1997,11/30/2021
HUGHES AVIATION,INACTIVE,3807 COURTNEY CIR,"BRYAN, TX 77802",32031181608,00001,03/01/1998,03/30/1999
HULLABALOOS BOUNCE HOUSE RENTALS,INACTIVE,1583 WOODBINE CT,"BRYAN, TX 77802",32017395834,00003,01/28/2013,11/30/2017
HUMANA MANAGEMENT SYSTEMS INC,INACTIVE,1305 MEMORIAL DRIVE,"BRYAN, TX 77802",16109333407,00005,10/01/1978,03/31/1984
HUMPHREY & ASSOCIATES,INACTIVE,1623 WOODLAND DR,"BRYAN, TX 77802",32031214847,00003,01/01/1984,12/31/1985
HUNGRY HOWIE'S PIZZA,ACTIVE,4501 S TEXAS AVE STE 200,"BRYAN, TX 77802",32046564699,00002,03/21/2016,
HUNTER AUCTION SERVICE,INACTIVE,2000 KAZMEIER #1,"BRYAN, TX 77802",32008551304,00001,07/06/1981,12/31/1981
HWY 21 EAST VETERINARY CLINIC,INACTIVE,3 MI E OF BYPASS ON HWY 21 EAST,"BRYAN, TX 77802",32024015284,00001,01/15/1988,12/31/1991
HWY 6 CORNER STORE,ACTIVE,901 N EARL RUDDER FWY,"BRYAN, TX 77802",32069633835,00001,04/15/2019,
HYATT HOUSE BRYAN TX,ACTIVE,3062 WILDFLOWER DR,"BRYAN, TX 77802",32083735368,00001,04/12/2022,
HYATT HOUSE BRYAN/COLLEGE STATION,INACTIVE,3062 WILDFLOWER DR,"BRYAN, TX 77802",32055855467,00001,05/01/2018,09/30/2022
HYBRIDGEAR COMPUTERS,INACTIVE,1706 E 29TH ST STE 102,"BRYAN, TX 77802",32010223843,00002,10/01/2005,12/31/2005
"HYFLIK MARKETING SOLUTIONS, LLC",ACTIVE,5303 BLOOMSBURY WAY,"BRYAN, TX 77802",32062680981,00001,01/01/2017,
HYLOTEC INC,INACTIVE,1 1/2 MI OFF 2776-END OF JIM MATHIS RD,"BRYAN, TX 77802",30007335299,00004,11/01/1989,04/30/1990
HYLOTEC INC,INACTIVE,1520 BOONE,"BRYAN, TX 77802",30007335299,00003,10/01/1987,10/31/1989
HYLOTEC INC,INACTIVE,2713 S TEXAS,"BRYAN, TX 77802",30007335299,00002,11/21/1983,08/15/1986
HYPERION LEGION INTERNATIONAL LLC,INACTIVE,1716 BRIARCREST DR STE 300,"BRYAN, TX 77802",16806213423,00001,03/01/2006,03/31/2010
I M E,INACTIVE,3007 GLENEAGLES CT,"BRYAN, TX 77802",30114876730,00001,01/02/1996,12/25/2009
IBSP INC,INACTIVE,3417 PARKWAY TER,"BRYAN, TX 77802",17525674234,00001,11/01/1997,12/31/1998
ICON MOBILE LLC,ACTIVE,804 E VILLA MARIA RD,"BRYAN, TX 77802",32081745872,00005,08/24/2023,
IDA W KERNODLE,INACTIVE,500 E 29TH,"BRYAN, TX 77802",32025614457,00001,11/05/1986,12/31/1986
IDEAL DIAMOND BUYERS,INACTIVE,800 E VILLA MARIA RD,"BRYAN, TX 77802",32007192340,00005,11/22/2013,06/30/2014
IFIX AND REPAIR,ACTIVE,2200 BRIARCREST DR,"BRYAN, TX 77802",32066874382,00011,05/09/2025,
IGC ACQ COMPANY - GAS TEC,INACTIVE,1522 S TEXAS AVE,"BRYAN, TX 77802",17524845694,00003,06/16/1993,08/31/1998
IGS EDUCATIONAL SOFTWARE,INACTIVE,2215 SEBESTA LANE BLDG 5,"COLLEGE STATION, TX 77802",18607970722,00001,08/14/1995,03/31/1997
"IHEARTMEDIA + ENTERTAINMENT, INC.",ACTIVE,1716 BRIARCREST DR STE 150,"BRYAN, TX 77802",17427228832,00017,01/01/2006,
IHOP,ACTIVE,758 N EARL RUDDER FWY,"BRYAN, TX 77802",32040465679,00001,10/01/2009,
IKE'S CHOP SHOP,INACTIVE,2601 S TEXAS AVE,"BRYAN, TX 77802",32019383291,00001,08/21/2000,12/31/2000
IKE'S JANITORIAL SERVICES,INACTIVE,3535 PLAINSMAN LN APT E67,"BRYAN, TX 77802",32007567988,00001,06/07/1992,08/31/2006
IMAGE CONSULTANT,INACTIVE,2402 BROADMOOR STE # 103,"BRYAN, TX 77802",32026058365,00002,07/01/1993,12/31/1993
IMAGE CREATIONS,INACTIVE,800-C EAGLE PASS,"BRYAN, TX 77802",32024858873,00001,05/13/1992,05/13/1992
IMANI PHOTOGRAPHY,INACTIVE,2602 HOLLOW OAK CIR,"BRYAN, TX 77802",32054993939,00001,08/28/2014,09/30/2018
IMAXIOS LLC,INACTIVE,3535 PLAINSMAN LN APT K148,"BRYAN, TX 77802",32075915002,00001,09/26/2020,11/30/2020
IMG DOPAMINE INSPIRED,ACTIVE,701 ESTHER BLVD,"BRYAN, TX 77802",32095485549,00001,07/01/2024,
IMM SERVICES,INACTIVE,2606 LOUISA CT,"BRYAN, TX 77802",32040147590,00001,09/01/2009,12/31/2015
IMPERIAL CHINESE & SUSHI,INACTIVE,980 N EARL RUDDER FWY,"BRYAN, TX 77802",32054021897,00001,06/01/2014,06/30/2024
IMPERIAL CHINESE & SUSHI,ACTIVE,980 N EARL RUDDER FWY,"BRYAN, TX 77802",32094314708,00001,07/06/2024,
IMPRESSIONS BY SANDY,INACTIVE,2302 BRIAR OAKS,"BRYAN, TX 77802",32021220226,00004,05/24/1984,12/25/1985
IN & OUT WINDOW CLEANING,INACTIVE,2888 NASH ST APT 313,"BRYAN, TX 77802",32048074176,00002,05/01/2017,06/30/2017
IN A BOX,INACTIVE,720 LAZY LN,"BRYAN, TX 77802",32023612206,00001,10/22/1997,12/31/1999
IN THE ROUND HAIR FASHIONS,INACTIVE,3801 S TEXAS AVENUE,"BRYAN, TX 77802",30004953292,00001,06/02/1980,03/01/1983
IN YA FACE FASHIONS PLUS CAR AUDIO,INACTIVE,2018 S TEXAS AVE,"BRYAN, TX 77802",32015039996,00001,05/17/2004,06/30/2004
IN-ERGY STUDIO,INACTIVE,2606 S TEXAS AVE,"BRYAN, TX 77802",32056082798,00001,01/01/2015,01/08/2015
INCOMM CORPORATION,INACTIVE,4050 PENDLETON DR APT 1113,"BRYAN, TX 77802",17426325639,00003,01/01/2009,12/31/2009
INDEPENDENT LEASE BROKERING CORPORATION,INACTIVE,2534 RHAPSODY CT,"BRYAN, TX 77802",32018604861,00001,04/02/2009,12/31/2009
INDIAN MOTORCYCLE BRYAN,INACTIVE,730 E VILLA MARIA RD,"BRYAN, TX 77802",17429615150,00001,09/01/2000,02/03/2006
INDOOR MAGIC CLEANERS,INACTIVE,2912 CHERRY CREEK,"BRYAN, TX 77802",32028849597,00002,10/01/1988,03/31/1989
INDUSTRIAL & ENGINEERING SUPPLY,INACTIVE,2919 S TEXAS AVE,"BRYAN, TX 77802",32023558383,00004,01/01/1989,12/31/1992
INDUSTRIAL MAGNETO,INACTIVE,181 MARINO RD,"BRYAN, TX 77802",32011921130,00002,04/05/1993,06/30/1994
INDUSTRIAL MAGNETO,INACTIVE,181 MARINO ROAD,"BRYAN, TX 77802",32008252879,00001,08/18/1992,09/01/1993
INDUSTRIAL POWER AND CONTROLS,ACTIVE,2700A E VILLA MARIA RD,"BRYAN, TX 77802",17428937779,00001,10/13/1998,
INDUSTRIAL SOFTWARE SOLUTIONS,INACTIVE,4001 E 29TH ST STE 170,"BRYAN, TX 77802",30118105912,00001,11/25/1996,09/30/1997
INDY OF BRYAN-COLLEGE STATION,INACTIVE,3701 S TEXAS AVE,"BRYAN, TX 77802",32005398022,00002,03/10/1986,03/31/1986
INEXPENSIVE MUD INCORPORATED,INACTIVE,3130 EAST 29TH STE 290,"BRYAN, TX 77802",17519007649,00001,07/01/1983,01/31/1984
INFORMATION STATION,INACTIVE,4504 LITTLETON CT,"BRYAN, TX 77802",17423806243,00001,09/04/1986,12/29/1986
INFORMATION UNLIMITED CORPORATION,INACTIVE,GRASSBUR ROAD,"BRYAN, TX 77802",30007445536,00001,07/15/1983,12/31/1984
INFRARED COMMUNICATIONS INC,INACTIVE,1200 BRIARCREST DR STE 2005,"BRYAN, TX 77802",32003198432,00001,08/29/2001,12/31/2001
"INGRAM, WALLIS & COMPANY, P.C.",ACTIVE,2100 VILLA MARIA SUITE 100,"BRYAN, TX 77802",17420738019,00001,01/01/1988,
INK DREAMS,ACTIVE,3743 S TEXAS AVE,"BRYAN, TX 77802",32017379093,00002,01/01/2012,
INNOVATIVE LANDSCAPE BORDERS,INACTIVE,3918 PARK HURST,"BRYAN, TX 77802",32037493569,00001,09/01/2008,05/31/2009
INNOVIAN CORPORATION,ACTIVE,1716 BRIARCREST DR STE 300,"BRYAN, TX 77802",32069344326,00001,03/01/2020,
INPROTECH,INACTIVE,1862 GREENFIELD PLAZA,"BRYAN, TX 77802",32029776716,00004,04/01/1986,04/01/1986
INPUT WIRELESS,INACTIVE,725 E VILLA MARIA RD STE 500,"BRYAN, TX 77802",32044037482,00002,08/20/2011,07/30/2017
INSITE PUBLISHING CO,INACTIVE,2402 BROADMOOR BLDG D2 #101,"BRYAN, TX 77802",17423973639,00003,11/01/1986,12/31/1991
INSTALLATION SPECIALTIES,INACTIVE,2919 S TEXAS AVE,"BRYAN, TX 77802",32026682289,00001,04/07/1993,02/28/1994
INSUL-AID,INACTIVE,508 AVONDALE,"BRYAN, TX 77802",17419437060,00002,04/01/1978,09/30/1983
"INTECH SECURITY, LLC",ACTIVE,1528 BENNETT ST,"BRYAN, TX 77802",32099290838,00001,04/01/2025,
INTEG,ACTIVE,1300 E 29TH ST,"BRYAN, TX 77802",12020545591,00015,02/01/2025,
INTEGRATED TECHNOLOGIES GROUP,INACTIVE,1528 BENNETT ST,"BRYAN, TX 77802",32030405560,00001,11/01/2024,06/30/2025
"INTEGRATED TECHNOLOGIES GROUP, LLC",ACTIVE,1528 BENNETT ST,"BRYAN, TX 77802",32099112115,00001,07/01/2025,
INTEGRITY FRACTURING INC,INACTIVE,1716 BRIARCREST DR STE 120,"BRYAN, TX 77802",32044106931,00001,06/01/2013,06/30/2018
INTEGRITY FRACTURING INC,INACTIVE,1716 BRIARCREST DR STE 120,"BRYAN, TX 77802",32067671134,00001,07/31/2016,07/31/2016
INTEGRITY ONLINE BRAZOS VALLEY,INACTIVE,1716 BRIARCREST DR STE 125,"BRYAN, TX 77802",17428852598,00001,09/01/1998,12/31/2005
INTEGRITY REFINISHING,INACTIVE,2306 DEVONSHIRE ST,"BRYAN, TX 77802",32028845223,00002,10/01/1993,06/30/2002
INTEGRITY WALLS & FLOORS,ACTIVE,4520 KINGSDALE DR,"BRYAN, TX 77802",32045164871,00002,02/10/2018,
INTEGRITY WALLS & FLOORS,INACTIVE,4520 KINGSDALE DR,"BRYAN, TX 77802",32045164871,00001,10/01/2011,01/31/2017
INTERESTEAM,INACTIVE,807 BROADMOOR DR,"BRYAN, TX 77802",32014246105,00001,01/26/2004,12/31/2011
INTERIOR FRILLS,INACTIVE,2806 APPLE CREEK CIR,"BRYAN, TX 77802",32011032482,00001,04/01/2003,03/31/2004
INTERIOR LTD,INACTIVE,710 S ROSEMARY DR,"BRYAN, TX 77802",30002695622,00001,02/01/1976,12/31/1995
INTERIOR MOTIVES,INACTIVE,837 S ROSEMARY DR,"BRYAN, TX 77802",32020924349,00001,12/01/1996,03/31/1997
INTERNATIONAL ELECTRICAL & SECURITY,INACTIVE,3501 S TEXAS AVE,"BRYAN, TX 77802",32029600288,00001,01/01/1995,01/01/1996
INTERNATIONAL ELECTRICAL AND SECURITY,INACTIVE,2726 CAMELOT DR,"BRYAN, TX 77802",32029600288,00002,01/01/1996,04/30/1999
INTERNATIONAL HOSPITALITY SYSTEMS,INACTIVE,3609 E 29TH STE D1,"BRYAN, TX 77802",30115352673,00001,09/04/1992,09/30/1993
INTERNATIONAL HOUSE OF BEAUTY,INACTIVE,2016 S TEXAS AVE,"BRYAN, TX 77802",30116412013,00001,06/01/1995,07/01/1995
INTERNATIONAL SALVAGE,INACTIVE,3906 STILLMEADOW DR,"BRYAN, TX 77802",32006423373,00004,06/04/1997,12/31/1997
INTERNATIONAL TECH INDUSTRIES,INACTIVE,724 EAGLE PASS ST,"BRYAN, TX 77802",17428390706,00001,08/01/1997,12/31/1997
INTERPHASE FITNESS LLC,INACTIVE,2907 WOODMEADOW DR,"BRYAN, TX 77802",32065130281,00001,11/20/2017,08/25/2020
INTERSECTIONS,INACTIVE,3812 S TEXAS AVE,"BRYAN, TX 77802",32010178039,00002,08/01/2013,07/31/2014
INTERSTATE SHOE CO #420,INACTIVE,REDMOND TERRACE SHPG CTR,"COLLEGE STATION, TX 77802",16202113409,00085,01/01/1971,08/24/1973
INTERSTATE SHOE COMPANY #364,INACTIVE,MANOR EAST SHOP CENTER,"BRYAN, TX 77802",16202113409,00106,10/01/1971,12/31/1973
INTIMATE ACCESSORIES,INACTIVE,217 WEST NORTH AVE,"BRYAN, TX 77802",32007532750,00001,10/01/2001,06/30/2003
INVENTIVE SITE STRATEGIES INC,INACTIVE,1511 S TEXAS AVE,"BRYAN, TX 77802",17607295049,00001,05/01/2003,09/30/2009
INVITATIONS ETC,INACTIVE,2000 KAZMEIER #36,"BRYAN, TX 77802",32021390672,00001,04/01/1993,04/01/1994
IRONSTONE HOMES LLC,INACTIVE,5106 INVERNESS DR,"BRYAN, TX 77802",12606714397,00001,11/27/2007,12/31/2010
ISA FAST CLEANING SERVICE,INACTIVE,2807 WILDFLOWER DR APT 8,"BRYAN, TX 77802",32037392423,00001,08/01/2008,12/31/2009
ISA FAST CLEANING SERVICE,INACTIVE,3902 E 29TH ST APT G14,"BRYAN, TX 77802",32037391490,00002,01/01/2010,09/30/2011
ISAAC GARCIA,ACTIVE,3810 SPRING HOLW,"BRYAN, TX 77802",32055843372,00001,01/01/2015,
ISP SAFETY SERVICES,ACTIVE,2719 OSLER BLVD,"BRYAN, TX 77802",32051383431,00003,01/01/2021,
IT'S MINE,INACTIVE,2429 E BRIARGATE,"BRYAN, TX 77802",32007803565,00001,04/01/1997,12/25/1998
IT'S NEW TO ME,INACTIVE,804 E VILLA MARIA RD,"BRYAN, TX 77802",32009991285,00005,04/01/2013,09/30/2013
IT'S SHOWTIME VIDEO,INACTIVE,4303 TEXAS AVE S,"BRYAN, TX 77802",32007989315,00003,10/01/1987,03/23/1991
IT'S 4 JYANDLIA,INACTIVE,3902 E 29TH ST APT R13,"BRYAN, TX 77802",32094947887,00001,11/01/2024,
IXL MANAGEMENT INC,INACTIVE,1200 BRIARCREST DR STE 3000,"BRYAN, TX 77802",17429327426,00001,07/01/2000,12/31/2000
"I55 FUNDRAISING, LLC",INACTIVE,4232 BOONVILLE RD BLDG B,"BRYAN, TX 77802",32056822730,00003,10/01/2022,07/31/2024
J & B ENTERPRISE,INACTIVE,402 GARNER RD 2,"PASADENA, TX 77802",30004117195,00002,04/01/1981,12/31/1982
J & B TOOLS,INACTIVE,745 OAK LANE,"BRYAN, TX 77802",32024971106,00001,09/05/1979,12/31/1984
J & C ENTERPRISES,INACTIVE,5800 SHEFFIELD TERRACE LN,"BRYAN, TX 77802",30006468943,00002,01/01/1994,09/30/1995
J & D ENTERPRISES,INACTIVE,908 DELLWOOD ST,"BRYAN, TX 77802",32031090908,00001,04/01/1997,03/31/1998
J & E MERCHANDISE,INACTIVE,1673 BRIARCREST DR STE A108,"BRYAN, TX 77802",32011652404,00001,07/15/2003,09/30/2005
J & G ASSOCIATES,INACTIVE,2804 BROADMOOR DR,"BRYAN, TX 77802",32027955718,00001,03/01/1996,12/25/1999
J & G GOOD FOOD,INACTIVE,3232 BRIARCREST DR,"BRYAN, TX 77802",32016220462,00001,12/03/2004,06/30/2008
J & H SECURITY ENTERPRISE INC,INACTIVE,2103 CARTER CREEK PKWY,"BRYAN, TX 77802",14122338750,00001,07/01/2007,12/31/2021
"J & J ASIAN BISTRO, INC.",INACTIVE,3203 FREEDOM BLVD STE 700,"BRYAN, TX 77802",32040835830,00001,03/15/2010,03/31/2012
J & J CRAFTS,INACTIVE,4207 WILLOW OAK ST,"BRYAN, TX 77802",32012623057,00002,10/27/2003,12/25/2006
J & M SERVICES,INACTIVE,5605 MIDDLEBURY DR,"BRYAN, TX 77802",32007681524,00002,02/01/1992,09/30/2003
J & S ENTERPRISE - THE BOOK WAGON,INACTIVE,BRAZOS CENTER 3232 BRIARCREST DR,"BRYAN, TX 77802",17421214069,00002,07/10/1988,07/10/1988
J B & ASSOCIATES,INACTIVE,3723 E 29TH ST STE 105,"BRYAN, TX 77802",32007402202,00001,11/18/1998,12/31/2003
J BYRON / M WILHITE PRODUCTIONS,INACTIVE,2301 BROADMOOR #283,"BRYAN, TX 77802",30114359901,00001,05/07/1991,04/30/1993
J C & COMPANY,INACTIVE,3100 BARAK LN,"BRYAN, TX 77802",32007653044,00001,04/01/1995,12/25/2009
J C PENNEY CO INC #1548,INACTIVE,801 VILLA MARIA,"BRYAN, TX 77802",11355837797,00190,04/01/1976,12/14/1987
J CHRISTINE CERVENKA R M T,INACTIVE,3131 E 29TH ST STE A,"BRYAN, TX 77802",32008985965,00001,02/19/1996,09/30/1996
J F ENTERPRISES,INACTIVE,2301 BARAK LN,"BRYAN, TX 77802",32023439360,00001,04/01/1999,12/25/2000
J G'S CREATIONS,INACTIVE,2502 OAK CIR,"BRYAN, TX 77802",32005149516,00001,07/23/1980,07/31/1997
J I M S SERVICE COMPANY,INACTIVE,4108 GREEN VALLEY DR,"BRYAN, TX 77802",32005509438,00004,06/01/1987,09/30/1988
J J 'S SNOW CONES,INACTIVE,3000 CARTER CREEK,"BRYAN, TX 77802",32029154245,00003,06/20/1983,12/31/1992
J J'S SNOW CONES,INACTIVE,3000 CARTER CREEK PKY,"BRYAN, TX 77802",30115558949,00001,04/01/1993,09/30/2006
J J'S SNOWCONES,INACTIVE,1112 BRIARCREST DR,"BRYAN, TX 77802",32032847579,00002,07/01/2010,04/30/2012
J J'S SNOWCONES,INACTIVE,3000 CARTER CREEK PKWY,"BRYAN, TX 77802",32032847579,00001,04/01/2007,06/30/2010
J L STUART ENTERPRISES,INACTIVE,RT 3 BOX 520,"BRYAN, TX 77802",32006449410,00001,02/05/1976,03/31/1984
J LEPP ADVERTISING INC,INACTIVE,2600 TEXAS AVENUE,"BRYAN, TX 77802",17424801342,00001,10/23/1987,06/30/1988
J M ELLER COMPANY,INACTIVE,1735 BRIARCREST DR SUITE 210,"BRYAN, TX 77802",32029385476,00002,07/01/1983,12/31/1987
J M ELLER COMPANY,INACTIVE,1119 TERRACE DRIVE,"BRYAN, TX 77802",32029385476,00001,10/10/1978,06/30/1983
J M ELLER COMPANY/THE SILK PURSE,INACTIVE,1317 BROOK HOLLOW WAY,"BRYAN, TX 77802",32029385476,00004,01/01/1988,12/25/1999
J RAMIREZ/GEMS AND JEWELRY,INACTIVE,2803 CHERRY CREEK CIR,"BRYAN, TX 77802",32027558660,00001,07/01/1985,12/25/1999
"J RESIDENTIAL, LLC",ACTIVE,4718 HUNINGTON DR,"BRYAN, TX 77802",32063421492,00001,01/01/2019,
J S AUTO FINANCE,INACTIVE,1412 S TEXAS AVE,"COLLEGE STATION, TX 77802",32021421014,00001,09/22/1998,12/31/1999
J S P SHOOTERS SUPPLY,INACTIVE,3705 WARREN CIRCLE,"BRYAN, TX 77802",32028195496,00001,01/20/1986,12/31/1986
J SQUARED WEB DEVELOPMENT LLC,INACTIVE,3535 PLAINSMAN LN APT I126,"BRYAN, TX 77802",32084309445,00002,08/01/2023,05/22/2024
J T B ENTERPRISES,INACTIVE,4736 RENWICK DR,"BRYAN, TX 77802",32008315932,00001,03/19/1999,12/25/2002
J W DESIGNS,INACTIVE,4508 KINGSDALE DR,"BRYAN, TX 77802",32015928024,00002,11/28/1994,03/31/1998
J. CRYER-HOME IMPROVEMENT AND INTERIOR DESIGN,INACTIVE,911 ENFIELD ST,"BRYAN, TX 77802",32007359816,00006,01/01/2016,12/25/2017
J.A.S. VENDING,INACTIVE,2802 BRIAR GROVE CIR,"BRYAN, TX 77802",32088936110,00001,03/22/2023,03/22/2023
J.C.A.S LLC,ACTIVE,2910 TOWN SQUARE AVE UNIT 2610,"BRYAN, TX 77802",32097256898,00001,11/02/2024,
J.R.'S COFFEE & MORE,INACTIVE,3201 UNIVERSITY DR E,"BRYAN, TX 77802",32057330980,00004,08/01/2022,12/02/2022
J&E PRODUCTS,INACTIVE,3535 PLAINSMAN LN APT L168,"BRYAN, TX 77802",32058090781,00001,10/01/2015,12/31/2015
J'S RECORDS & TAPES,INACTIVE,1525 E 29TH #710,"BRYAN, TX 77802",32005613727,00002,04/28/1992,06/30/1992
J'S RECORDS & TAPES,INACTIVE,749 B MEADOW LANE,"BRYAN, TX 77802",32005613727,00003,01/02/1993,06/30/1993
JACK & JILL DONUTS,INACTIVE,3409 S TEXAS AVE,"BRYAN, TX 77802",32029971580,00001,01/01/1980,11/19/1984
JACK IN THE BOX #0675,ACTIVE,2906 S TEXAS AVE,"BRYAN, TX 77802",12606136310,00074,03/12/2018,
JACK IN THE BOX #3855,ACTIVE,900 N EARL RUDDER FWY,"BRYAN, TX 77802",12606136310,00064,03/12/2018,
JACK IN THE BOX #3855,INACTIVE,900 N EARL RUDDER FWY,"BRYAN, TX 77802",13309370008,00501,05/01/2003,07/04/2011
JACK IN THE BOX #3855,INACTIVE,900 N EARL RUDDER FWY,"BRYAN, TX 77802",32040526603,00031,07/05/2011,05/19/2017
JACK IN THE BOX #675,INACTIVE,2906 S TEXAS AVE,"BRYAN, TX 77802",32040526603,00025,07/05/2011,05/19/2017
JACK IN THE BOX #675,INACTIVE,2906 S TEXAS AVE,"BRYAN, TX 77802",17425852021,00002,11/22/1990,07/01/1997
JACK IN THE BOX #675,INACTIVE,2906 S TEXAS AVE,"BRYAN, TX 77802",19526987086,00444,05/01/1997,12/31/2000
JACK IN THE BOX #675,INACTIVE,TEXAS & VILLA MARIA,"BRYAN, TX 77802",19526987086,00176,02/07/1977,03/01/1987
JACK IN THE BOX #675,INACTIVE,2906 TEXAS AVENUE,"BRYAN, TX 77802",17423689144,00002,08/18/1986,02/01/1991
JACK IN THE BOX #675,INACTIVE,2906 S TEXAS AVE,"BRYAN, TX 77802",13309370008,00054,01/01/2001,07/04/2011
JACK W CUMPTON-INTERIORS,INACTIVE,4103 S TEXAS AVE STE 202,"BRYAN, TX 77802",17421974852,00001,10/26/1983,09/30/2008
JACKIE ZANDER,INACTIVE,2101 ELMWOOD DRIVE,"BRYAN, TX 77802",32030933447,00001,10/01/1986,12/31/1993
JACKIE'S RIDGECREST BARBER SHOP,INACTIVE,3605 S TEXAS AVE,"BRYAN, TX 77802",32027253965,00001,03/14/1996,12/25/1999
JACKPOT # 2,INACTIVE,890 N EARL RUDDER FWY,"BRYAN, TX 77802",32094541862,00001,04/20/2024,
JACKS MOBILE ELECTRONICS #4,INACTIVE,3701 S TEXAS AVE,"BRYAN, TX 77802",17426922070,00004,10/01/1996,09/30/2008
JACKSON RADIO,INACTIVE,404 WACO ST,"BRYAN, TX 77802",32029837278,00001,02/18/1993,03/31/1994
JACKSON WOODWORKS,INACTIVE,3601 RAVENWOOD DR,"BRYAN, TX 77802",32069181173,00001,12/14/2018,
JACKSON'S EXXON,INACTIVE,3000 S TEXAS AVE,"BRYAN, TX 77802",32029991943,00001,01/17/1972,10/31/1997
JACOB'S WELL,INACTIVE,702 N ROSEMARY DR,"BRYAN, TX 77802",32007718367,00002,01/01/1994,09/30/2022
"JACOB'S WELL DRINKING WATER, LLC",ACTIVE,702 N ROSEMARY DR,"BRYAN, TX 77802",32085949934,00001,09/01/2022,
JACQUE'S TOYS & BOOKS,INACTIVE,3806 S TEXAS AVE,"BRYAN, TX 77802",17424625550,00001,09/01/1998,12/31/1998
JACQUE'S TOYS & BOOKS,INACTIVE,4301B S TEXAS AVE,"BRYAN, TX 77802",17424625550,00002,01/01/1999,12/31/2018
JACQUE'S TOYS AND BOOKS,INACTIVE,4301A S TEXAS AVE,"BRYAN, TX 77802",32021455079,00003,04/01/1990,08/31/1998
JADE ENTERPRISES,INACTIVE,3501 TANGLEWOOD,"BRYAN, TX 77802",32031413662,00002,01/01/1986,12/31/1989
JADED GEM,INACTIVE,1700A PRAIRIE DR,"BRYAN, TX 77802",32049912515,00001,02/01/2013,12/31/2014
JAIME GARRETT,INACTIVE,1306 BENNETT ST,"BRYAN, TX 77802",32004706159,00001,04/11/2002,08/15/2002
JAKE LYONS MITCHELL,INACTIVE,3602 CEDAR OAK CIR,"BRYAN, TX 77802",32055214764,00001,12/22/2014,12/31/2014
JAKE'S 1 FOOD MART,INACTIVE,1403 BRIARCREST DR,"BRYAN, TX 77802",32015534806,00001,09/01/2004,07/29/2005
JAMES D PALMOS,INACTIVE,1201 SKRIVANEK DR,"BRYAN, TX 77802",32048788668,00001,08/19/2012,11/25/2012
JAMES FERGUSON,INACTIVE,3604 TRACY CT,"BRYAN, TX 77802",32071078920,00001,11/01/2016,11/01/2016
JAMES KIMREY,INACTIVE,4301 GREEN VALLEY DR,"BRYAN, TX 77802",32040494604,00001,09/01/2009,12/25/2017
JAMES W BENNETT JR,INACTIVE,1809B WILDE OAK CIRCLE,"BRYAN, TX 77802",32023489795,00001,02/27/1991,04/01/1994
JAMES W HURLEY,INACTIVE,64 STEEPHOLLOW CIRCLE,"BRYAN, TX 77802",32007053385,00002,04/20/1992,03/31/1993
JAMES W HURLEY,INACTIVE,3600 E 29TH STREET,"BRYAN, TX 77802",32007053385,00001,10/01/1990,04/20/1992
JAMIE B,INACTIVE,2512 BROADMOOR DR,"BRYAN, TX 77802",32020580018,00001,09/11/2006,12/31/2012
JAMIE'S THREADS & BREADS,INACTIVE,3902 E 29TH ST APT A15,"BRYAN, TX 77802",32062818516,00002,08/01/2020,08/01/2020
JAN-ETTE DESIGN,ACTIVE,903 LAZY LN,"BRYAN, TX 77802",32081410915,00001,10/01/2021,
JAN-ETTE DESIGN,INACTIVE,903 LAZY LN,"BRYAN, TX 77802",32044662248,00002,07/01/2019,09/30/2021
JANE LEE GIFT SHOP AT CRESTVIEW,ACTIVE,2505 E VILLA MARIA RD,"BRYAN, TX 77802",32040228895,00001,10/01/2009,
JANE' PUBLISHING CO,INACTIVE,2205 WAYSIDE DR,"BRYAN, TX 77802",32009837728,00002,01/01/2001,12/31/2003
JANEANNE,INACTIVE,3603 MIDWEST DR,"BRYAN, TX 77802",32005880557,00001,02/08/1999,12/25/2002
JANES'S ANTIQUES,INACTIVE,3513 PARKWAY TERRACE,"BRYAN, TX 77802",32005987840,00001,12/01/1983,09/30/1988
JANET L BIELAMOWICZ,INACTIVE,4616 PEMBROOK LN,"BRYAN, TX 77802",32008990387,00001,10/01/1995,12/25/2004
JANIE KATE PHOTOGRAPHY,ACTIVE,5024 GRAYSON WAY,"BRYAN, TX 77802",32096082634,00001,10/15/2024,
JANTIQUES,ACTIVE,2519 WILLOW BEND DR,"BRYAN, TX 77802",32010323239,00001,09/15/1995,
JARAMILLO ENTERPRISES,INACTIVE,2910 BEXAR GRASS DR,"BRYAN, TX 77802",32050404097,00001,03/12/2013,12/30/2016
JARRETT'S BACKHOE SERVICE INC,INACTIVE,6008 KNIGHTSBRIDGE LN,"BRYAN, TX 77802",32011316075,00001,01/01/2004,12/31/2005
JARROTTS DRUG STORES INC,INACTIVE,2005 S TEXAS AVENUE,"BRYAN, TX 77802",17416989410,00001,01/01/1972,09/30/1983
JARROTTS DRUG STORES INC,INACTIVE,2005 S TEXAS AVE,"BRYAN, TX 77802",17416989410,00004,10/01/1983,10/31/1983
JASON ALLAN GARCIA SR,INACTIVE,2209 BARAK LN,"BRYAN, TX 77802",32052749671,00001,01/01/2014,12/31/2015
JASON M WEAVER MD PA,ACTIVE,3632 COPPERCREST DR,"BRYAN, TX 77802",12059592985,00002,09/01/2016,
JASON RANDALL LEE,ACTIVE,2606B PECAN RIDGE DR,"BRYAN, TX 77802",32061935444,00001,11/01/2016,
JASON WADE,ACTIVE,4110 PEREGRINE CT,"BRYAN, TX 77802",32055808102,00002,06/06/2025,
JASPER T COURT,ACTIVE,902 ETHEL BLVD,"BRYAN, TX 77802",32031181715,00004,06/10/2020,
JAVELINA STATION LP,INACTIVE,2800 S TEXAS AVE STE 401,"BRYAN, TX 77802",32051278003,00001,01/01/2016,01/01/2016
JAYS KARS,ACTIVE,1900 S TEXAS AVE,"BRYAN, TX 77802",32039067346,00002,11/01/2010,
JAZZY'S HAIR STUDIO,ACTIVE,4413 S TEXAS AVE,"BRYAN, TX 77802",32006050200,00003,01/01/2013,
JBW LAND & MINERALS INC,INACTIVE,3131 E 29TH ST STE B-100,"BRYAN, TX 77802",17423355456,00001,09/01/1995,12/25/2013
JC DISTRIBUTOR,INACTIVE,4612 HARROW CT,"BRYAN, TX 77802",32031309886,00001,01/01/2018,08/14/2018
JC E-MARKETING,INACTIVE,3780 COPPERFIELD DR APT 734,"BRYAN, TX 77802",32060410852,00002,10/01/2016,06/30/2018
JCMUTUAL LLC,ACTIVE,3700 S TEXAS AVE STE 100,"BRYAN, TX 77802",32093538240,00002,05/01/2025,
JCON KUSTOM,INACTIVE,3535 PLAINSMAN LN APT K151,"BRYAN, TX 77802",32075810641,00001,10/01/2020,
JCR ENTERPRISES,INACTIVE,3513 MIDWEST DR,"BRYAN, TX 77802",32021724623,00001,01/01/1993,01/01/1994
JCVV,INACTIVE,1805 BRIARCREST DR,"BRYAN, TX 77802",32059559693,00001,02/15/2016,06/18/2018
JC2 CARDS,INACTIVE,3708 VALLEY OAKS DR,"BRYAN, TX 77802",17429764404,00001,11/01/2000,12/31/2002
JD'S BRUSHWORKS,INACTIVE,3800 WOODMERE DR,"BRYAN, TX 77802",32006142726,00001,02/09/1994,12/25/2006
JEAN WESTBROOK ORIGINAL ART,INACTIVE,3504 OAK HOLLOW DR,"BRYAN, TX 77802",32006423720,00001,04/10/1987,12/25/2006
JEAN'S TIME MACHINE,INACTIVE,805 DOGWOOD LN,"BRYAN, TX 77802",32009291116,00005,01/29/2008,03/31/2008
JEANNE'S BRIDE & FORMAL,INACTIVE,3515 S TEXAS AVE,"BRYAN, TX 77802",32017365001,00001,04/01/1997,08/04/1997
JEEZ LOUISE CLEANING SERVICES,INACTIVE,1510 BURT ST,"BRYAN, TX 77802",32079849371,00002,01/01/2022,06/30/2022
JEFF HANKINS STUDIO,INACTIVE,4513 CARTER CREEK PKWY APT 6,"BRYAN, TX 77802",32034753411,00002,04/01/2013,03/31/2015
JEFFERY S JORDAN,INACTIVE,2604 BRITON DR,"BRYAN, TX 77802",32007903837,00002,01/01/2013,12/25/2015
JEFFREY H STEPHENS,INACTIVE,2918 BROADMOOR,"BRYAN, TX 77802",32028021296,00002,07/01/1993,03/31/1995
JEFFREY H STEPHENS,INACTIVE,746 OAK LANE,"BRYAN, TX 77802",32028021296,00001,04/01/1991,07/01/1993
JEFFREY ROBERT ZUMBRUNNEN,INACTIVE,4606 HARROW CT,"BRYAN, TX 77802",32054538445,00001,08/01/2014,12/31/2016
JELLIS PHOTOGRAPHY,INACTIVE,4201 GREEN VALLEY DR,"BRYAN, TX 77802",32009720841,00001,12/18/2002,06/30/2005
JENNIE CALLAWAY,INACTIVE,3400 SPRING LN,"BRYAN, TX 77802",32009399448,00001,01/28/1994,03/31/2008
JERRY B WARE,INACTIVE,4207 WILLOW OAK ST,"BRYAN, TX 77802",32012623057,00001,05/11/1993,12/31/1993
JERRY FANNIN,INACTIVE,1305 BROADMOOR,"BRYAN, TX 77802",32013137156,00001,07/01/1975,08/01/1977
JERRY FANNIN,INACTIVE,3804 WINDRIDGE,"BRYAN, TX 77802",32013137156,00002,08/02/1977,12/31/1982
JERRY W MOODY,INACTIVE,3803 OAK RIDGE DR,"BRYAN, TX 77802",32008189212,00001,10/01/2002,12/31/2007
JERRY'S BLIND SHOP,INACTIVE,ON HWY 1179 2 MI FROM INT 158 AND 1179,"BRYAN, TX 77802",32031094363,00001,02/21/1991,07/01/1992
JERSEY MIKE'S SUBS 15198,ACTIVE,3001 WILDFLOWER DR STE 711,"BRYAN, TX 77802",32065410113,00003,08/01/2023,
JESPER ANDERSEN / TECH-RECOVERED,ACTIVE,4334 FOX RIVER LN,"BRYAN, TX 77802",32042721905,00002,01/24/2023,
JESSE JAMES WESTERN WEAR,INACTIVE,4 MI E ON FM 1179,"BRYAN, TX 77802",17418935023,00003,07/01/1979,09/30/1979
JESSE MARTINEZ-NSA-INDEPENDENT DISTRIBUTOR,INACTIVE,5605 MIDDLEBURY,"BRYAN, TX 77802",32007681524,00001,01/16/1991,12/15/1991
JESSE YOULTON,INACTIVE,1520 B BROADMOOR,"BRYAN, TX 77802",32032076245,00002,02/04/1993,12/29/1994
JESSE'S TAQUERIA,ACTIVE,3310A E 29TH ST,"BRYAN, TX 77802",32050228702,00002,04/01/2018,
JESSE'S TAQUERIA & BAKERY,INACTIVE,3310A E 29TH ST,"BRYAN, TX 77802",32024639794,00002,07/21/2012,04/19/2018
JESSE'S TAQUERIA #2,INACTIVE,712 E VILLA MARIA RD,"BRYAN, TX 77802",32050228702,00001,05/01/2018,03/23/2019
JESUS LIVES LIBRERIA CRISTIANA,INACTIVE,725 E VILLA MARIA-MANOR EAST MALL,"BRYAN, TX 77802",32012338649,00003,07/01/1991,11/02/1991
JETCOM,INACTIVE,1805B E 26TH ST,"BRYAN, TX 77802",32009154843,00001,09/01/1999,10/31/2002
JETT DISTRIBUTION,INACTIVE,1735 BRIARCREST DR SUITE 210,"BRYAN, TX 77802",32028714668,00002,05/11/1989,04/30/1991
JEWEL T DISCOUNT GROCERY #629,INACTIVE,4300 S TEXAS AVENUE,"BRYAN, TX 77802",13612825003,00033,07/20/1981,06/02/1984
JEWELRY BY GENE,INACTIVE,2605 S TEXAS AVE,"BRYAN, TX 77802",32006848918,00001,07/06/2001,07/20/2003
JEWELRY BY MARIA,INACTIVE,3924 SIERRA CT,"BRYAN, TX 77802",32043016305,00001,11/15/2010,12/31/2010
JG'S CREATIONS,ACTIVE,2382 W BRIARGATE DR,"BRYAN, TX 77802",32005149516,00006,01/01/2002,
JHOBBSIMAGESCAPES,INACTIVE,4121 WARWICK LN,"BRYAN, TX 77802",32050559577,00001,04/01/2013,12/31/2019
JHW GENERAL CONTRACTORS INC,INACTIVE,3833 TEXAS AVENUE SUITE 216,"BRYAN, TX 77802",17423511066,00001,10/01/1988,01/01/1992
JIA JIA'S HOUSE,INACTIVE,3203 FREEDOM BLVD STE 700,"BRYAN, TX 77802",32047759918,00001,04/01/2012,07/15/2012
JIFFY FOOD STORE #465,INACTIVE,3020 E 29TH ST SP 1,"BRYAN, TX 77802",17210537597,00015,01/01/1988,05/01/1988
JIM WHITLEY MOTORS INC,INACTIVE,2100 S TEXAS AVE,"BRYAN, TX 77802",17420858320,00001,01/01/1989,12/31/2019
JIM WILLIAMS AUCTIONEER,INACTIVE,3005 GLEN EAGLES,"BRYAN, TX 77802",32030567666,00002,03/01/1988,09/30/1993
JIM'S EXOTIC WOOD CREATIONS,INACTIVE,2212 E BRIARGATE DR,"BRYAN, TX 77802",32031842365,00001,10/03/1995,12/31/1995
JIM'S GUNS & ACCESSORIES,INACTIVE,840 S ROSEMARY DR,"BRYAN, TX 77802",32030660842,00001,02/07/1992,12/29/1995
JIM'S 4X4 AUTO & RV REPAIR,INACTIVE,1805 B BOONEVILLE RD,"BRYAN, TX 77802",30010591896,00001,06/15/1988,09/30/1990
JIM'S 4X4 AUTO & RV REPAIR,INACTIVE,3017 E VILLA MARIA RD,"BRYAN, TX 77802",30010591896,00002,10/01/1990,09/01/1995
JIMBO'S TINT DREAMZ LLC,INACTIVE,2707 S TEXAS AVE,"BRYAN, TX 77802",32058270029,00002,10/01/2016,12/31/2017
JIMMY BRADEN,INACTIVE,3906 WINDOWMERE ST,"BRYAN, TX 77802",32027559502,00001,03/01/1993,12/31/1994
JIMMY PARKER LANDSCAPING,INACTIVE,4719 HUNINGTON DR,"BRYAN, TX 77802",32012012491,00001,08/11/2003,09/14/2005
JIMMY'S FINA,INACTIVE,306 S TEXAS AVE,"BRYAN, TX 77802",32030325479,00002,02/17/1984,07/14/1984
JJ ALCOHOL AND DRUG RECOVERY NETWORK,INACTIVE,2206 QUAIL HOLLOW DR,"BRYAN, TX 77802",32089952900,00001,06/01/2023,
JJ'S COLLECTIBLES,INACTIVE,3806 HOLLY DR,"BRYAN, TX 77802",32009955280,00002,01/01/2002,12/25/2002
JJ'S SNOWCONES,INACTIVE,1112 BRIARCREST DR,"BRYAN, TX 77802",32047428977,00001,05/01/2012,12/31/2017
JJS SNOWCONES TEXAS,ACTIVE,1112 BRIARCREST DR,"BRYAN, TX 77802",32087038926,00001,03/01/2023,
JK CREATIONS,INACTIVE,4207 CARTER CREEK PKWY,"BRYAN, TX 77802",32020264563,00001,09/01/2006,12/31/2006
JLIB COMPANY,INACTIVE,3609B MAHAN ST,"BRYAN, TX 77802",30118104949,00001,04/01/1996,06/01/1996
JLM'S CHICKEN & WAFFLE,ACTIVE,4001 E 29TH ST STE 75,"BRYAN, TX 77802",32067223548,00003,01/01/2024,
"JLMLLM CONSULTING, LLC",ACTIVE,3900 RAVENWOOD DR,"BRYAN, TX 77802",32044093840,00001,04/01/2017,
JM RESALE,INACTIVE,3737 E 29TH ST,"BRYAN, TX 77802",32017248462,00002,05/06/2011,04/01/2012
JMC TECHNOLOGIES,INACTIVE,3608 E 29TH ST STE 202,"BRYAN, TX 77802",17215489190,00001,04/01/2003,07/31/2009
JO JOHNSON,INACTIVE,2101 ELMWOOD DR,"BRYAN, TX 77802",32031323705,00001,05/07/1993,01/01/1994
JO-ANN FABRICS AND CRAFTS #1268,INACTIVE,725 E VILLA MARIA RD # A-122,"BRYAN, TX 77802",13417805242,00048,10/02/1994,07/31/2009
"JO-ANN STORES, LLC",INACTIVE,725 E VILLA MARIA RD STE A-122,"BRYAN, TX 77802",13407206294,00058,08/01/2009,05/31/2025
JO-MARIE EYRE,INACTIVE,806 E VILLA MARIA,"BRYAN, TX 77802",32031536942,00001,01/03/1994,12/25/1996
JOAN HOFFMAN WATERCOLORS,INACTIVE,3122 CAMELOT DR APT 43,"BRYAN, TX 77802",32009830434,00001,03/02/1994,12/26/1997
JODIE'S MOWERS,INACTIVE,2310 BRISTOL ST,"BRYAN, TX 77802",32029707505,00003,10/01/2013,12/31/2015
JODY'S USED CAR,INACTIVE,1403 BRIARCREST DR # A,"BRYAN, TX 77802",32029799965,00001,08/05/1996,12/31/2000
JOE BARTOS CO,INACTIVE,3601 BROCKHAMPTON DR,"BRYAN, TX 77802",30010593272,00001,01/01/1988,12/31/1993
JOE BUSER & ASSOCIATES,INACTIVE,2800 S TEXAS AVENUE,"BRYAN, TX 77802",32004861780,00002,04/01/1970,12/31/1989
JOE BUSER & ASSOCIATES,INACTIVE,900 N ROSEMARY,"BRYAN, TX 77802",32004861780,00003,01/01/1990,01/01/1994
JOE CARAVEL,INACTIVE,3800 E 29TH ST APT 20,"BRYAN, TX 77802",32016396601,00002,10/01/2004,03/30/2006
JOE COURTNEY INC,INACTIVE,1878 GREENFIELD PLAZA,"BRYAN, TX 77802",17419460278,00001,12/15/1977,12/31/1981
JOE NUCHE ELECTRIC,INACTIVE,25-A WOODGLEN,"BRYAN, TX 77802",32029237222,00001,08/01/1988,03/31/1990
JOE'S DRIVE IN,INACTIVE,1501 W 25TH,"BRYAN, TX 77802",32029827618,00003,11/15/1977,03/31/1981
JOEL T MURRAY INC,INACTIVE,ELMO WEEDON RD,"BRYAN, TX 77802",17419572833,00001,03/01/1978,07/09/1997
JOES DRIVE INN,INACTIVE,1501 W 25TH,"BRYAN, TX 77802",32029827618,00002,09/01/1961,03/03/1977
JOHN A FIELDS,INACTIVE,3604 STILLMEADOW,"BRYAN, TX 77802",32021676369,00001,05/18/1981,12/31/1983
JOHN BARKER AND ASSOCIATES,INACTIVE,6811 HONEYSUCKLE LANE,"BRYAN, TX 77802",32026529985,00001,01/02/1993,06/28/1993
JOHN C BOSSHARD,INACTIVE,1300 BRIAR CLIFF DR APT 129,"BRYAN, TX 77802",32056035770,00002,04/01/2024,04/01/2024
JOHN D HUNTLEY INC,INACTIVE,4109 SHAWNEE CIRCLE,"BRYAN, TX 77802",17425632134,00001,04/01/1990,04/01/1992
JOHN E MOEHLMAN,INACTIVE,1610 CARTER CREEK PARKWAY,"BRYAN, TX 77802",32028195496,00002,03/19/1993,03/19/1993
JOHN J OATMAN,ACTIVE,3607 DORCHESTER CT,"BRYAN, TX 77802",32040991963,00002,01/01/2013,
JOHN K HOLLAND CPA,INACTIVE,3131 E 29TH ST STE B-200,"BRYAN, TX 77802",32029935619,00001,11/15/1994,12/31/1997
JOHN M COLLINS & EDWARD SMITH,INACTIVE,818 E VILLA MARIA RD,"BRYAN, TX 77802",17428628717,00002,07/01/1999,09/30/1999
JOHN MANNA,INACTIVE,4105 BEDFORD CT,"BRYAN, TX 77802",32032170428,00001,04/01/1999,06/30/1999
JOHN MEEKS,INACTIVE,1705 E 27TH,"BRYAN, TX 77802",32005404630,00001,02/17/1989,06/30/1989
JOHN MOBLEY POOL COMPANY,INACTIVE,810 VILLA MARIA RD,"BRYAN, TX 77802",32012864768,00004,11/15/1973,12/31/1977
JOHN Q T NGUYEN MD,INACTIVE,2801 E 29TH ST STE 123,"BRYAN, TX 77802",17606390130,00001,04/30/2005,04/30/2005
JOHN RAMIREZ,INACTIVE,520 WAYSIDE DR,"BRYAN, TX 77802",32044695701,00001,07/16/2011,09/04/2012
JOHN ROLAND RUFFINO,INACTIVE,2363 W BRIARGATE DR,"BRYAN, TX 77802",32054409258,00002,06/30/2014,06/30/2014
JOHN S TAMMELA,INACTIVE,1519 OAKVIEW ST,"BRYAN, TX 77802",32011618959,00001,06/18/2003,06/30/2009
JOHN SHEPPERD,INACTIVE,3510 OAK HOLLOW DR,"BRYAN, TX 77802",32024363791,00001,11/09/1993,12/30/1995
JOHN THOMAS,INACTIVE,1929 COUNTRY CLUB DR,"BRYAN, TX 77802",32007821138,00003,11/20/2006,12/31/2009
JOHN'S BEVERAGE,INACTIVE,3601 E 29TH ST SUITE A,"BRYAN, TX 77802",32021242964,00001,07/01/1991,02/10/1995
JOHN'S METAL SALVAGE INC,INACTIVE,3505 OLD KURTEN RD,"BRYAN, TX 77802",17422227714,00001,04/01/1982,12/31/1988
JOHN'S POOL HEATER SERVICE,INACTIVE,2805 CHERRY CREEK CIR,"BRYAN, TX 77802",32005950277,00001,01/01/1993,12/31/1995
JOHNCO,INACTIVE,721 GARDEN ACRES BLVD,"BRYAN, TX 77802",32021465250,00001,02/07/1979,12/25/1986
JOHNCO,INACTIVE,721 GARDEN ACRES BLVD,"BRYAN, TX 77802",32021465250,00002,10/14/1992,12/25/1999
JOHNNIE HUDGINS,INACTIVE,RTE 3 ELMO WEEDON RD AT TIMBERWILDE DR,"BRYAN, TX 77802",32028420100,00002,01/01/1979,12/31/1986
JOHNNY BENO HOELSHER,INACTIVE,1417 BURT ST,"BRYAN, TX 77802",32051748633,00001,08/19/2013,12/31/2015
JOHNNY BURNETT,INACTIVE,1308 BARAK LN APT B,"BRYAN, TX 77802",32030501483,00001,03/27/1995,12/31/1996
JOHNSON ELEMENTARY SCHOOL PTO,ACTIVE,3800 OAK HILL DR,"BRYAN, TX 77802",30118106407,00001,01/01/1996,
JOHNSON TEXACO SERVICE,INACTIVE,3901 E 29TH ST,"BRYAN, TX 77802",17414017917,00004,08/01/1969,09/30/1970
JOINER CLEANING,INACTIVE,5207 BLOOMSBURY WAY,"BRYAN, TX 77802",32070540508,00001,04/01/2019,09/30/2020
JOMO MARKETING,INACTIVE,1416 E 29TH ST,"BRYAN, TX 77802",32029078097,00001,03/01/1998,12/25/1998
JON SCAMARDO,INACTIVE,3906 OAK BLUFF,"BRYAN, TX 77802",32025571194,00002,04/12/1993,12/30/1994
JONES & CARTER. INC.,INACTIVE,1716 BRIARCREST DR STE 160,"BRYAN, TX 77802",17418482448,00016,08/01/2009,12/31/2015
JONES PERFORMANCE SYSTEMS,INACTIVE,3929 GREEN VALLEY DR,"BRYAN, TX 77802",32021296887,00001,04/01/1992,10/01/1993
JONI'S SHUTTER BUG,INACTIVE,3609 B ELLIOTT,"BRYAN, TX 77802",32006724879,00006,02/01/1992,08/01/1992
JORDAN RIVER STORE LLC,ACTIVE,3708 E 29TH ST # 1038,"BRYAN, TX 77802",32100071292,00002,06/09/2025,
JOSE ARMANDO DESIGNS,INACTIVE,1807 WILDE OAK CIR # B,"BRYAN, TX 77802",32024057948,00002,01/01/1997,12/31/1998
JOSE ARMANDO DESIGNS,INACTIVE,3800 E 29TH ST APT 11,"BRYAN, TX 77802",32024057948,00001,01/24/1996,12/31/1996
JOSE'S RESTAURANT,INACTIVE,3824 S TEXAS AVE,"BRYAN, TX 77802",32029881011,00006,02/15/1993,08/31/2002
JOSE'S RESTAURNAT,ACTIVE,3824 S TEXAS AVE,"BRYAN, TX 77802",17529888665,00002,09/01/2002,
JOSEPH SEELEY,INACTIVE,3902 E 29TH ST APT R3,"BRYAN, TX 77802",32028066432,00001,02/15/1994,01/01/1995
JOSEPHNE HOELSCHER,INACTIVE,1417 BURT ST,"BRYAN, TX 77802",32042978778,00001,11/07/2010,12/25/2013
JOVONDO SERVICE COMPANY,INACTIVE,2600 FINFEATHER # 11,"BRYAN, TX 77802",32021106649,00003,04/01/1994,04/30/1995
JOY'S CLINIC,INACTIVE,3711 E 29TH ST,"BRYAN, TX 77802",32033568257,00001,08/21/2007,12/25/2010
JOYA,INACTIVE,3120 BROADMOOR DR,"BRYAN, TX 77802",32012142371,00002,06/04/2008,06/30/2009
JOYCE J LOUIS,INACTIVE,2718 CAMELOT DR,"BRYAN, TX 77802",32007851846,00003,01/01/2004,12/25/2005
JR AUTO SALES,INACTIVE,3525 S TEXAS AVE,"BRYAN, TX 77802",32007992616,00003,01/01/2011,09/30/2012
JR DESIGNS,INACTIVE,2708 CAMELOT DR,"BRYAN, TX 77802",32042356801,00001,08/01/2010,12/25/2012
JR'S DELI EXPRESS,INACTIVE,MANOR EAST MALL PRKNG LOT,"BRYAN, TX 77802",32029237586,00001,03/01/1996,06/18/1996
JS FINANCIAL SERVICES,INACTIVE,3006 RED ROBIN LOOP,"BRYAN, TX 77802",32012779271,00002,11/01/2003,12/31/2005
JS LEASING CO INC,INACTIVE,4702 HUNTINGTON DRIVE,"BRYAN, TX 77802",17424755670,00001,11/01/1987,12/31/1988
JSP CONSULTING,INACTIVE,1004 EDGEWOOD DR,"BRYAN, TX 77802",32005012961,00001,04/21/2002,12/31/2002
JT ENTERPRISES,INACTIVE,2100 RED RIVER DR,"BRYAN, TX 77802",32007137212,00002,08/17/2001,08/31/2008
JT'S CARD SHOP,INACTIVE,3608 E 29TH ST STE 210,"BRYAN, TX 77802",32069640467,00002,11/01/2019,03/31/2021
JUANY'S AND LUCY'S TAQUERIA AND MORE,ACTIVE,1403 BRIARCREST DR,"BRYAN, TX 77802",32076285678,00001,10/01/2020,
JUAREZ ALTERATIONS,INACTIVE,818 E VILLA MARIA RD,"BRYAN, TX 77802",32044218405,00002,07/01/2012,03/31/2014
JUAREZ ALTERATIONS,INACTIVE,3725 E 29TH ST,"BRYAN, TX 77802",32044218405,00001,05/11/2011,06/30/2012
JUAREZ FLOORING INSTALLATION,INACTIVE,609 LAWRENCE ST,"BRYAN, TX 77802",32011187344,00003,05/06/2005,06/25/2012
JUAREZ FLOORING INSTALLATION,INACTIVE,607 LAWRENCE ST,"BRYAN, TX 77802",32011187344,00002,05/01/2005,05/06/2005
JUDITH L TOWELL,INACTIVE,2522 WILLOW BEND DR,"BRYAN, TX 77802",32063542917,00001,07/01/2017,03/25/2021
JUDY A HEFNER,INACTIVE,3902 EAST 29TH APT R 16,"BRYAN, TX 77802",32005269223,00001,04/09/1985,12/31/1985
JUDY CRYER'S HOME IMPROVEMENT & INTERIOR DESIGNS,INACTIVE,911 ENFIELD ST,"BRYAN, TX 77802",32007359816,00004,01/01/2004,12/31/2004
JUDY CRYER'S HOME IMPROVEMENT & INTERIOR DESIGNS,INACTIVE,911 ENFIELD ST,"BRYAN, TX 77802",32007359816,00004,02/01/2007,12/31/2008
JUETTENTERPRISES,INACTIVE,732 MARY LAKE,"BRYAN, TX 77802",32024265822,00002,05/01/1981,07/31/1982
JUICES UNLIMITED,INACTIVE,2400 WAYSIDE DR,"BRYAN, TX 77802",30116859007,00002,01/01/1995,12/25/2000
JUICING TO BE GOODEN FIT,ACTIVE,1673 BRIARCREST DR STE A102,"BRYAN, TX 77802",32094541680,00001,09/14/2024,
"JULIE LIM, M.D.",INACTIVE,2801 E 29TH ST STE 117,"BRYAN, TX 77802",16312602226,00003,06/30/2005,06/30/2005
JUMP BRYAN LLC,ACTIVE,1758 BRIARCREST DR,"BRYAN, TX 77802",32084321077,00001,05/01/2022,
JUMPING WORLD,ACTIVE,3143 WILDFLOWER DR STE 1000,"BRYAN, TX 77802",32061708387,00002,04/01/2017,
JUMPING WORLD BYRAN INC,INACTIVE,3123 WILDFLOWER DR UNIT B1-2,"BRYAN, TX 77802",32061708387,00001,12/20/2016,03/31/2017
JUNCTION FIVE-O-FIVE,INACTIVE,3805 RANGER ST,"BRYAN, TX 77802",17422126742,00008,11/01/1990,07/01/1992
JUNE ROUSE,INACTIVE,3820 PLAINSMAN,"BRYAN, TX 77802",32025856298,00001,10/18/1993,12/31/1993
JUNEJO ENTERPRISES LLC,INACTIVE,3601 E 29TH ST STE 6,"BRYAN, TX 77802",32096324135,00001,08/22/2024,
JUNGIAN SOCIETY OF THE BRAZOS VALLEY,INACTIVE,2608 MELBA CIRCLE,"BRYAN, TX 77802",17424930281,00001,05/20/1988,12/31/1988
JUNGIAN SOCIETY OF THE BRAZOS VALLEY,INACTIVE,804 ESTHER,"BRYAN, TX 77802",17424930281,00003,01/01/1991,12/31/1994
JUNO & LILY,ACTIVE,2606 S TEXAS AVE,"BRYAN, TX 77802",32058030258,00001,10/15/2021,
JUST DROP IT OFF,INACTIVE,3709 STILLMEADOW DR,"BRYAN, TX 77802",32014851029,00002,03/28/2004,06/30/2004
JUST FOR KIDS,INACTIVE,4016 STILLMEADOW DR,"BRYAN, TX 77802",17422878250,00001,09/03/1983,08/12/1984
JUST PRECIOUS CREATIONS,INACTIVE,2316 OXFORD ST,"BRYAN, TX 77802",32050524670,00001,03/01/2013,07/01/2016
JUST SEW,INACTIVE,3512 OAK HOLLOW DR,"BRYAN, TX 77802",32041221790,00001,02/16/2010,12/25/2014
JUST THE HITS,INACTIVE,3929 GREEN VALLEY DR,"BRYAN, TX 77802",32005663326,00007,10/01/1995,07/30/2000
JUST US,INACTIVE,2611 RUSTLING OAKS DR,"BRYAN, TX 77802",32031181822,00002,10/01/1992,12/25/2000
JUST US,INACTIVE,4002 OAK BEND,"BRYAN, TX 77802",32031181822,00001,05/01/1990,09/30/1992
JUST WINGS,INACTIVE,2714 TX HWY 21,"BRYAN, TX 77802",32069011396,00001,11/01/2018,12/31/2019
JUST WINGS,INACTIVE,3151 BRIARCREST DR,"BRYAN, TX 77802",32069011396,00002,01/01/2020,02/28/2020
JUSTAKOUNTRYKID,ACTIVE,1010 CARTER CREEK PKWY,"BRYAN, TX 77802",32079909886,00001,07/01/2021,
JWRW SERVICE SOLUTIONS LLC,ACTIVE,2105 WAYSIDE DR,"BRYAN, TX 77802",32042418254,00001,10/01/2010,
"J2 CONSTRUCTION, LLC",ACTIVE,3506 BROAD OAK CIR,"BRYAN, TX 77802",32082810584,00001,03/15/2023,
"K & B CONSTRUCTION, INC.",INACTIVE,1706 E 29TH ST STE 103,"BRYAN, TX 77802",32014777000,00001,09/30/2018,09/30/2018
K & D GIFTS,INACTIVE,3219 S TEXAS AVE,"BRYAN, TX 77802",32011601997,00001,07/08/2003,12/31/2005
K & K CUTS,INACTIVE,2010 E 29TH ST,"BRYAN, TX 77802",32024128301,00002,10/15/1997,12/31/2000
K & K CUTS INC,INACTIVE,2010 E 29TH ST,"BRYAN, TX 77802",17430085310,00002,07/15/2001,07/30/2006
K & K ENTERPRISES,INACTIVE,3709 BRIGHTON DR,"BRYAN, TX 77802",32017643498,00001,07/01/2005,12/31/2009
K & K LAWN SERVICES,INACTIVE,3802 PARK HAMPTON DR,"BRYAN, TX 77802",32011844720,00001,08/01/2003,11/20/2003
K & R ENTERPRISES,INACTIVE,GRASBUR RD 1/2 MI OFF ELMO WEEDON RD,"BRYAN, TX 77802",32028229691,00001,07/01/1992,07/01/1992
K AND S SWEETS,ACTIVE,810 ESTHER BLVD,"BRYAN, TX 77802",32014644630,00002,12/01/2009,
K B COLLECTIONS,INACTIVE,2509 RIVER FOREST DR,"BRYAN, TX 77802",32026889413,00001,08/01/1985,12/31/1995
K B ENTERPRISES,INACTIVE,3132 E 29TH ST APT 127,"BRYAN, TX 77802",32022946381,00001,09/01/1995,04/14/1996
K C COPY BOY,INACTIVE,3030 E 29TH ST STE 109,"BRYAN, TX 77802",32032021811,00003,05/15/1995,12/31/1998
K C S CARPET CLEANING,INACTIVE,4513 LITTLETON CT,"BRYAN, TX 77802",32008604780,00001,01/01/1998,12/31/2010
K DYKE DESIGNS,INACTIVE,2707 RUSTLING OAKS DR,"BRYAN, TX 77802",32006195211,00002,01/01/1993,12/31/2004
K DYKE DESIGNS,INACTIVE,2343 W BRIARGATE,"BRYAN, TX 77802",32006195211,00001,07/24/1989,12/31/1992
K G ENTERPRISES,INACTIVE,4012 KENWOOD DR,"BRYAN, TX 77802",30116412310,00001,08/10/1995,04/01/1996
K N L DESIGNS,INACTIVE,1809A WILDE OAK CIR,"BRYAN, TX 77802",13522215469,00001,02/01/2004,03/31/2004
K R GORDY GENERAL CONTRACTORS,INACTIVE,4400 CARTER CREEK PARKWAY#301,"BRYAN, TX 77802",32005516987,00003,07/01/1991,09/30/1993
"K.M. HAMILTON CONSTRUCTION, LP",INACTIVE,3131 BRIARCREST DR STE 111,"BRYAN, TX 77802",12029452401,00001,08/01/2005,12/31/2013
K&L GIFTS & COLLECTIBLES,INACTIVE,1312 BROADMOOR DR,"BRYAN, TX 77802",32012409390,00001,09/25/2003,12/25/2005
K-DAN WHOLESALE DISTRIBUTER,INACTIVE,2302 W BRIARGATE DR,"BRYAN, TX 77802",32024950183,00001,10/01/1997,06/30/1998
"K-GLOBAL FIBERS, LLC",INACTIVE,2103 BRIAR OAKS DR,"BRYAN, TX 77802",32055143104,00002,04/01/2016,06/30/2020
KAHIL STAINED GLASS STUDIO,INACTIVE,720 S ROSEMARY DR,"BRYAN, TX 77802",32031731964,00001,08/25/1982,12/31/1995
"KAITLYN TRAINHAM PHOTOGRAPHY, LLC",ACTIVE,4211 CARTER CREEK PKWY,"BRYAN, TX 77802",32080687315,00001,04/08/2022,
"KARA GREGORY MUSIC STUDIO, LLC",INACTIVE,3612A ELLIOTT ST,"BRYAN, TX 77802",32080291373,00001,08/31/2021,
KAREN HODGES,INACTIVE,2807 WILDFLOWER DR APT 42,"BRYAN, TX 77802",32015624987,00003,05/01/2010,12/25/2011
KAREN L HICKSON,INACTIVE,4150 PENDLETON DR APT 215,"BRYAN, TX 77802",32018212657,00002,07/03/2019,07/31/2022
KAREN LOEHR INTERIORS,ACTIVE,2304 VALLEY VIEW DR,"BRYAN, TX 77802",32010117565,00001,09/01/1995,
KAREN'S CLEANING,INACTIVE,3604 ELLIOTT ST # B,"BRYAN, TX 77802",32023731063,00001,09/01/1993,01/01/1994
KARLY D SILLAVAN,INACTIVE,3535 PLAINSMAN LN APT C46,"BRYAN, TX 77802",32011072777,00001,03/10/2003,12/30/2005
KARMELKORN SHOPPE,INACTIVE,MANOR EAST MALL,"BRYAN, TX 77802",30009135705,00001,08/19/1985,08/01/1989
KASI KOSMETICS,INACTIVE,503 PEASE,"BRYAN, TX 77802",32022483096,00001,04/26/1991,07/01/1992
KAT BUTT COMIX,INACTIVE,3700 PLAINSMAN LN APT 68,"BRYAN, TX 77802",32028563636,00001,10/01/1997,06/30/1999
KAT SUPPLY INC,INACTIVE,2907 VILLA MARIA,"BRYAN, TX 77802",30008748003,00006,03/01/1986,06/30/1986
KAT SUPPLY INC,INACTIVE,2911 EAST VILLA MARIA,"BRYAN, TX 77802",30008748003,00003,08/01/1985,02/28/1986
KAT SUPPLY INC,INACTIVE,2907 E VILLA MARIA,"BRYAN, TX 77802",30008748003,00001,02/01/1985,07/31/1985
KATHERINE A MONDRAGON,INACTIVE,2360 W BRIARGATE DR,"BRYAN, TX 77802",32024541016,00002,10/24/2014,12/25/2015
KATHLEEN GRACE GUTIERREZ,INACTIVE,5303 BLOOMSBURY WAY,"BRYAN, TX 77802",32056631198,00001,01/04/2015,12/25/2018
KATHLEEN M CARTER CPA,INACTIVE,3131 E 29TH ST STE B200,"BRYAN, TX 77802",32020830066,00002,01/01/1994,12/31/1994
KATHLEEN M CARTER CPA,INACTIVE,1701 BRIARCREST STE 101,"BRYAN, TX 77802",32020830066,00001,01/01/1989,12/31/1993
KATHLEEN'S SPECIALTY GIFTS,INACTIVE,1525 E 29TH ST APT 107,"BRYAN, TX 77802",32030779832,00002,09/01/2007,12/31/2007
KATHRYN MCKENZIE DESIGNS,INACTIVE,1101 EDGEWOOD DR,"BRYAN, TX 77802",32009130827,00033,04/01/2010,12/25/2011
KATHY HENRY,INACTIVE,4033 VICEROY DR,"BRYAN, TX 77802",32006241841,00001,03/01/2000,12/25/2006
KATHY WOODS,INACTIVE,903 JANE LN,"BRYAN, TX 77802",32047689248,00002,01/01/2014,12/25/2014
KATHY'S MINIATURES AND CREATIONS,INACTIVE,814 EAST VILLA MARIA,"BRYAN, TX 77802",32007524633,00002,06/01/1992,09/30/1994
KATIES CORNER,INACTIVE,2903 CAMELOT DR,"BRYAN, TX 77802",30116314938,00002,10/09/1999,06/30/2002
KAY ETHEREDGE,INACTIVE,1705 CARTER CREEK PKY,"BRYAN, TX 77802",32026565211,00001,04/05/1994,12/31/1996
"KAY PRODUCTS, LLC",INACTIVE,3810 BARNSLEY CT,"BRYAN, TX 77802",32037790626,00001,10/01/2008,06/30/2010
KAY WILLIAMS QUILTING,INACTIVE,2374 W BRIARGATE DR,"BRYAN, TX 77802",32038791359,00001,01/30/2009,12/25/2010
KAZUMA ATV,INACTIVE,3715 E 29TH ST,"BRYAN, TX 77802",32011696872,00001,07/01/2003,11/30/2003
KBS ELECTRICAL DISTRIBUTORS INC,INACTIVE,2702 B WILDFLOWER,"BRYAN, TX 77802",17422795066,00001,09/01/1983,09/09/1987
KBTX - TV,INACTIVE,4141 E 29TH ST,"BRYAN, TX 77802",15824865776,00002,04/01/2000,03/25/2007
KBTX-TV,INACTIVE,4141 E 29TH ST,"BRYAN, TX 77802",11328499857,00027,05/01/1998,06/30/2005
KC'S CLASSY SHOTS,INACTIVE,3607B COMANCHE ST,"BRYAN, TX 77802",32000480080,00001,03/01/1998,11/12/1998
KDN ELECTRONICS,INACTIVE,1802 CARTER CREEK PKWY,"BRYAN, TX 77802",32025734685,00001,02/05/2007,06/30/2007
"KEATING IMPORTS, LLC",ACTIVE,3100 BRIARCREST DR,"BRYAN, TX 77802",32058185284,00001,12/01/2015,
KEENE COMPUTING SERVICES,INACTIVE,2904 HILLSIDE,"BRYAN, TX 77802",32021293876,00003,01/01/1985,12/25/1986
KEEP'EM RUNNING SWIMMING & FLYING,INACTIVE,4003 WINDOW MERE,"BRYAN, TX 77802",32030716370,00005,10/06/1987,12/31/1989
KEITH A ARNOLD COMPANY,INACTIVE,3502 CARTER CREEK PKY,"BRYAN, TX 77802",32006296977,00002,01/01/1991,12/25/2003
KEITH ZARS POOLS,INACTIVE,3609 EAST 29TH STREET,"BRYAN, TX 77802",32036785247,00001,06/01/1985,09/30/1987
KEL'S KOLLECTION,ACTIVE,4408 PEMBROOK LN,"BRYAN, TX 77802",32073134531,00001,02/01/2020,
KELLER ELECTRONICS,INACTIVE,2913 S TEXAS AVE,"BRYAN, TX 77802",32026003007,00001,09/20/1995,12/31/1997
KELLEY CLEANING,INACTIVE,3516 CARTER CREEK PKWY,"BRYAN, TX 77802",32048986304,00001,09/01/2012,12/31/2012
KELLI CHARANZA,INACTIVE,3907 TANGLEWOOD DR,"BRYAN, TX 77802",32014544236,00001,03/08/2004,03/29/2004
KELLI'S KLEANING,INACTIVE,3503 BROAD OAK CIR,"BRYAN, TX 77802",32041955298,00001,05/15/2010,12/31/2011
KELLING PHOTOGRAPHY,INACTIVE,1409 WOODLAND DR,"BRYAN, TX 77802",32006921210,00003,10/01/1993,09/30/2004
KELLING PHOTOGRAPHY,INACTIVE,1 1/2 MI OFF FM 1179 ON GRASSBUR RD,"BRYAN, TX 77802",32006921210,00002,07/01/1990,09/30/1993
KELLY'S KRAFTS,INACTIVE,810 E VILLA MARIA RD,"BRYAN, TX 77802",32010779471,00002,07/15/2002,12/31/2004
KEN MARTIN'S STEAK HOUSE,INACTIVE,1803 S TEXAS AVENUE,"BRYAN, TX 77802",17512546841,00003,10/01/1971,01/31/1985
KEN MARTIN'S STEAK HOUSE,INACTIVE,3231 E 29TH ST,"BRYAN, TX 77802",17512546841,00013,02/01/1985,12/31/2013
KEN'S COMPUTER SALES,INACTIVE,3905 SIERRA CT,"BRYAN, TX 77802",32021398733,00002,10/01/2000,06/30/2001
KEN'S HOBBY,INACTIVE,4204 WOODCREST,"BRYAN, TX 77802",32011928994,00003,07/01/1992,09/30/1993
KENNETH S WAKEFIELD,ACTIVE,2404 WINDSOR DR,"BRYAN, TX 77802",32006886090,00002,01/01/1993,
KENTUCKY FRIED CHICKEN,INACTIVE,3321 S TEXAS AVE,"BRYAN, TX 77802",17514486251,00119,04/02/1988,10/09/2006
KENTUCKY FRIED CHICKEN,INACTIVE,3321 S TEXAS AVE,"BRYAN, TX 77802",17524263492,00003,04/08/2006,09/01/2021
KENWOOD DIVERSIFIED,INACTIVE,2906 HILLSIDE DR,"BRYAN, TX 77802",32026952997,00001,01/01/1992,12/31/1996
KEP'S PRO SHOP,INACTIVE,4455 CARTER CREEK PKWY,"BRYAN, TX 77802",32021695781,00001,06/02/1997,06/30/1998
KESCO SUPPLY INC,ACTIVE,1411 S TEXAS AVE,"BRYAN, TX 77802",17418587022,00006,04/01/2001,
KETA'S HALLMARK,INACTIVE,1859 BRIARCREST DR,"BRYAN, TX 77802",32007671558,00001,08/01/1989,06/11/2010
KETTLE RESTAURANT #137,ACTIVE,2712 S TEXAS AVE,"BRYAN, TX 77802",17425008715,00001,06/17/1988,
KETTLE RESTAURANT #137,INACTIVE,2712 S TEXAS AVENUE,"BRYAN, TX 77802",17422638647,00001,04/01/1983,03/31/1987
KETTLE RESTAURANT #137,INACTIVE,2712 S TEXAS AVENUE,"BRYAN, TX 77802",17422582639,00003,04/01/1987,06/16/1988
KETTLE RESTAURANT #21,INACTIVE,1601-A S TEXAS AVENUE,"BRYAN, TX 77802",17422582639,00004,04/01/1987,08/31/1987
KETTLE RESTAURANT #21,INACTIVE,1601-A S TEXAS AVENUE,"BRYAN, TX 77802",17422638647,00002,04/01/1983,03/31/1987
KEVIN BARD,INACTIVE,4825 ALDINE DR,"BRYAN, TX 77802",32043006223,00001,11/12/2010,12/31/2014
KEVIN KARLI,INACTIVE,3705 E 29TH ST,"BRYAN, TX 77802",32029183566,00001,08/01/1992,06/30/1993
KEVIN'S DETAILING D ELEGANCE,INACTIVE,2213 S TEXAS AVE,"BRYAN, TX 77802",32029040170,00002,07/01/1998,09/21/1999
KEY CURRICULUMS,INACTIVE,1706 E 29TH ST STE 102,"BRYAN, TX 77802",32019824468,00001,06/01/2006,04/30/2007
KEY TOOLS 'N MORE,INACTIVE,808 E VILLA MARIA RD,"BRYAN, TX 77802",32007286969,00001,09/01/2002,12/31/2003
KEYBOARD CENTER,INACTIVE,3803 S TEXAS AVE,"BRYAN, TX 77802",17421807391,00003,11/26/1983,12/31/1986
KEYBOARD CENTER INC,INACTIVE,MANOR EAST MALL,"BRYAN, TX 77802",17421807391,00001,07/01/1981,03/31/1982
KEYHA DISTRIBUTIONS,INACTIVE,4517 CARTER CREEK PKWY APT 5,"BRYAN, TX 77802",32028038944,00002,04/01/1996,12/31/1998
KEYSER'S INC,INACTIVE,2021 S TEXAS AVENUE,"BRYAN, TX 77802",17417547886,00001,06/01/1973,08/01/1993
KEYSTONE INSTALLATIONS,INACTIVE,3210 BARAK LN # C,"BRYAN, TX 77802",32025570212,00002,08/11/1997,12/31/1997
KEYSTONE MONTESSORI SCHOOL INC,INACTIVE,2320 VILLA MARIA,"BRYAN, TX 77802",30113405374,00001,12/17/1992,12/17/1992
KEYSTONE OIL,INACTIVE,3131 BRIARCREST SUITE 518,"BRYAN, TX 77802",30007470864,00001,07/01/1983,12/31/1983
KF ORIGINAL ART,INACTIVE,1716 BRIARCREST DR STE 120,"BRYAN, TX 77802",32064893103,00001,07/01/2018,06/01/2024
KHAIRALLAH HALAL MEAT LLC,ACTIVE,3525 S TEXAS AVE,"BRYAN, TX 77802",32057251400,00001,07/05/2015,
KIANG MCINTOSH,INACTIVE,1303 BROADMOOR DR,"BRYAN, TX 77802",32025700728,00002,06/06/1995,12/25/2000
KIANG MCINTOSH,INACTIVE,2009 WAYSIDE DR,"BRYAN, TX 77802",32025700728,00001,12/10/1991,12/31/1996
KIDOODLE SHOES,INACTIVE,3801 PARK MEADOW LN,"BRYAN, TX 77802",32020454438,00003,09/01/2006,12/25/2010
KIDS CRAFTS TO GO,INACTIVE,2509 TWISTED OAKS DR,"BRYAN, TX 77802",32010077983,00001,04/23/2001,12/25/2004
KIDS KUTS & FAMILY KUTS,INACTIVE,701 VILLA MARIA-MANOR EAST MALL,"BRYAN, TX 77802",32011034850,00002,01/01/1989,12/30/2001
KIEL SURPLUS INVESTOR,INACTIVE,1710 S TEXAS AVE STE 103,"BRYAN, TX 77802",32019847733,00001,05/23/2006,06/30/2007
KIKU,INACTIVE,804A EAGLE PASS ST,"BRYAN, TX 77802",32015874756,00007,10/01/2004,12/31/2010
KILLGORE GALLERY,INACTIVE,3130 EAST 29TH SUITE B 121,"BRYAN, TX 77802",32008374889,00002,09/02/1984,09/30/1985
KIM BURDITT,INACTIVE,2918 PRAIRIE FLOWER CIR # B,"BRYAN, TX 77802",32029098889,00001,02/08/1994,12/31/1995
KIM CUETO,INACTIVE,412 LESLIE,"BRYAN, TX 77802",32031698411,00001,07/27/1992,07/27/1992
KIM M OEHME,INACTIVE,908 E NORTH AVE,"BRYAN, TX 77802",32024359336,00001,03/06/1991,10/01/1992
KIM SWEET,INACTIVE,2602 BRIAR OAKS,"BRYAN, TX 77802",32020969781,00001,05/26/1992,12/31/1993
KIM XPRESS,INACTIVE,1720 E 29TH ST,"BRYAN, TX 77802",32011819383,00005,03/01/2006,06/30/2009
KIM XPRESS,INACTIVE,1720 E 29TH ST,"BRYAN, TX 77802",32011819383,00004,11/22/2005,11/30/2005
KIM'S ALPHA & OMEGA,INACTIVE,2512 BEXAR GRASS CT,"BRYAN, TX 77802",32029167213,00002,02/15/2011,06/30/2011
KIM'S CREATIONS,INACTIVE,3916 SEMINOLE CT,"BRYAN, TX 77802",32025261929,00001,10/02/1995,12/31/1998
KIM'S HOUSE OF BEAUTY,INACTIVE,2512 BEXAR GRASS CT,"BRYAN, TX 77802",32029167213,00003,04/13/2012,06/30/2013
KIMBERLY CHEYENNE HORTMAN,INACTIVE,3900 E 29TH ST,"BRYAN, TX 77802",32086233569,00001,09/30/2022,
KIMBERLY DAVILA,INACTIVE,1707 LUZA ST,"BRYAN, TX 77802",32053790542,00002,01/01/2020,03/31/2020
KIMBERLY G BAKER,INACTIVE,910 NORTH AVE,"BRYAN, TX 77802",32008119698,00001,12/15/2000,12/25/2002
KIMKRISS,INACTIVE,801 DELLWOOD ST STE 100,"BRYAN, TX 77802",32053790542,00001,10/01/2019,12/31/2019
"KIMLEY-HORN AND ASSOCIATES, INC.",INACTIVE,2800 S TEXAS AVE STE 201,"BRYAN, TX 77802",15608856157,00030,07/01/2017,04/30/2024
KING AND ARTHUR MECHANICAL,INACTIVE,1716 BRIARCREST,"BRYAN, TX 77802",17600641033,00003,03/01/1985,06/30/1986
KING DOLLAR #18,ACTIVE,1903 S TEXAS AVE,"BRYAN, TX 77802",32042263973,00001,10/01/2010,
KING'S CREATIONS,INACTIVE,2601 ARBOR DR,"BRYAN, TX 77802",32021243467,00004,04/01/1993,12/31/1997
KINGDOM ANIMAL HOSPITAL,ACTIVE,824 VILLA MARIA,"BRYAN, TX 77802",32006946076,00001,07/01/1990,
KINGDOM BARBER STUDIO,ACTIVE,4413A S TEXAS AVE # A,"BRYAN, TX 77802",32087164482,00001,03/01/2023,
KINGDOM CONTAINER RENTAL,INACTIVE,1603 E 27TH ST,"BRYAN, TX 77802",32077375098,00001,10/01/2021,
KINGSBERY RESIDENT,INACTIVE,3801 E CREST DR APT 1103,"BRYAN, TX 77802",32013973311,00002,01/01/2013,12/31/2017
KIOWA DRILLING FLUIDS INC,INACTIVE,150 BOONEVILLE RD,"BRYAN, TX 77802",17600219202,00004,10/01/1982,02/28/1983
KIP BRYAN KISSINGER,INACTIVE,3510 OAK VALLEY CIR,"BRYAN, TX 77802",32031350534,00001,12/01/1984,12/31/1986
KIRBY COMPANY OF BRYAN,INACTIVE,820 VILLA MARIA,"BRYAN, TX 77802",32005416667,00002,10/01/1977,06/01/1986
KIRBY SALE & SERVICE,INACTIVE,3210 S TEXAS AVE,"BRYAN, TX 77802",32010636408,00005,04/01/2002,09/30/2010
KIRK T FARMER,INACTIVE,4605 TREADGOLD LN,"BRYAN, TX 77802",32009318828,00001,12/10/2002,12/25/2005
KIRK'S CLEANERS,INACTIVE,3030 E 29TH ST STE 119,"BRYAN, TX 77802",32002171745,00001,02/01/2000,12/01/2017
KIRK'S CLEANERS,INACTIVE,3030 E 29TH ST STE 119,"BRYAN, TX 77802",17429060068,00001,03/18/1999,02/09/2000
KIRK'S CLEANERS,INACTIVE,3030 E 29TH ST STE 119,"BRYAN, TX 77802",17423825276,00001,08/15/1985,03/18/1999
KIRK'S CLEANERS,INACTIVE,3805 S TEXAS AVE,"BRYAN, TX 77802",32002171745,00002,02/01/2001,03/31/2004
KIRKS CLEANERS,INACTIVE,3030 E 29TH ST STE 119,"BRYAN, TX 77802",32036674227,00007,12/27/2017,12/31/2024
KISS IT GOODBYE BUNJIE JUMP,INACTIVE,3 MI E HWY 21 RHS,"BRYAN, TX 77802",32029511790,00001,04/24/1992,01/01/1993
KITCHEN DESIGNS,ACTIVE,1861 BRIARCREST DR,"BRYAN, TX 77802",12036195910,00001,10/01/2006,
KITCHEN DESIGNS,INACTIVE,1861 BRIARCREST DR,"BRYAN, TX 77802",17426937896,00001,01/19/1994,09/30/2006
"KLBM, LLC",ACTIVE,4282 BOONVILLE RD STE 100,"BRYAN, TX 77802",32078813238,00001,04/01/2022,
KLC SCHOOL PARTNERSHIPS #009392,INACTIVE,1307 MEMORIAL DR,"BRYAN, TX 77802",10610970062,00064,02/01/2009,10/01/2017
KLEEN-N-SHINE,INACTIVE,4200 OAKLAWN,"BRYAN, TX 77802",32021971109,00001,04/13/1993,10/01/1993
"KLENR, LLC",INACTIVE,3131 E 29TH ST UNIT K,"BRYAN, TX 77802",32084713463,00002,04/05/2024,08/22/2024
KLING ENGINEERING & SURVEYING,INACTIVE,4101 TEXAS AVE,"BRYAN, TX 77802",32008390893,00001,07/15/1988,10/18/1989
KLING ENGINEERING & SURVEYING,INACTIVE,4101 TEXAS AVE,"BRYAN, TX 77802",17423435712,00001,10/01/1987,07/15/1988
KLING ENGINEERING & SURVEYING,INACTIVE,4101 S TEXAS AVE STE A,"BRYAN, TX 77802",17423309859,00003,09/01/2012,08/30/2019
KLING ENGINEERING & SURVEYING,INACTIVE,4101 S TEXAS AVE STE A,"BRYAN, TX 77802",32008390893,00003,11/01/2001,01/31/2013
KLING ENGINEERING & SURVEYING,INACTIVE,4103 S TEXAS AVE STE 212,"BRYAN, TX 77802",32008390893,00002,11/01/1989,10/31/2001
KLUAY KLUAY THAI RESTAURANT,INACTIVE,3203 FREEDOM BLVD STE 700,"BRYAN, TX 77802",32056953683,00001,05/01/2015,07/31/2017
KLUAY KLUAY THAI RESTAURANT,INACTIVE,3203 FREEDOM BLVD STE 700,"BRYAN, TX 77802",32064393039,00001,08/01/2017,02/29/2020
KLUNKERT & ASSOCIATES INC,INACTIVE,1722 BROADMOOR DR STE 102,"BRYAN, TX 77802",32020515782,00001,12/01/2006,03/31/2008
KMB COMPANY,INACTIVE,903 KASSERMAN,"BRYAN, TX 77802",32031037487,00001,08/19/1991,06/30/1993
KMD PHOTOGRAPHY,INACTIVE,4345 CARTER CREEK PKWY APT 7,"BRYAN, TX 77802",32033847636,00001,07/01/2007,12/31/2008
KNB TECHNOLOGY,INACTIVE,3803 HOLLY DR,"BRYAN, TX 77802",32018760812,00002,01/02/2006,12/31/2006
KNEZEK CONSTRUCTION SERVICES,INACTIVE,3902 E 29TH ST APT A7,"BRYAN, TX 77802",12045735847,00003,12/01/2006,03/31/2008
KNEZEK CONSTRUCTION SERVICES,INACTIVE,801 DELLWOOD ST STE 100,"BRYAN, TX 77802",12045735847,00002,11/01/2006,11/30/2006
KNIGHT TIME GAMES AND HOBBIES,INACTIVE,3725 E 29TH ST,"BRYAN, TX 77802",32033802516,00001,10/01/2007,12/25/2013
KNITTERS HAEFEN,INACTIVE,806 LEE HOLLOW,"BRYAN, TX 77802",32024375399,00001,01/01/1987,03/31/1988
KNOWLEDGE LEARNING ENTERPRISES INC,INACTIVE,4825 COPPERFIELD DR,"BRYAN, TX 77802",17513043699,00193,01/01/2000,11/30/2005
KNOWLEDGE LEARNING ENTERPRISES INC,INACTIVE,3300 PARKWAY TER,"BRYAN, TX 77802",17513043699,00192,01/01/2000,11/30/2005
KNOWLEDGE LEARNING ENTERPRISES INC,INACTIVE,801 MATOUS DR,"BRYAN, TX 77802",17513043699,00189,01/01/2000,11/30/2005
KNOWLEDGE LEARNING ENTERPRISES INC,INACTIVE,4501 CANTERBURY DR,"BRYAN, TX 77802",17513043699,00187,01/01/2000,11/30/2005
KNOWLEDGE LEARNING ENTERPRISES INC,INACTIVE,2200 E VILLA MARIA RD STE 5,"BRYAN, TX 77802",17513043699,00186,12/01/1999,11/30/2005
KOALA 1688 LLC,ACTIVE,3700 S TEXAS AVE STE 550,"BRYAN, TX 77802",32084427734,00001,07/07/2023,
KOCZ CUSTOM PAINTING,INACTIVE,4111 WILLOW OAK ST,"BRYAN, TX 77802",32060656017,00001,06/06/2016,06/30/2018
KOEPPEN IMAGES,INACTIVE,2000 KAZMEIER PLZ APT 9,"BRYAN, TX 77802",32039205409,00001,05/01/2009,06/30/2009
KOESTLER & KOESTLER COMPANY INC,INACTIVE,5003 FAIRFIELD CT,"BRYAN, TX 77802",12006194265,00003,01/01/2009,12/31/2010
KOKOMO'S,INACTIVE,6014 WALDHAM GROVE LN,"BRYAN, TX 77802",32012259423,00003,01/01/2010,09/01/2013
KOLACHE ROLF'S #3,INACTIVE,3105 S TEXAS AVE STE 300,"BRYAN, TX 77802",32009447510,00006,03/06/2006,12/31/2006
KOLACHE ROLF'S #3,INACTIVE,3105 S TEXAS AVE STE 300,"BRYAN, TX 77802",12051907934,00003,01/01/2007,11/30/2008
KONEHEADZ,INACTIVE,1606 S TEXAS AVE,"BRYAN, TX 77802",32019936320,00003,06/09/2006,09/30/2008
KOPY KAT ORIGINALS,INACTIVE,4509 CARTER CREEK PKWY #9,"BRYAN, TX 77802",32025707152,00001,07/01/1992,12/31/1992
KOSMIK EVENTS,ACTIVE,4050 PENDLETON DR APT 418,"BRYAN, TX 77802",32076150864,00001,01/01/2021,
KOTRLA ELECTRIC INC,INACTIVE,1707 BANKSIDE CT,"BRYAN, TX 77802",17419266063,00005,08/01/2001,06/30/2007
KOTRLA ELECTRIC INC,INACTIVE,1507 HOLLOWHILL DR APT D,"BRYAN, TX 77802",17419266063,00004,01/01/2001,07/31/2001
KOUNTRY KLUTTER,INACTIVE,1821B WILDE OAK CIRCLE,"BRYAN, TX 77802",32022746146,00001,10/01/1991,04/01/1994
KOUNTRY KORNER BAKERY & DELI,INACTIVE,6497 FM 1179,"BRYAN, TX 77802",32027967713,00001,06/01/1993,09/30/1994
KOUNTRY KORNER GROCERY,INACTIVE,6 MI E ON FM 1179,"BRYAN, TX 77802",32026233695,00001,07/01/1973,05/31/1993
KRAB KINGZ BCS,INACTIVE,3203 FREEDOM BLVD,"BRYAN, TX 77802",32067150162,00002,05/01/2018,03/31/2023
KRAB KINGZ BRYAN COLLEGE STATION,INACTIVE,3203 FREEDOM BLVD STE 100,"BRYAN, TX 77802",32049031258,00002,04/01/2019,12/31/2020
KRAFT FURNITURE,INACTIVE,702 ROSEMARY,"BRYAN, TX 77802",32025751598,00003,01/01/1991,12/31/1991
KRAFT FURNITURE CO,INACTIVE,3204 SOUTH TEXAS AVE,"BRYAN, TX 77802",17412068359,00005,04/01/1985,03/17/1987
KRAFT FURNITURE DISTRIBUTORS,INACTIVE,3202 S TEXAS AVE,"BRYAN, TX 77802",32025751598,00001,03/02/1987,09/30/1989
KRAFTY KRAKEN,INACTIVE,4475 CARTER CREEK PKWY APT 523,"BRYAN, TX 77802",32082449474,00001,03/01/2022,09/30/2023
KRAIG MARTIN ENTERPRISES,INACTIVE,1500 BROOK HOLLOW DR,"BRYAN, TX 77802",32025646434,00001,09/30/1996,09/29/1997
KRAZY Q,INACTIVE,1425 S TEXAS AVE,"BRYAN, TX 77802",32007738399,00002,07/06/2016,12/25/2018
KREATIONS BY KAREN,INACTIVE,1710 S TEXAS SUITE 102,"BRYAN, TX 77802",32005434900,00006,10/01/1992,08/31/1995
KREATIVE KACTUS,INACTIVE,4150 PENDLETON DR APT 612,"BRYAN, TX 77802",32075561970,00002,10/24/2021,03/31/2022
KREATIVE KHAOS & CO,INACTIVE,4150 PENDLETON DR APT 612,"BRYAN, TX 77802",32075561970,00001,08/01/2020,04/01/2021
KREUZ BARBECUE BRAZOS VALLEY LLC,INACTIVE,768 N EARL RUDDER FWY,"BRYAN, TX 77802",32065647417,00001,01/01/2018,09/30/2018
KREUZ SAUSAGE & BARBECUE - BRYAN,INACTIVE,768 N EARL RUDDER FWY,"BRYAN, TX 77802",32053642081,00001,01/16/2015,03/31/2021
KRISTIAN GUERRERO,INACTIVE,3100 WILDFLOWER DR STE 304,"BRYAN, TX 77802",32086355438,00001,10/01/2022,12/31/2023
KRISTIN'S KREATIONS,INACTIVE,3709 PARK MEADOW LN,"BRYAN, TX 77802",32046927557,00002,10/01/2013,12/25/2021
KRISTY'S KREATIONS,INACTIVE,2308 AVON ST,"BRYAN, TX 77802",32007289963,00001,08/02/2002,01/01/2003
KRM DESIGNS,INACTIVE,801 AVONDALE AVE,"BRYAN, TX 77802",13919365067,00001,01/01/2020,12/31/2022
KRNAVEK GAMING ENTERPRISES,INACTIVE,4050 PENDLETON DR APT 1112,"BRYAN, TX 77802",32038503036,00001,01/31/2009,12/31/2009
KROGER,INACTIVE,601 VILLA MARIA RD,"BRYAN, TX 77802",13103457407,00101,04/01/1967,04/09/1977
KROGER HP-996,INACTIVE,2104 S TEXAS AVE,"BRYAN, TX 77802",13103457407,00178,03/27/1977,12/31/1999
KRYSTALSWITHSUNFLOWERS,ACTIVE,3535 PLAINSMAN LN APT A11,"BRYAN, TX 77802",32081801873,00001,10/25/2021,
KUAY KLUAY THAI RESTAURANT,INACTIVE,3203 FREEDOM BLVD STE 700,"BRYAN, TX 77802",32073340187,00001,03/03/2020,
KURRYIOUS BEAUTY LLC,ACTIVE,3001 WILDFLOWER DR,"BRYAN, TX 77802",32086721928,00001,11/15/2022,
KURT A DANIEL,INACTIVE,2308 WAYSIDE DR,"BRYAN, TX 77802",32030785003,00001,07/01/2015,03/30/2016
KUSTOM KARPET REPAIRS,INACTIVE,2607 WAYSIDE,"BRYAN, TX 77802",32029078766,00002,10/02/1984,03/31/1985
KUSTOM KARPET SERVICE,INACTIVE,2607 WAYSIDE,"BRYAN, TX 77802",32021497774,00002,01/01/1985,12/31/1991
KUSTOM KARPET SERVICE & SUPPLY,INACTIVE,2607 WAYSIDE DR,"BRYAN, TX 77802",32021497774,00003,07/29/1991,03/31/1995
KUSTOM KARPET SUPPLIES,INACTIVE,2607 WAYSIDE,"BRYAN, TX 77802",32029078766,00001,08/18/1982,07/28/1991
KWIK KOPY #118,INACTIVE,3832 S TEXAS AVENUE,"BRYAN, TX 77802",32008815626,00001,03/03/1975,03/31/1988
KYLANKAYEWORSHIP,INACTIVE,2608 E VILLA MARIA RD,"BRYAN, TX 77802",32031956157,00002,04/01/2010,09/30/2011
K2K BRYAN COLLEGE STATION LLC,INACTIVE,910 N EARL RUDDER FWY STE 350,"BRYAN, TX 77802",32061270982,00001,05/25/2017,11/01/2023
K9 HELM CORP.,ACTIVE,4050 PENDLETON DR APT 1224,"BRYAN, TX 77802",32077010919,00001,02/01/2021,
L & D AQUATICS,INACTIVE,800 DELMA DR,"BRYAN, TX 77802",32020168418,00001,08/01/2006,09/30/2015
L & H MUSIC,INACTIVE,4600 S TEXAS,"BRYAN, TX 77802",32004827997,00002,05/02/1972,11/08/1972
L & J WHOLESALE,INACTIVE,2906 PRAIRIE FLOWER CIR # B,"BRYAN, TX 77802",32014922556,00001,06/01/2004,12/31/2004
L & L COLLECTIBLES,INACTIVE,1901 CARTER CREEK PKY,"BRYAN, TX 77802",32026142706,00001,10/01/1994,10/31/1998
L & M PEST CONTROL,INACTIVE,4733 TIFFANY PARK CIR,"BRYAN, TX 77802",32024633888,00001,05/01/2000,05/01/2000
L & N AUTO,INACTIVE,104 S BREWER DR,"BRYAN, TX 77802",32007504817,00001,08/16/2002,03/31/2003
L & R SPORTS COLLECTIBLES,INACTIVE,2508 WILLOW BEND DR,"BRYAN, TX 77802",30114359364,00001,12/01/1990,12/31/1995
L AND J SECURITY INC,INACTIVE,1722 BROADMOOR ST SUITE 120,"BRYAN, TX 77802",17422294136,00001,07/06/1982,12/31/1983
L B J DESIGNS,INACTIVE,902 MITCHELL ST,"BRYAN, TX 77802",32001449431,00001,04/14/1999,11/21/2008
L B UNDERWRITERS,INACTIVE,4213 WILLOW OAK ST,"BRYAN, TX 77802",32020469832,00001,08/24/2006,09/30/2007
L L CUSTOM INTERIORS,INACTIVE,3614 PARK MEADOW LN,"BRYAN, TX 77802",32004529064,00001,03/25/2002,06/30/2007
"L. SHACKELFORD, INC.",INACTIVE,4103 S TEXAS AVE STE 217,"BRYAN, TX 77802",17527220317,00002,08/23/2012,03/31/2014
LA BOTANA MEXICAN RESTAURANT,INACTIVE,2210 E WM J BRYAN PKWY,"BRYAN, TX 77802",18004082543,00001,04/01/2009,02/28/2011
LA BOTANA MEXICAN RESTAURANT,INACTIVE,2210 E WM J BRYAN PKWY,"BRYAN, TX 77802",32037580530,00001,10/01/2008,03/31/2009
LA BOTANA MEXICAN RESTAURANT,ACTIVE,2210 E WM J BRYAN PKWY,"BRYAN, TX 77802",32040728910,00001,03/01/2011,
LA CASA INTERIORS,INACTIVE,806 N ROSEMARY DR,"BRYAN, TX 77802",32025406706,00001,11/06/1978,12/31/1997
LA CONSENTIDA TACO MORE,INACTIVE,3152 BRIAR CREST DR,"BRYAN, TX 77802",32089984614,00001,06/01/2023,06/30/2025
LA IGUANA LOKA,INACTIVE,1124 E VILLA MARIA RD,"BRYAN, TX 77802",32045905109,00006,11/01/2016,09/01/2017
LA PATRONA TACOS Y MAS,ACTIVE,3151 BRIARCREST DR,"BRYAN, TX 77802",32100824807,00001,07/15/2025,
LA RIVIERA RESTAURANT & BAKERY,INACTIVE,3700 S TEXAS AVE STE 300,"BRYAN, TX 77802",32033339345,00001,10/01/2007,07/21/2017
LA SELVA,INACTIVE,2102 WAYSIDE DR,"BRYAN, TX 77802",17426010058,00003,01/01/2005,12/31/2005
LABORATORY CORPORATION OF AMERICA,INACTIVE,3306 E 29TH ST,"BRYAN, TX 77802",18406114845,00135,06/01/2004,03/01/2006
LABYRINTH TECHNOLOGIES/LABTEK SOULUTIONS,INACTIVE,3708 E 29TH ST,"BRYAN, TX 77802",32021006765,00006,07/01/2009,09/30/2012
LADESHIA MORNING,INACTIVE,4050 PENDLETON DR APT 1022,"BRYAN, TX 77802",32071788817,00002,07/21/2020,12/31/2020
LAINA SALON,ACTIVE,704 N ROSEMARY DR,"BRYAN, TX 77802",32066598601,00001,10/01/2019,
LAKESHE M. JOHNSON,INACTIVE,3232 BRIARCREST DR,"BRYAN, TX 77802",32034724891,00002,05/02/2015,05/03/2015
LAMAR & NIKI'S PIT BBQ & SOUL FOOD CAFE,ACTIVE,2516 S TEXAS AVE,"BRYAN, TX 77802",32053398106,00001,05/15/2014,
LAMAR CARPETS INC,INACTIVE,1702 S TEXAS AVENUE,"BRYAN, TX 77802",17418076448,00002,09/01/1976,05/31/1985
LAMAR JR HIGH,INACTIVE,VILLA MARIA ROAD,"BRYAN, TX 77802",17460004397,00003,09/01/1961,06/30/1974
LAMBERT SNACK SALES INC,INACTIVE,2905 VILLA MARIA,"BRYAN, TX 77802",17423886344,00002,01/01/1990,04/01/1995
LAMP LITE PLUS,INACTIVE,1673 BRIARCREST SUITE 103,"BRYAN, TX 77802",32005233427,00003,03/01/1985,06/01/1987
LAMP LITE PLUS,INACTIVE,3813 TANGLEWOOD DR,"BRYAN, TX 77802",32005233427,00005,09/01/2012,01/31/2015
LAMP LITE PLUS,INACTIVE,2402 BROADMOOR BLDG A-104 COPPER CHASE,"BRYAN, TX 77802",32005233427,00004,05/01/1987,08/31/2012
LAMPO UPHOLSTERY,INACTIVE,412 MADELINE DR,"BRYAN, TX 77802",32007589263,00001,01/01/1993,12/31/2005
"LAMPSTAND HEALTH & REHAB OF BYRAN, LLC",INACTIVE,2001 E 29TH ST,"BRYAN, TX 77802",32036546755,00001,06/01/2008,04/01/2015
LAMPSTAND NURSING AND REHABILITATION,ACTIVE,2001 E 29TH ST,"BRYAN, TX 77802",32072035424,00001,10/10/2024,
LANA G WOOD,INACTIVE,4705 HUNINGTON DR,"BRYAN, TX 77802",32048156759,00001,06/11/2012,12/31/2019
LANA WOOD,INACTIVE,4705 HUNINGTON DR,"BRYAN, TX 77802",32007555785,00001,01/24/2002,03/31/2012
LANCE LESTER TESTAMENTARYTRUST,INACTIVE,1700 BROOK HOLLOW DR,"BRYAN, TX 77802",17463195697,00001,10/20/1994,09/30/1995
LANCO,INACTIVE,310 MAY ST,"BRYAN, TX 77802",32007987236,00002,01/01/2008,12/31/2008
"LANCO TECHNICAL SERVICES, INC.",ACTIVE,310 MAY ST,"BRYAN, TX 77802",32036799271,00001,01/01/2009,
LANDMARK CREATIVE IMAGES INC,INACTIVE,2 MI EAST HWY 21,"BRYAN, TX 77802",17425724907,00001,07/01/1990,01/01/1994
LANDSCAPES BY DESIGN,INACTIVE,3900 CARTER CREEK PKWY,"BRYAN, TX 77802",32006486123,00006,07/01/2016,
LANDSCAPING BY JIMMY PARKER,INACTIVE,4301 HYDE PARK LN,"BRYAN, TX 77802",32012012491,00002,06/18/2007,10/31/2008
LANDY LOU'S,INACTIVE,4762 TIFFANY PARK CIR,"BRYAN, TX 77802",32072546800,00001,11/19/2019,03/31/2020
LANEHART CABINET CO INC,ACTIVE,807 DELLWOOD ST,"BRYAN, TX 77802",17416666216,00001,07/01/1970,
LANIER WORLDWIDE,INACTIVE,1706 EAST 29TH STE D,"BRYAN, TX 77802",15926067370,00026,01/01/1990,11/01/1990
LANIER WORLDWIDE INC,INACTIVE,1713 BROADMOOR SUITE 404,"BRYAN, TX 77802",15926067370,00053,06/01/1990,11/01/1992
LANNA THAI RESTAURANT,INACTIVE,3700 S TEXAS AVE STE 900,"BRYAN, TX 77802",32047725091,00001,06/15/2012,07/31/2015
LARRY JOHNSON,INACTIVE,1700 S TEXAS AVE,"BRYAN, TX 77802",32008088497,00003,04/12/2011,04/12/2011
LARS TETEN SHOP . COM,INACTIVE,4009 WILLOW OAK ST,"BRYAN, TX 77802",32022059854,00001,12/10/1998,03/31/1999
LAS CASCADAS,INACTIVE,1601 S TEXAS AVE,"BRYAN, TX 77802",32022070638,00001,01/01/1998,12/31/1998
LAS LOMAS MEXICAN GRILL & CANTINA,INACTIVE,4501 S TEXAS AVE,"BRYAN, TX 77802",12606842560,00001,10/20/2007,09/20/2011
LAS LOMAS MEXICAN GRILL & CANTINA,INACTIVE,4501 S TEXAS AVE,"BRYAN, TX 77802",12027934558,00001,07/01/2005,06/01/2008
LAS MEXICANAS TAQUERIA,ACTIVE,1403 BRIARCREST DR,"BRYAN, TX 77802",32038586817,00002,07/01/2014,
LASER PRECISION,INACTIVE,3902 E 29TH ST APT C13,"BRYAN, TX 77802",32016254388,00001,11/01/2004,12/31/2005
LASER SAVER,INACTIVE,3111 RED ROBIN LOOP,"BRYAN, TX 77802",32008403274,00001,04/03/1992,03/19/1993
LASHES BY JESSI,ACTIVE,930 N ROSEMARY DR,"BRYAN, TX 77802",32093319294,00001,10/01/2023,
LASTING IMPRESSIONS,INACTIVE,3810 COURTNEY CIR,"BRYAN, TX 77802",32027909012,00001,03/11/2011,12/31/2014
LASTING IMPRESSIONS,INACTIVE,3810 COURTNEY CIR,"BRYAN, TX 77802",30118104980,00001,04/04/1996,12/25/1999
LATINO CARWASH,INACTIVE,1425 S TEXAS AVE,"BRYAN, TX 77802",32056794152,00002,06/07/2016,12/31/2017
LATINO HAND CARWASH,INACTIVE,1425 S TEXAS AVE,"BRYAN, TX 77802",32065862966,00001,01/01/2018,
LAURA A TALBOT,INACTIVE,1857 BRIARCREST DR,"BRYAN, TX 77802",32023218947,00001,06/09/1995,12/31/1997
LAURA ANDRESEN,INACTIVE,2601B PECAN RIDGE DR,"BRYAN, TX 77802",32026221112,00002,01/01/1992,12/31/1996
LAURA'S CUSTOM FRAMING,ACTIVE,3644 COPPERCREST DR STE 101,"BRYAN, TX 77802",32023282984,00003,10/01/2016,
LAURCOURT DEVELOPMENT,INACTIVE,2903 CHAPARRAL CIR,"BRYAN, TX 77802",32008932025,00001,02/15/1995,12/25/2010
LAUREN ASHLEY HODGES,INACTIVE,4307 BIRCHCREST LN,"BRYAN, TX 77802",32006272796,00002,01/01/2003,12/31/2004
LAURIE'S TRASH & TREASURES,INACTIVE,3132 E 29TH ST APT 16,"BRYAN, TX 77802",32030114634,00002,09/20/1996,12/31/1996
LAURYL HARVEY PHOTOGRAPHY,ACTIVE,5001 MAROON CREEK DR,"BRYAN, TX 77802",32062352854,00004,07/01/2024,
LAVCO AIRCONDITIONING & HEATING,INACTIVE,2416 VILLA MARIA EAST,"BRYAN, TX 77802",17602136313,00001,04/13/1987,12/31/1991
LAVENDER & LARKSPUR,ACTIVE,2512 TOWERING OAKS DR,"BRYAN, TX 77802",32004859800,00004,10/01/2024,
LAWN DOCTOR OF BRYAN-COLLEGE STATION-BRENHAM,INACTIVE,4128 KNIGHTSBRIDGE LN,"BRYAN, TX 77802",12022822279,00001,01/01/2005,12/31/2005
LAWN STARS,ACTIVE,1110 LAMAR DR,"BRYAN, TX 77802",32025714372,00001,06/01/2015,
LAWNBOY'S OF AGGIELAND,INACTIVE,2412 MORRIS LN,"BRYAN, TX 77802",32056718102,00001,03/09/2015,03/30/2015
LAWNCRAFTERS LAWN SERVICE,INACTIVE,4026 WOODCREST DR,"BRYAN, TX 77802",32031797973,00002,01/01/1998,12/31/1999
LAWNSCAPES BY MEL,INACTIVE,OAK LAKE RD 1 MI S ON FM 2038,"BRYAN, TX 77802",32005938389,00001,04/30/1987,09/01/1992
LAWRENCE MARSHALL ISUZU,INACTIVE,2401 S TEXAS AVE,"BRYAN, TX 77802",13308387482,00008,04/01/1999,06/30/2007
LAWRENCE MARSHALL OLDSMOBILE-CADILLAC-ISUZU,INACTIVE,2401 S TEXAS AVE,"BRYAN, TX 77802",17605946577,00002,04/26/1999,06/26/2000
LAWYERS TITLE COMPANY OF BRAZOS COUNTY,ACTIVE,1673 BRIARCREST DR STE 104B,"BRYAN, TX 77802",17423813603,00003,10/01/1990,
LAWYERS TITLE COMPANY OF BRAZOS COUNTY,INACTIVE,1737 BRIARCREST SUITE 22,"BRYAN, TX 77802",17423813603,00002,10/01/1988,09/17/1990
LB REJUVEN8,ACTIVE,3708 E 29TH ST # 1076,"BRYAN, TX 77802",32089329356,00001,04/17/2023,
LC AUTOMOTIVE REPAIR,INACTIVE,3808 BROCKHAMPTON DR,"BRYAN, TX 77802",32018053986,00002,09/01/2005,09/01/2005
LEAFY STALK,INACTIVE,4405 CARTER CREEK PKWY APT 11,"BRYAN, TX 77802",32069328691,00001,06/20/2019,12/31/2020
LEAH DAVIDSON,ACTIVE,3100 WILDFLOWER DR STE 304,"BRYAN, TX 77802",32095736073,00002,10/01/2025,
LEARNING TECHNOLOGY SYSTEMS INC,INACTIVE,1716 BRIARCREST SUITE 507,"BRYAN, TX 77802",17425578394,00001,07/01/1990,09/30/1994
LEASE TO OWN INC,INACTIVE,725 B E VILLA MARIA STE 102,"BRYAN, TX 77802",17517446245,00013,11/01/1995,11/07/2003
LEASED SHOE DEPT-THE FAIR,INACTIVE,VILLA MARIA DR MANOR E CENTER,"BRYAN, TX 77802",13104742005,00037,08/01/1978,03/31/1982
LEATHER STONE & STEEL CREATIONS,INACTIVE,3928 PARK HURST,"BRYAN, TX 77802",32016349295,00002,12/13/2004,09/30/2005
LEE FREEMAN'S GRAND SLAM,INACTIVE,725 VILLA MARIA RD MANOR EAST MALL,"BRYAN, TX 77802",32025838577,00003,01/01/1990,12/31/1995
LEE FREEMAN'S GRAND SLAM,INACTIVE,1411 BROADMOOR,"BRYAN, TX 77802",32025838577,00002,11/02/1987,12/31/1989
LEGEND'S SPORTSCARDS,INACTIVE,1810 BRIAR OAKS,"BRYAN, TX 77802",32029772079,00001,08/17/1990,12/31/1991
LEGENDARYSTYLEZ,INACTIVE,3609B CHOCTAW ST,"BRYAN, TX 77802",32075656747,00001,11/11/2020,06/30/2021
LEGIONNAIRE TECHNOLOGIES LLC,INACTIVE,5520 SOMERFORD LN,"BRYAN, TX 77802",12616948878,00001,01/11/2008,06/30/2009
LEISURE LODGE,INACTIVE,2001 EAST 29TH,"BRYAN, TX 77802",19523015147,00105,10/01/1979,04/30/1985
LEISURE LODGE BRYAN,INACTIVE,2001 E 29TH,"BRYAN, TX 77802",17104657881,00004,10/01/1975,09/30/1979
LEISURE LODGE HHS,INACTIVE,2001 E 29TH ST,"BRYAN, TX 77802",19523015147,00296,02/01/1983,02/01/1985
LEISURE LODGE HHS,INACTIVE,2001 E 29TH ST,"BRYAN, TX 77802",19537442568,00263,02/01/1983,03/31/1985
LEKMAN'S,INACTIVE,2623D PECAN KNOLL ST,"BRYAN, TX 77802",32021088821,00001,09/22/1995,12/31/1996
LELAND S FREEMAN,INACTIVE,1411 BROADMOOR,"BRYAN, TX 77802",32025838577,00001,12/01/1984,12/31/1984
LEMMOND LAWN CARE,INACTIVE,2401 E BRIARGATE DR,"BRYAN, TX 77802",32055677267,00001,11/17/2014,09/30/2016
LEMON-AIDE,INACTIVE,3716 RAVENWOOD DR,"BRYAN, TX 77802",32009018782,00001,10/30/2002,01/01/2008
LENDING HAND TAX & BUSINESS SERVICE,INACTIVE,1716 BRIARCREST DR STE 310,"BRYAN, TX 77802",32034103112,00005,04/29/2019,11/20/2019
"LENDMARK FINANCIAL SERVICES, LLC",ACTIVE,725 E VILLA MARIA RD,"BRYAN, TX 77802",32046372366,00010,10/01/2021,
LENNY'S SUB SHOP,INACTIVE,3700 S TEXAS AVE STE 550,"BRYAN, TX 77802",32046211911,00001,03/01/2012,08/26/2012
LENNY'S SUB SHOP,INACTIVE,3700 S TEXAS AVE STE 550,"BRYAN, TX 77802",32034073448,00001,05/01/2008,03/01/2011
LENNY'S SUB SHOP,INACTIVE,3700 S TEXAS AVE STE 550,"BRYAN, TX 77802",12745629753,00001,02/14/2011,07/31/2011
LENORE JEANNE ORIGINALS,INACTIVE,714 ENFIELD ST,"BRYAN, TX 77802",32021113892,00001,10/21/1995,01/01/1999
LENWOOD CARTER,INACTIVE,1614 LUZA,"BRYAN, TX 77802",32023957528,00001,10/02/1984,12/31/1985
LEON'S,INACTIVE,2504 KENT,"BRYAN, TX 77802",17418543207,00052,11/01/1988,01/14/1989
LEON'S TRUCK SHOP,INACTIVE,1310 HOPPESS STREET,"BRYAN, TX 77802",32026892029,00001,05/25/1977,06/30/1978
LEONA DRUG STORE,INACTIVE,3833 S TEXAS AVE STE 285,"BRYAN, TX 77802",32034158637,00001,04/01/2009,03/31/2010
LEONARD PAUL DBA PATTERSON CONSTRUCTION COMPANY,INACTIVE,2403 KENT ST,"BRYAN, TX 77802",32021403152,00004,11/06/1995,12/31/1997
LEONARD PAUL--ARTS,INACTIVE,2403 KENT ST,"BRYAN, TX 77802",32021403152,00003,02/09/1994,12/31/1997
LEOTA DESIGNS,INACTIVE,2807 WILDFLOWER DR APT 37,"BRYAN, TX 77802",32040413455,00001,10/10/2009,12/25/2013
LERO CONSTRUCTION CO,INACTIVE,1735 BRIARCREST DR,"BRYAN, TX 77802",17419389691,00001,05/01/1982,03/31/1983
LEROY BALMAIN,INACTIVE,4002 STILLMEADOW,"BRYAN, TX 77802",32023430666,00001,04/01/1992,12/31/1992
LESTER'S,INACTIVE,1700 BROOK HOLLOW DR,"BRYAN, TX 77802",17418388462,00003,10/21/1994,07/01/1995
LESTER'S VILLA MARIA,INACTIVE,2504 KENT,"BRYAN, TX 77802",17418388462,00002,10/01/1975,04/01/1989
LET IT SNO,INACTIVE,1407 BRIARCREST DR,"BRYAN, TX 77802",32030798956,00001,06/09/1995,03/31/1996
LET IT SNOW,INACTIVE,4011 E 29TH ST,"BRYAN, TX 77802",32026792997,00001,08/05/1993,01/01/1995
LEVERT J WALLACE,INACTIVE,2000 KAZMEIER PLZ APT 40,"BRYAN, TX 77802",32047181931,00001,06/05/2012,04/30/2013
LEVI BULLOCK,INACTIVE,2310 BARAK LANE,"BRYAN, TX 77802",32031771838,00001,04/28/1992,06/30/1992
LEWD SUPPLY,ACTIVE,2006 QUAIL HOLLOW DR,"BRYAN, TX 77802",32083118961,00001,02/19/2022,
LEXI LINDAMOOD,INACTIVE,3712 RAVENWOOD DR,"BRYAN, TX 77802",32057920764,00001,08/13/2020,12/01/2020
LEXICAL,INACTIVE,714 INWOOD DR,"BRYAN, TX 77802",32069110271,00001,03/01/2019,06/30/2023
LG SOLAR SCREENS,INACTIVE,1525 E 29TH ST APT 1106,"BRYAN, TX 77802",32018470586,00001,10/31/2005,06/30/2006
LIBATIONS,ACTIVE,725 E VILLA MARIA RD STE 700,"BRYAN, TX 77802",32008119623,00003,07/01/2015,
LIBATIONS,INACTIVE,725 E VILLA MARIA RD STE 700,"BRYAN, TX 77802",32008119623,00002,07/01/2005,06/30/2015
LIBATIONS,INACTIVE,3525 S TEXAS AVE,"BRYAN, TX 77802",32008119623,00001,04/29/2002,07/11/2005
LIBERTY DIALYSIS-BRYAN LLC,ACTIVE,2390 E 29TH ST,"BRYAN, TX 77802",32034055122,00001,10/01/2011,
LIBERTY PROTECTIVE SERVICES INC,INACTIVE,3130 C EAST 29TH SUITE 100,"BRYAN, TX 77802",17602355566,00006,07/01/1989,01/27/1990
LIBERTY SAFES,INACTIVE,4738 RENWICK DR,"BRYAN, TX 77802",32027121865,00002,10/01/1998,10/01/1998
LIBERTY SAFES,INACTIVE,3705 E 29TH ST,"BRYAN, TX 77802",32027121865,00001,08/01/1996,09/30/1998
LIFE LINE PAIN CENTER,INACTIVE,305 S MAIN #212,"BRYAN, TX 77802",32031519484,00002,04/01/1993,05/18/1993
LIFE SYSTEMS,INACTIVE,1525 E 29TH NO 124,"BRYAN, TX 77802",32023595609,00002,12/31/1989,12/31/1990
"LIFESTYLE BRANDING SOLUTIONS, L.L.C.",INACTIVE,801 DELLWOOD ST STE 100,"BRYAN, TX 77802",32050583395,00003,10/01/2020,03/31/2021
LIFESTYLES FITNESS CENTER INC,INACTIVE,3710 E 29TH ST,"BRYAN, TX 77802",17424888471,00002,03/01/1989,12/01/1995
LIFETIME SOLUTIONS NUTRITION CENTER,INACTIVE,2609 TEXAS AVE,"BRYAN, TX 77802",30116325215,00001,05/02/1994,07/01/1994
"LIKE MOTHER, LIKE DAUGHTER",INACTIVE,2007 VINEWOOD DR,"BRYAN, TX 77802",32007885794,00005,01/01/1999,12/25/2003
LIL' COUNTRY MOUSE HOUSE,INACTIVE,2512B PECAN RIDGE DR,"BRYAN, TX 77802",32044819152,00001,08/14/2011,12/25/2013
LILY RUBY ART,INACTIVE,4012 KENWOOD DR,"BRYAN, TX 77802",32065440722,00001,08/30/2017,01/01/2020
LIMITLESS DIESEL & OFFROAD,ACTIVE,2604 ARBOR DR,"BRYAN, TX 77802",32044097874,00002,01/01/2014,
LINCARE INC,ACTIVE,3601 E 29TH ST STE 11,"BRYAN, TX 77802",15928529005,00075,10/15/2001,
LINDA A DORSETT FUNDRAISING,INACTIVE,1825 A WILDE OAK CIRCLE,"BRYAN, TX 77802",32025863997,00001,10/10/1994,10/11/1994
LINDA ALLEN & ASSOCIATES,INACTIVE,4700 WESTMINSTER DR,"BRYAN, TX 77802",32010095969,00004,03/01/1999,12/25/2018
LINDA ALLEN & ASSOCIATES,INACTIVE,3613 SUNNYBROOK,"BRYAN, TX 77802",32010095969,00001,04/01/1981,03/31/1986
LINDA GOERGER,INACTIVE,4709 KENSINGTON RD,"BRYAN, TX 77802",32009340079,00001,01/01/1993,07/31/2002
LINDA H SEVY,INACTIVE,2141 E VILLA MARIA,"BRYAN, TX 77802",32032143318,00001,11/01/1993,11/01/1993
LINDA J KAPUSNIAK,INACTIVE,4109 KNIGHTSBRIDGE LN,"BRYAN, TX 77802",32005838555,00001,01/15/1997,12/25/2006
LINDA'S GIFTS AND MORE,INACTIVE,3203 SANDPIPER CIR,"BRYAN, TX 77802",32016526447,00001,01/13/2005,12/31/2005
LINDSAY MANCUSO,INACTIVE,2310 WINDSOR DR,"BRYAN, TX 77802",32053755644,00001,10/27/2014,03/31/2016
LINDSAYS WRAP AND READY,INACTIVE,3113 BROADMOOR DR,"BRYAN, TX 77802",32049858650,00001,02/01/2013,12/25/2014
LINDSEY'S JEWELERS,INACTIVE,MANOR EAST MALL,"BRYAN, TX 77802",17419389576,00001,10/20/1977,08/30/1987
LION PRINTS,INACTIVE,725 E VILLA MARIA MANOR EAST MALL #203,"BRYAN, TX 77802",32031831251,00002,01/01/1999,12/31/2001
"LIONS PRIDE PRODUCTIONS, LLC",ACTIVE,3705 STILLMEADOW DR,"BRYAN, TX 77802",32071608551,00001,01/01/2020,
LIOTTA LAWN & LANDSCAPING,INACTIVE,3613 SOUTHVIEW CIR,"BRYAN, TX 77802",32019853665,00001,05/23/2006,03/31/2008
LIOTTA LAWN SERVICES,INACTIVE,3807 WOODMERE DR,"BRYAN, TX 77802",32019853665,00003,12/01/2010,09/30/2012
LIPPERT CONSTRUCTION,INACTIVE,802 ENFIELD ST,"BRYAN, TX 77802",32022115425,00001,01/20/1992,06/30/1995
LIQUI-DRIL CHEMICALS INC,INACTIVE,2504 MEMORIAL DR,"BRYAN, TX 77802",17421213483,00001,09/01/1980,08/22/1985
LIQUOR SALES,INACTIVE,1901 S TEXAS AVE # 101,"BRYAN, TX 77802",32043728131,00002,06/01/2013,01/28/2016
LIQUOR SALES,INACTIVE,1901 S TEXAS AVE STE 101,"BRYAN, TX 77802",32012563014,00024,05/20/2013,12/25/2015
LISA STITCHES AND PRINTS,INACTIVE,1604 E 25TH ST,"BRYAN, TX 77802",32079043728,00001,05/12/2021,03/30/2024
"LISAM AMERICA, INC.",ACTIVE,3131 E 29TH ST STE E,"BRYAN, TX 77802",32041784979,00001,06/01/2010,
LITES OF AVALON,ACTIVE,2303 HILLSIDE DR,"BRYAN, TX 77802",32004243807,00001,01/03/2002,
LITHIA CHRYSLER JEEP DODGE OF BRYAN,INACTIVE,301 N EARL RUDDER FWY,"BRYAN, TX 77802",12046645276,00001,06/01/2006,06/30/2007
LITHIA CJD OF BRYAN/COLLEGE STATION,ACTIVE,301 N EARL RUDDER FWY,"BRYAN, TX 77802",12604179197,00001,07/01/2007,
LITIGATION CLAIMS SERVICE,INACTIVE,4525 KENSINGTON RD,"BRYAN, TX 77802",32011052068,00001,04/01/2003,01/01/2004
LITTLE BARN PRODUCTIONS,INACTIVE,812 ENFIELD ST,"BRYAN, TX 77802",32009397855,00002,07/15/2003,06/30/2006
LITTLE BLUE PAPER SHOP,INACTIVE,3717 BRIGHTON DR,"BRYAN, TX 77802",32032056742,00003,01/21/2014,06/30/2015
LITTLE CAESARS PIZZA,ACTIVE,801 DELLWOOD ST # 200,"BRYAN, TX 77802",32042982614,00001,02/22/2011,
LITTLE CAESARS PIZZA TREAT BRAZOS CO,INACTIVE,1905 BRIARCREST SUITE 120,"BRYAN, TX 77802",32022443835,00001,12/15/1985,12/31/1991
LITTLE CLOUDS,ACTIVE,3780 COPPERFIELD DR APT 1131,"BRYAN, TX 77802",32075261860,00001,08/20/2020,
LITTLE JOE'S JANITORIAL,INACTIVE,1403 A BRIARCREST,"BRYAN, TX 77802",32005155885,00001,10/01/1987,09/30/1988
LITTLE JOE'S JANITORIAL,INACTIVE,902 STANDFIELD,"BRYAN, TX 77802",32005155885,00002,10/01/1988,09/30/1993
LITTLE MISS C,ACTIVE,1803 BRIAR OAKS DR,"BRYAN, TX 77802",32006886074,00001,12/01/1986,
LITTLE RED SCHOOL HOUSE ARTS & CRAFTS,INACTIVE,3808A S TEXAS AVE,"BRYAN, TX 77802",32010090572,00003,03/01/2008,09/30/2009
LIVE SEAFOOD,INACTIVE,3409 S TEXAS AVE,"BRYAN, TX 77802",32022065752,00003,01/01/1987,03/15/1994
LIVEWIRE PRODUCTIONS INC,INACTIVE,2511 TWISTED OAKS DR,"BRYAN, TX 77802",32034251598,00001,07/01/2009,06/30/2014
"LIVEWIRE PRODUCTIONS, INC.",INACTIVE,1716 BRIARCREST DR STE 303,"BRYAN, TX 77802",32034251598,00002,07/01/2014,12/31/2015
LJS OPCO TWO,ACTIVE,3224 S TEXAS AVE,"BRYAN, TX 77802",32060769174,00013,03/01/2017,
LJS RESTAURANTS INC,INACTIVE,3224 S TEXAS AVE,"BRYAN, TX 77802",14120583993,00072,12/26/2002,03/01/2007
LLOYD JOYCE AGRI SERVICES,INACTIVE,2405 KENT,"BRYAN, TX 77802",32008998588,00001,08/02/1971,06/30/1972
LOANSTAR FUNDING GROUP INC,INACTIVE,2504 KENT ST,"BRYAN, TX 77802",17428638286,00001,02/01/2000,09/30/2006
LOANSTAR SYSTEMS LP,INACTIVE,2504 KENT ST,"BRYAN, TX 77802",12036224231,00001,11/01/2005,12/31/2006
LOBO AERO LLC,INACTIVE,5002 WINCHESTER DR,"BRYAN, TX 77802",12028006836,00001,06/01/2005,12/29/2006
LOBSTER FESTIVAL,INACTIVE,3232 BRIARCREST DR,"BRYAN, TX 77802",17405312053,00006,09/25/2012,09/25/2012
LOBSTER FESTIVAL,INACTIVE,3232 BRIARCREST DR,"BRYAN, TX 77802",17405312053,00006,09/24/2007,09/24/2007
LOBSTER FESTIVAL,INACTIVE,3232 BRIARCREST DR,"BRYAN, TX 77802",17405312053,00006,09/21/2008,09/21/2008
LOBSTER FESTIVAL,INACTIVE,3232 BRIARCREST DR,"BRYAN, TX 77802",17405312053,00006,09/20/2009,09/20/2009
LOBSTER FESTIVAL,INACTIVE,3232 BRIARCREST DR,"BRYAN, TX 77802",17405312053,00006,09/19/2010,09/19/2010
LOBSTER FESTIVAL,INACTIVE,3232 BRIARCREST DR,"BRYAN, TX 77802",17405312053,00006,09/25/2011,09/25/2011
LOCAL PC SHOP,INACTIVE,2908 ELISE LN,"BRYAN, TX 77802",32053870070,00001,05/28/2014,06/02/2014
"LOCKE SCIENCE PUBLISHING COMPANY, INCORPORATED",INACTIVE,2710 ARBOR DR,"BRYAN, TX 77802",17425523796,00001,10/01/1990,
LOCKER ROOM,INACTIVE,800 VILLA MARIA,"BRYAN, TX 77802",32031181715,00001,09/01/1980,12/31/1987
LOGAN D MCDONALD,INACTIVE,2503 BRIARWOOD CIR,"BRYAN, TX 77802",32025506281,00001,06/23/2000,12/31/2001
LOGICAL PLANS INC,INACTIVE,3833 TEXAS AVE STE 130,"BRYAN, TX 77802",17421595798,00006,08/01/1990,09/30/1995
LOGICAL PLANS INC,INACTIVE,1707 BROADMOOR STE 200,"BRYAN, TX 77802",17421595798,00004,04/01/1989,07/31/1990
LOGICAL PLANS INC,INACTIVE,2320 E VILLA MARIA RD,"BRYAN, TX 77802",17421595798,00002,10/01/1987,03/31/1989
LOHSE'S ELECTRONIC SERVICE,INACTIVE,4217 CARTER CREEK PARKWAY,"BRYAN, TX 77802",32009290647,00001,05/01/1992,08/25/1994
LOIS A MANN,INACTIVE,5629 CHELSEA CIR,"BRYAN, TX 77802",32029269837,00006,05/01/1996,05/31/1996
"LOIS M. HANSEN, M.A., L.P.C., L.P.",INACTIVE,3131 E 29TH ST STE F,"BRYAN, TX 77802",32001548075,00001,08/01/2009,08/31/2014
LOLA FLEITAS GUM PASTE FLOWERS,INACTIVE,1600 BARAK LANE,"BRYAN, TX 77802",32022048063,00002,02/10/1992,12/31/1993
LOLA FLEITAS GUM PASTE FOWERS,INACTIVE,1600 BARAK LN,"BRYAN, TX 77802",32022048063,00001,09/01/1986,12/31/1988
LONE STAR CAR WASH,INACTIVE,3301 SOUTH TEXAS AVE,"BRYAN, TX 77802",17424133050,00001,10/02/1986,10/02/1986
LONE STAR COMPUTER SERVICE,INACTIVE,3723 E 29TH ST STE 127,"BRYAN, TX 77802",32021879609,00001,01/14/1993,12/31/1997
LONE STAR DETAIL,INACTIVE,1119 WINTER,"BRYAN, TX 77802",32029216325,00001,02/22/1994,01/01/1995
LONE STAR EXPRESS,INACTIVE,4012 SHAWNEE CIR,"BRYAN, TX 77802",32008549837,00005,04/01/2003,12/31/2004
LONE STAR FENCING,INACTIVE,3923 OLD OAKS DR APT 7,"BRYAN, TX 77802",32024179734,00002,06/01/1998,06/30/1998
LONE STAR INDUSTRIAL TOOL COMPANY,INACTIVE,2415 MEMORIAL DRIVE,"BRYAN, TX 77802",32019762726,00004,07/01/1990,07/01/1994
LONE STAR LANDCARE,INACTIVE,3609 HOLLY DR,"BRYAN, TX 77802",32005474922,00002,01/01/2005,04/30/2013
LONE STAR MACHINE SHOP,INACTIVE,1602 W 24TH STREET,"BRYAN, TX 77802",32005390292,00001,01/01/1987,06/20/1989
LONE STAR PAWN & BARGAIN CENTER,INACTIVE,2610 S TEXAS AVE,"BRYAN, TX 77802",32007120119,00004,11/15/2002,05/31/2004
LONE STAR PAWN & BARGAIN CENTER,INACTIVE,2610 S TEXAS AVE,"BRYAN, TX 77802",32015191169,00002,06/01/2004,01/12/2007
LONE STAR PEST MANAGEMENT,ACTIVE,4740 BROMPTON LN,"BRYAN, TX 77802",32018883945,00001,02/01/2006,
LONE STAR SOTRAGE CENTER,ACTIVE,1079 N EARL RUDDER FWY,"BRYAN, TX 77802",12080813053,00001,01/01/2007,
LONE STAR TECHNOLOGIES,INACTIVE,3130 E 29TH ST APT E-8,"BRYAN, TX 77802",32029098616,00001,06/05/1995,04/01/1996
"LONESTAR HORTICULTURAL SERVICES, INC.",INACTIVE,4500 CARTER CREEK PKWY STE 101,"BRYAN, TX 77802",32019250029,00001,05/01/2006,01/31/2022
LONG JOHN SILVER #11,INACTIVE,3224 S TEXAS AVE,"BRYAN, TX 77802",32021545937,00011,02/22/2007,02/28/2018
LONG JOHN SILVERS SEAFOOD SHOPPE #5240,INACTIVE,3224 S TEXAS AVE,"BRYAN, TX 77802",32060910760,00130,07/01/1977,12/31/2002
LONGNECK LIQUOR,INACTIVE,3001 WILDFLOWER DR STE 711,"BRYAN, TX 77802",32052534529,00001,01/01/2014,01/29/2015
LOOKIN' GOOD,INACTIVE,2304 MORNINGSIDE,"BRYAN, TX 77802",32025926208,00007,10/01/1993,12/31/1993
LOOKIN' GOOD,INACTIVE,1921 WAYSIDE,"BRYAN, TX 77802",32025926208,00006,07/07/1993,09/30/1993
LOOKING GLASS CRAFTS,INACTIVE,2601 ARBOR DRIVE,"BRYAN, TX 77802",32021243467,00003,10/01/1986,12/19/1991
LOOKING GLASS CRAFTS,INACTIVE,3601 E 29TH ST SUITE 4,"BRYAN, TX 77802",32021243467,00001,04/01/1981,09/30/1986
LORA LYNN BROWN COOVES,INACTIVE,4009 GLENN OAKS DR,"BRYAN, TX 77802",32044437583,00001,06/12/2011,12/31/2013
LORETTA'S CRAFTS,INACTIVE,1857 BRIARCREST DR,"BRYAN, TX 77802",32029237297,00001,10/24/1995,12/31/1996
LORI'S HOSPITAL GIFT SHOPS #281,ACTIVE,2801 FRANCISCAN DR,"BRYAN, TX 77802",17522170160,00057,09/01/2007,
LOS CUCOS MEXICAN CAFE,ACTIVE,920 N EARL RUDDER FWY,"BRYAN, TX 77802",32034639529,00001,11/01/2010,
LOS MOLCAJETES,INACTIVE,725 E VILLA MARIA RD STE 100,"BRYAN, TX 77802",32025317580,00001,02/01/2007,03/30/2014
LOS MOLCAJETES MEXICAN FOOD,INACTIVE,725 E VILLA MARIA RD STE 100,"BRYAN, TX 77802",32018546880,00001,05/12/2006,01/31/2007
LOS TRE HERMANOS,INACTIVE,891 N EARL RUDDER FWY,"BRYAN, TX 77802",32080337689,00001,08/01/2021,
LOUELLA'S LEGACY,INACTIVE,2323 DE LEE ST APT 33,"BRYAN, TX 77802",32006500089,00002,08/09/2002,12/31/2002
LOUISA'S GIFTS,INACTIVE,1606A BARAK LN,"BRYAN, TX 77802",32008823968,00001,01/31/2002,12/25/2008
LOUISE O TUREK CRAFTS,INACTIVE,3904 OAK BLUFF CIR,"BRYAN, TX 77802",32023495289,00001,01/20/1977,12/03/1996
LOULABELLE,INACTIVE,806 VINE ST,"BRYAN, TX 77802",32062542462,00001,04/01/2016,12/31/2018
LOUNGE MART,INACTIVE,1720 E 29TH ST,"BRYAN, TX 77802",32077105610,00001,02/01/2021,06/30/2021
"LOVE REIGNS, LLC",INACTIVE,2909 HILLSIDE DR,"BRYAN, TX 77802",32074117980,00001,05/01/2020,09/04/2021
LOVELACE WOODCRAFTS,INACTIVE,2103 HILLSIDE DR,"BRYAN, TX 77802",32008030044,00001,02/06/1991,12/31/2004
LOW PRO SALES,INACTIVE,701 ELLEN LEE,"BRYAN, TX 77802",32030075090,00001,05/30/1990,10/17/1991
LOW WOOD SMOKING LLC,INACTIVE,1313 BRIARCREST DR,"BRYAN, TX 77802",32084717241,00002,08/01/2022,04/17/2023
"LOWE'S HOME CENTERS, LLC #103",ACTIVE,3225 FREEDOM BLVD,"BRYAN, TX 77802",15607483581,00031,05/01/1996,
LP WEB BRANDING,INACTIVE,2300 BROADMOOR DR APT 30,"BRYAN, TX 77802",32043630931,00001,02/18/2011,03/31/2014
LPL CONSTRUCTION COMPANY,INACTIVE,3609 E 29TH ST,"BRYAN, TX 77802",32025018428,00002,01/01/1990,12/31/1993
LPL CONSTRUCTION COMPANY,INACTIVE,2206 WINDSOR DR,"BRYAN, TX 77802",32025018428,00004,10/01/2000,12/31/2000
LPL CONSTRUCTION COMPANY,INACTIVE,1814 GREENFIELD PLZ,"BRYAN, TX 77802",32025018428,00003,01/01/1994,09/30/2000
LPL CONSTRUCTION COMPANY,INACTIVE,2206 WINDSOR,"BRYAN, TX 77802",32025018428,00001,09/08/1989,12/31/1989
LRS ENTERPRISES,INACTIVE,2809 APPLE CREEK CIR,"BRYAN, TX 77802",32009039507,00003,04/01/1994,12/31/2003
"LS HOTEL, LLC",INACTIVE,3608 E 29TH ST STE 100,"BRYAN, TX 77802",32051170846,00001,07/11/2013,10/30/2015
"LSCM #236, LLC",INACTIVE,3700 S TEXAS AVE STE 550,"BRYAN, TX 77802",32044641416,00001,08/27/2012,09/09/2012
LSCM 236 LLC,INACTIVE,3700 S TEXAS AVE STE 550,"BRYAN, TX 77802",14527207873,00001,07/09/2011,02/12/2012
LTAC,INACTIVE,602 ESTHER BLVD,"BRYAN, TX 77802",14530634170,00001,10/01/2011,12/31/2015
LTJ'S ACCESSORIES,INACTIVE,2809 APPLE CREEK CIR,"BRYAN, TX 77802",32009039507,00010,01/01/2010,08/01/2010
LTJ'S BAR-B-QUE,INACTIVE,2809 APPLE CREEK CIR,"BRYAN, TX 77802",32009039507,00009,09/01/2007,12/31/2009
LU SCARMARDO DECORATING CONSUL,INACTIVE,3801 WOODMERE DR,"BRYAN, TX 77802",32030797917,00001,10/04/1990,12/31/1998
LUBY'S BEVCO INC,INACTIVE,2695 IH 10 EAST,"BEAUMONT, TX 77802",17428744522,00035,11/01/2000,02/28/2002
LUBY'S BEVCO INC,INACTIVE,4401 S TEXAS AVE,"BRYAN, TX 77802",17428744522,00037,11/01/2000,02/28/2002
LUBY'S CAFETERIA,INACTIVE,4401 S TEXAS AVE,"BRYAN, TX 77802",17413352539,00028,01/01/1992,01/31/1997
LUBY'S CAFETERIA #47,INACTIVE,4401 S TEXAS AVE,"BRYAN, TX 77802",17428026565,00027,02/01/1997,12/31/2022
LUBY'S CAFETERIAS,INACTIVE,4401 S TEXAS AVENUE,"BRYAN, TX 77802",30116430098,00039,02/01/1977,01/01/1992
LUCIA K DALE,INACTIVE,2901B PRAIRIE FLOWER CIR,"BRYAN, TX 77802",32028179797,00001,07/07/1995,12/30/1996
LUCIANA M COULBOURN,INACTIVE,714 MARY LAKE DR,"BRYAN, TX 77802",32025755482,00001,03/06/1991,12/31/1992
LUCILLE'S BRIDAL SHOPPE,INACTIVE,1103 VILLA MARIA,"BRYAN, TX 77802",32009488399,00004,04/01/1978,12/31/1987
LUCKY HORSE METAL WORKS,INACTIVE,3502 OAK VALLEY CIR,"BRYAN, TX 77802",32044579699,00001,07/06/2011,12/31/2011
LUCY'S SANDWICH PARLOR,INACTIVE,2611 E 29TH ST,"BRYAN, TX 77802",32015983011,00001,10/18/2004,11/07/2005
LUKE SMITH,INACTIVE,4106 MEADOWBROOK DR,"BRYAN, TX 77802",32067884406,00001,07/26/2018,06/30/2021
LUKE SMITH SURVEYING LLC,ACTIVE,4106 MEADOWBROOK DR,"BRYAN, TX 77802",32079738764,00001,07/08/2021,
LUKES BARTENDING SERVICE,INACTIVE,108 S BREWER DR,"BRYAN, TX 77802",32044868118,00001,09/01/2011,12/31/2015
LULLABY PORTRAITS,INACTIVE,4050 PENDLETON DR APT 1111,"BRYAN, TX 77802",32020267137,00003,04/08/2013,12/27/2014
LUNGTRAINER.COM,INACTIVE,2402 BROADMOOR DR STE C101,"BRYAN, TX 77802",32010884156,00001,03/03/2003,09/30/2006
LUSH REVERIE,ACTIVE,4212 PEREGRINE WAY,"BRYAN, TX 77802",32043586687,00003,08/01/2025,
LUSHY LOU BOUTIQUE,INACTIVE,4050 PENDLETON DR APT 1114,"BRYAN, TX 77802",32081556626,00001,09/16/2021,
LUTHERAN WOMEN'S MISSIONARY LEAGUE TEXAS DISTRICT,INACTIVE,4221 BOONVILLE RD,"BRYAN, TX 77802",12375406753,00010,07/16/2012,12/31/2013
LUXURY NAILS & TAN,INACTIVE,3030 E 29TH ST STE 120,"BRYAN, TX 77802",32010779307,00001,09/08/1999,12/31/2001
LUXURY NAILS & TAN,INACTIVE,3030 E 29TH ST STE 120,"BRYAN, TX 77802",32010719790,00003,07/15/2001,12/25/2004
"LUXURY RESALE GROUP, INC.",INACTIVE,1822 GREENFIELD PLZ STE B,"BRYAN, TX 77802",32043705931,00001,06/12/2011,06/30/2011
LW VENDING,INACTIVE,4200 GREEN VALLEY DR,"BRYAN, TX 77802",32008952171,00003,02/01/2006,09/30/2016
LYNN'S BEAUTY SUPPLY & MORE,INACTIVE,3731 E 29TH ST,"BRYAN, TX 77802",32011968404,00001,09/01/2003,03/31/2004
LYNX PRODUCTS,INACTIVE,3810 COURTNEY CIR,"BRYAN, TX 77802",32025551964,00002,10/01/1994,06/30/1996
LYON'S LAWN SERVICE & MAINTENANCE,INACTIVE,2100 WINDSOR DR APT 3,"BRYAN, TX 77802",32019917247,00001,06/01/2006,06/01/2006
LYRICAL CAFE,INACTIVE,3709B ELLIOTT ST,"BRYAN, TX 77802",32011131888,00001,06/01/2003,03/31/2004
LYTLE'S COMICS & GAMES,INACTIVE,710 N ROSEMARY DR,"BRYAN, TX 77802",32023573051,00002,01/01/1996,12/31/1998
"LZ DISTRIBUTORS, LLC",INACTIVE,702 ESTHER BLVD,"BRYAN, TX 77802",32091447758,00001,04/01/2024,
M & A FURNITURE,INACTIVE,1409 WOODLIN,"BRYAN, TX 77802",32019295032,00001,03/09/2006,09/30/2006
M & J COMPANY,INACTIVE,1300 BRIARCLIFF APT #116,"BRYAN, TX 77802",32005269223,00002,01/01/1986,12/25/1986
M & M CLEANING SERVICE,INACTIVE,1525 E 29TH ST APT 509,"BRYAN, TX 77802",32012343466,00001,09/19/2003,06/30/2004
M & M ENTERPRISE,INACTIVE,3218 WILDLIFE CIR,"BRYAN, TX 77802",32026389893,00001,09/01/1999,12/31/2001
M & M TURF FARMS INC,INACTIVE,1201 N TEXAS AVE,"BRYAN, TX 77802",17600316024,00005,06/01/1987,09/30/1987
M & M TURF FARMS INC,INACTIVE,1714 E 29TH ST,"BRYAN, TX 77802",17600316024,00001,07/01/1982,08/01/1992
M & M VIDEO,INACTIVE,1853 BRIARCREST DR,"BRYAN, TX 77802",17423497555,00003,01/01/1986,01/24/1989
M & M VIDEO,INACTIVE,3601 E 29TH STE 2,"BRYAN, TX 77802",17423497555,00001,08/01/1984,12/31/1985
M & N CLEANING SERVICE,INACTIVE,4513 CARTER CREEK PKWY APT 5,"BRYAN, TX 77802",32025800924,00006,06/01/1997,08/31/1997
"M B ""FLIP"" FLIPPEN",INACTIVE,1733 BRIARCREST DR STE 211,"BRYAN, TX 77802",32009493621,00001,08/15/1988,12/31/1995
M G SUPPLY CO,INACTIVE,709 E NORTH AVE,"BRYAN, TX 77802",32031888012,00002,01/01/1986,12/31/1993
M M DEANS FRAME SHOP,INACTIVE,2120 KAZMEIER,"BRYAN, TX 77802",32009000822,00001,10/01/1979,12/31/1979
M S LAWN SERVICE,INACTIVE,3900 SIERRA CT,"BRYAN, TX 77802",32025678940,00001,04/01/1999,12/31/1999
M S M,INACTIVE,1602 E 28TH ST,"BRYAN, TX 77802",32009831846,00001,06/14/2002,12/31/2006
M W CUSTOM JEWELRY,INACTIVE,726 EAGLE PASS ST,"BRYAN, TX 77802",32032417787,00003,01/01/1981,12/25/2000
M.B.S. CHIROPRACTIC & WELLNESS LLC,ACTIVE,2751 NASH ST STE 140,"BRYAN, TX 77802",32090932792,00002,08/01/2025,
M&M DELIVERY & CATERING,INACTIVE,2606 S TEXAS AVE,"BRYAN, TX 77802",32074129167,00001,05/18/2020,12/31/2023
M&M ENTERPRISES ONLINE LLC,ACTIVE,6202 WALDHAM GROVE LN,"BRYAN, TX 77802",32076793580,00001,12/01/2020,
M&M TURF FARMS INC,INACTIVE,3805 OLD KURTEN RD,"BRYAN, TX 77802",17600316024,00004,08/01/1986,05/31/1987
M-B WEARABLE ART,INACTIVE,1856 BRIARCREST DR,"BRYAN, TX 77802",32023629234,00005,11/01/1993,12/31/1996
M-C TRUCKING,INACTIVE,CORNER OF HWY 6 SOUTH FEEDER RD AND DEER PARK DR,"BRYAN, TX 77802",32007994570,00001,10/22/2001,12/31/2005
M-K EXOTIC BIRDS,INACTIVE,12558 SISCO LANE,"BRYAN, TX 77802",30115559319,00001,05/11/1993,01/01/1994
M'LYNN JOHNSON DESIGNS,INACTIVE,4003 WOODBRIAR DR,"BRYAN, TX 77802",32041856579,00001,05/17/2010,12/31/2012
MAC OILFIELD SERVICES,INACTIVE,255 MARINO RD,"BRYAN, TX 77802",17426007591,00001,05/01/1991,04/30/1993
"MACHINE DRIVEN SERVICES, LLC.",ACTIVE,4103 S TEXAS AVE STE 207,"BRYAN, TX 77802",32064639340,00001,09/03/2017,
MACK BLINDS,INACTIVE,2709 TODD ST,"BRYAN, TX 77802",32014664513,00001,04/01/2004,03/28/2006
MACK FIREARMS,INACTIVE,2507A PECAN RIDGE DR,"BRYAN, TX 77802",32007733192,00003,03/21/2012,06/30/2013
MACKEY TRAILER SALES,INACTIVE,200 YDS E CITY LIMITS HWY 21 E,"BRYAN, TX 77802",32010548215,00002,04/17/1982,12/31/1984
MACOUTURE AND MORE,INACTIVE,2610 MORRIS LN,"BRYAN, TX 77802",32015203477,00002,10/01/2005,03/31/2006
MACRESOURCE COMPUTERS,INACTIVE,3828 S TEXAS AVE,"BRYAN, TX 77802",32006832656,00002,08/22/1988,08/31/2019
MACRESOURCE COMPUTERS OF TEXAS,INACTIVE,3828 S TEXAS AVE,"BRYAN, TX 77802",32005986941,00002,01/01/2010,12/31/2014
MADDEN SECURITY AND SALES,INACTIVE,3807 WINDRIDGE DR,"BRYAN, TX 77802",32033505093,00001,09/01/2007,12/11/2007
"MADISON CONSTRUCTION, L.P.",ACTIVE,1640 BRIARCREST DR STE 125,"BRYAN, TX 77802",17427439611,00002,08/01/1997,
MADISON KENNEDY PHOTOGRAPHY,INACTIVE,4701 WARWICK LN,"BRYAN, TX 77802",32077810797,00001,01/01/2022,03/31/2025
MAE WE QUILT,ACTIVE,913 WESTVIEW ST,"BRYAN, TX 77802",32087744614,00001,01/01/2023,
MAE-B CERAMICS,INACTIVE,60 PROSPECT LANE,"BRYAN, TX 77802",32005620599,00002,02/19/1986,03/31/1986
MAE-B CERAMICS,INACTIVE,6 PROSPECT LANE,"BRYAN, TX 77802",32005620599,00003,04/01/1986,06/30/1986
MAGGS / PHILLIPS,INACTIVE,3030 E 29TH ST STE 106,"BRYAN, TX 77802",17429037694,00001,12/17/1999,12/17/1999
MAGIC BROOM HOME CLEANING INC,INACTIVE,2300 BROADMOOR,"BRYAN, TX 77802",17423997463,00001,10/01/1987,03/31/1989
MAGIC TOUCH,ACTIVE,3803 S TEXAS AVE # A,"BRYAN, TX 77802",32008857404,00001,01/01/1994,
MAGNOLIA AND VINE BY JOYCE,INACTIVE,5303 DRAYCOTT CT,"BRYAN, TX 77802",32064634374,00001,11/05/2017,12/31/2017
MAGNUM WIRELESS INC,INACTIVE,804 E VILLA MARIA RD,"BRYAN, TX 77802",32042345515,00009,02/01/2016,07/01/2019
MAHER 365 LLC,INACTIVE,3601 E 29TH ST STE 6,"BRYAN, TX 77802",32093785346,00001,05/03/2024,03/31/2025
MAIDPRO,ACTIVE,4444 CARTER CREEK PKWY STE 100,"BRYAN, TX 77802",32039211167,00004,10/01/2017,
MAIN STREET COFFEE & TRADING CO,INACTIVE,3000 BRIARCREST DR,"BRYAN, TX 77802",10105853211,00002,10/01/2003,12/23/2003
MAIN TRACK,INACTIVE,1802 CARTER CREEK PARKWAY,"BRYAN, TX 77802",17420424115,00002,07/01/1982,12/25/1986
MAJOR SMILES,INACTIVE,2606 OSLER BLVD,"BRYAN, TX 77802",10108542050,00091,02/01/2021,04/01/2023
MAKAI WELLNESS,ACTIVE,1716 BRIARCREST DR FL 3,"BRYAN, TX 77802",32067616584,00001,08/01/2018,
MAKE A STAND BULLY RESCUE,ACTIVE,2805 BURR OAKS CIR,"BRYAN, TX 77802",32082506612,00001,01/01/2022,
MAKE IT SPECIAL,INACTIVE,2637  W BRIARGATE,"BRYAN, TX 77802",17428135457,00002,07/01/1998,12/31/2000
MAKE YOUR MARK,INACTIVE,3819 E 29TH,"BRYAN, TX 77802",30113466798,00002,01/01/1991,12/31/1992
MALEK SERVICE COMPANY,INACTIVE,6/10 MI OFF FM 1179 ON GRASSBUR RD,"BRYAN, TX 77802",32027693293,00001,01/01/1990,06/01/1993
MALLARD'S,INACTIVE,819 S ROSEMARY DR,"BRYAN, TX 77802",32010119934,00001,02/15/1995,12/18/2016
MALLETT BUSINESS MACHINES INC,INACTIVE,3832 S TEXAS AVENUE,"BRYAN, TX 77802",17418942037,00004,01/01/1991,05/01/1992
MAMA'S INVESTMENTS,INACTIVE,2902 BROADMOOR DR,"BRYAN, TX 77802",32033330435,00001,07/16/2007,12/25/2009
MAMBO CAFE,INACTIVE,1902 VILLA MARIA,"BRYAN, TX 77802",32031489522,00001,02/24/1992,02/24/1992
MAN'S SPORTS MEMORABILIA,INACTIVE,1673 BRIARCREST DR STE 104,"BRYAN, TX 77802",32050958035,00001,05/14/2013,12/31/2013
MANAGED NETWORK SOLUTIONS INC,INACTIVE,4001 EAST 29TH ST STE 170I,"BRYAN, TX 77802",17428606432,00002,07/01/1998,12/31/1998
MANAGEMENT TRAINING SYSTEMS,INACTIVE,2508 OAK CIRCLE,"BRYAN, TX 77802",17422957609,00003,01/01/1987,12/31/1987
MANCO FURNITURE,INACTIVE,714 MARY LAKE,"BRYAN, TX 77802",32029744789,00002,01/01/1993,03/31/1995
MANE STORY,ACTIVE,3100 WILDFLOWER DR STE 304,"BRYAN, TX 77802",32076239691,00001,10/20/2020,
MANELEE BEAUTY,INACTIVE,4409 CARTER CREEK PKWY APT 4,"BRYAN, TX 77802",32078043562,00001,03/11/2021,12/31/2021
MANLEY RECOVERY SERVICES,INACTIVE,2402 BROADMOOR DR STE DII -107,"BRYAN, TX 77802",32043055139,00001,01/01/2010,12/25/2012
MANNING'S,INACTIVE,1605 BROOK HOLLOW DR,"BRYAN, TX 77802",32050233009,00002,05/15/2017,06/30/2017
MANOR EAST MALL CRAFT SHOW,INACTIVE,VILLA MARIA RD,"BRYAN, TX 77802",30116201614,00001,11/26/1993,11/26/1993
MANOR ROYAL,INACTIVE,1204 GARDEN LANE,"BRYAN, TX 77802",32031317640,00003,10/08/1982,05/22/1985
MANPOWER AUTOMATION TRAINING CENTER,INACTIVE,1401 SANDIA PLZ,"BRYAN, TX 77802",17422390876,00004,01/01/1992,05/17/1999
MANPOWER TEMPORARY SERVICES,INACTIVE,3410 E 29TH ST,"BRYAN, TX 77802",13918370696,00096,05/01/2004,12/31/2013
MANPOWER TEMPORARY SERVICES,INACTIVE,1401 SANDRA PLAZA,"BRYAN, TX 77802",13918370696,00089,06/01/1999,04/30/2004
MANRY AUTO REPAIR,INACTIVE,300 S BRYAN,"BRYAN, TX 77802",32025346878,00004,04/01/1986,04/10/1991
MANTHEI SIGN ART,INACTIVE,5809 KNIGHTSBRIDGE LN,"BRYAN, TX 77802",32008593793,00003,01/01/2012,12/31/2014
MARBLE SLAB CREAMERY,INACTIVE,3203 FREEDOM BLVD STE 500,"BRYAN, TX 77802",17428947380,00002,08/01/1999,12/31/2000
MARBLE SLAB CREAMERY,INACTIVE,3203 FREEDOM BLVD STE 500,"BRYAN, TX 77802",17606600991,00002,01/01/2001,06/30/2003
MARBLE SLAB CREAMERY,INACTIVE,3203 FREEDOM BLVD STE 500,"BRYAN, TX 77802",10304825960,00002,11/01/2002,12/31/2002
MARGARET HALVORSON DANCEWEAR,INACTIVE,1673 BRIARCREST DRIVE TRAVIS LANDING,"BRYAN, TX 77802",32007098380,00001,06/11/1991,05/31/2005
MARGO'S ANTIQUES & COLLECTIBLES,INACTIVE,4344 CARTER CREEK PARKWAY,"BRYAN, TX 77802",17420464269,00001,10/01/1982,12/25/1986
MARGO'S LAMODE INC,INACTIVE,739 VILLA MARIA ROAD,"BRYAN, TX 77802",17509495259,00052,12/02/1972,03/31/1984
MARGO'S 888,INACTIVE,739 VILLA MARIA ROAD,"BRYAN, TX 77802",13102719807,00026,04/01/1984,04/05/1987
MARGO'S 888,INACTIVE,739 VILLA MARIA RD,"BRYAN, TX 77802",13111972009,00040,04/05/1987,06/01/1991
MARIA LOURDES DESOUZA,INACTIVE,2104 LAZY OAKS LN,"BRYAN, TX 77802",32005797983,00002,01/01/2003,06/15/2021
MARIAH CASALES,INACTIVE,702 ELLEN LEE CT,"BRYAN, TX 77802",32080639555,00001,09/01/2021,06/30/2024
MARIAN J POPE,INACTIVE,2707 ARBOR DR,"BRYAN, TX 77802",32006885779,00002,07/20/2000,12/31/2002
MARIE A PRIHODA,INACTIVE,3801 TANGLEWOOD DR,"BRYAN, TX 77802",32007400875,00001,06/01/1993,12/25/2005
MARIE VICK,INACTIVE,2105 VINEWOOD DR,"BRYAN, TX 77802",32025861074,00002,11/09/1988,11/09/1988
MARIE VICK,INACTIVE,2105 VINEWWOOD DR,"BRYAN, TX 77802",32025861074,00001,03/15/1988,03/15/1988
MARIE YOUNG,INACTIVE,3809 STILLMEADOW DR,"BRYAN, TX 77802",32015249595,00001,08/18/1995,12/31/1998
MARIE'S UNIQUES GIFTS,INACTIVE,2513 BROADMOOR DR,"BRYAN, TX 77802",32009705495,00002,01/01/2010,12/25/2012
MARINO'S CUSTOM CYCLE,INACTIVE,3803A S TEXAS AVE,"BRYAN, TX 77802",32008648894,00004,10/01/1997,02/01/1998
MARINO'S CUSTOM RODS,INACTIVE,1101 RUSKIN DR,"BRYAN, TX 77802",32008648894,00008,07/01/2010,04/30/2021
MARINO'S CUSTOM RODS,INACTIVE,1708 ROSE ST,"BRYAN, TX 77802",32008648894,00006,07/21/2003,09/30/2003
MARIO & SON'S PIZZERIA,INACTIVE,1673 BRIARCREST STE B102,"BRYAN, TX 77802",17425676008,00002,05/02/1991,10/15/1991
MARK A KOENIG,INACTIVE,4406 MEADOWBROOK DR,"BRYAN, TX 77802",32029322453,00003,01/01/1992,06/01/1997
MARK A VAN VELZOR,INACTIVE,6205 TRELLICK CT,"BRYAN, TX 77802",32030424397,00006,08/01/2012,12/25/2015
MARK CLEM PHOTOGRAPHY,INACTIVE,1200 SUL ROSS DR,"BRYAN, TX 77802",32010881236,00001,01/01/2003,12/31/2005
MARK CLEM PHOTOGRAPHY,INACTIVE,1200 SUL ROSS DR,"BRYAN, TX 77802",32006098712,00002,07/01/2002,12/31/2002
MARK DENNIS,INACTIVE,3608 A FORRESTWOOD,"BRYAN, TX 77802",32026221468,00001,03/23/1994,12/31/1994
MARK LINDSAY,INACTIVE,1307 MEMORIAL DRIVE,"BRYAN, TX 77802",32029077800,00002,01/01/1987,01/01/1987
MARK STADELMAN,INACTIVE,713 EDGEWOOD,"BRYAN, TX 77802",32028987223,00001,05/07/1993,12/31/1993
MARK SYKES PHOTOGRAPHY,INACTIVE,3030 E 29TH ST STE 120,"BRYAN, TX 77802",32010378241,00006,04/01/1995,09/30/1998
MARK WEAVER,INACTIVE,1929 COUNTRY CLUB DR,"BRYAN, TX 77802",32006466877,00001,02/01/1999,06/30/2006
MARKED BOUTIQUE LLC,INACTIVE,4211 HARDING CT,"BRYAN, TX 77802",32074923510,00001,09/27/2020,12/01/2020
MARKET CITY,INACTIVE,3211 S TEXAS AVE,"BRYAN, TX 77802",32030716255,00007,01/01/1994,09/20/1994
MARKET PRODUCTS,INACTIVE,3606 WESTERN ST APT A,"BRYAN, TX 77802",32016129432,00001,11/12/2004,12/31/2004
MARKETING CONCEPTS,INACTIVE,608A CACHE CV,"BRYAN, TX 77802",32010829326,00002,01/01/2002,12/31/2002
MARKETING SOUTHWEST,INACTIVE,1716 BRIARCREST DR,"BRYAN, TX 77802",32025721559,00001,11/24/1993,07/31/1994
MARLA EBERT,ACTIVE,907 NORTH AVE,"BRYAN, TX 77802",32094200113,00001,04/01/2024,
MAROON TRANSPORTATION LLC,INACTIVE,3608 E 29TH ST STE 202,"BRYAN, TX 77802",32033964753,00001,06/01/2013,06/03/2013
MARSHALL'S COLLECTABLES,INACTIVE,3 1/2 MI E OF HWY 30 ON ELMO WEEDON RD,"BRYAN, TX 77802",32009616783,00001,01/01/1990,03/31/1991
MARSHALLS #1427,ACTIVE,725 E VILLA MARIA RD STE 1100,"BRYAN, TX 77802",10430680982,00198,09/01/2018,
MARTELL AVIATION CORPORATION,INACTIVE,3833 TX AVE SUITE 100,"BRYAN, TX 77802",30007786483,00001,11/30/1984,11/30/1984
MARTHA ANN MARTIN,INACTIVE,4005 SHAWNEE CIR,"BRYAN, TX 77802",32012094572,00001,08/19/2003,12/31/2003
MARTIN POWERS PUBLISHING,INACTIVE,801 DELLWOOD ST STE 100,"BRYAN, TX 77802",32044447889,00001,07/01/2011,12/31/2011
MARTIN THOMPSON & AMOS P C,INACTIVE,4500 CARTER CREEK PARKWAY SUITE 201,"BRYAN, TX 77802",17422428155,00001,07/01/1988,10/31/1990
MARTINEZ CLEANING SERVICE,INACTIVE,306 MESA DR,"BRYAN, TX 77802",32004510965,00001,02/10/2009,03/31/2009
MARTINEZ FLOOR COVERING,INACTIVE,1614 OAKVIEW ST,"BRYAN, TX 77802",32005171544,00001,10/01/1996,06/30/2000
MARU HAIR SALON,INACTIVE,806 E VILLA MARIA RD,"BRYAN, TX 77802",32047266641,00001,03/09/2012,07/24/2021
MARU HAIR SALON,INACTIVE,806 E VILLA MARIA RD,"BRYAN, TX 77802",32080314944,00001,08/01/2021,12/31/2022
MARWAY BUSINESS SERVICES INC,INACTIVE,2729A E 29TH ST,"BRYAN, TX 77802",17429487691,00001,03/01/2000,12/25/2013
MARY ANN BATTEN,INACTIVE,2312 LONG DR,"BRYAN, TX 77802",32029686162,00001,10/01/1992,06/30/1994
MARY BERRY,INACTIVE,4202 WINCHESTER DR,"BRYAN, TX 77802",32006617826,00003,04/01/2013,12/30/2014
MARY BRANCH ELEMENTARY SCHOOL PARENT TEACHER ORGAN,INACTIVE,2040 VILLA MARIA,"BRYAN, TX 77802",30115492248,00001,09/07/1992,12/31/2023
MARY FRANK'S ANTIQUES,INACTIVE,900 BOB WHITE ST,"BRYAN, TX 77802",32007652400,00001,10/16/1981,12/31/2012
MARY GRIMALDO,INACTIVE,3800 E 29TH ST APT 11,"BRYAN, TX 77802",32030658283,00001,03/11/1996,12/31/1996
MARY INGRAM,INACTIVE,2144 KAZMEIER PLZ,"BRYAN, TX 77802",32029574822,00001,08/11/1995,12/31/1996
MARY J LOWTHER,INACTIVE,105 N BROWN ST,"BRYAN, TX 77802",32036751058,00001,05/01/2008,12/31/2010
MARY REEDY,INACTIVE,720 MARY LAKE DR,"BRYAN, TX 77802",32007649455,00001,04/10/2000,12/31/2001
MARY T SARAGOSA,INACTIVE,1633B PRAIRIE DR,"BRYAN, TX 77802",32009919013,00002,01/01/2001,03/31/2002
MARY'S CERAMICS,INACTIVE,4108 MEADOWBROOK DR,"BRYAN, TX 77802",32019063554,00001,02/06/2006,12/25/2007
MARYE BARRETT DESIGN,INACTIVE,2704 PINEHURST CIR,"BRYAN, TX 77802",32007743787,00001,04/01/1978,12/31/2004
MASCARAG,INACTIVE,2309 BRISTOL ST,"BRYAN, TX 77802",32008047469,00002,06/01/1995,12/31/2005
MASSPEC INC,INACTIVE,3707 WARREN CIR,"BRYAN, TX 77802",17419359736,00001,01/24/1978,06/30/1980
MASTER YAKINIKU,INACTIVE,3700 S TEXAS AVE,"BRYAN, TX 77802",32057892377,00001,12/01/2015,
MASTER'S AUTO GLASS,INACTIVE,735 EAGLE PASS #9,"BRYAN, TX 77802",32004843655,00001,10/18/1982,09/30/1983
MATERIAL THINGS,INACTIVE,2101 BARAK APT # 22,"BRYAN, TX 77802",32008752803,00001,04/29/1991,12/31/1991
MATERNITY N STYLE,INACTIVE,4403 S TEXAS AVE,"BRYAN, TX 77802",32009018436,00001,12/01/2002,12/31/2003
MATERNITY WAREHOUSE OUTLET INC #266,INACTIVE,1673-A BRIARCREST DR,"BRYAN, TX 77802",12321229051,00010,09/15/1985,08/31/1986
MATHEW HAND,INACTIVE,4050 EASTCHESTER DR,"BRYAN, TX 77802",32078061945,00001,04/01/2021,04/01/2025
MATOUS LEATHER,INACTIVE,2302 BURTON DR,"BRYAN, TX 77802",32049858361,00001,04/06/2013,12/31/2017
MATRIX SECURITY & FIRE SERVICE,INACTIVE,4103 S TEXAS AVE STE 104,"BRYAN, TX 77802",32008167689,00001,10/29/1993,10/31/1996
MATRIX SECURITY & FIRE SERVICE,ACTIVE,4348 CARTER CREEK PKWY STE 103,"BRYAN, TX 77802",32008167689,00004,06/01/1998,
MATRIX SECURITY & FIRE SERVICE,INACTIVE,2705 BARAK LN,"BRYAN, TX 77802",32008167689,00003,10/01/1997,05/31/1998
"MATRIX SOFTWARE, INC.",INACTIVE,1401 SANDIA PLZ,"BRYAN, TX 77802",17430571996,00001,10/01/2002,03/31/2021
MATTRESS BY APPOINTMENT AGGIELAND,INACTIVE,3517 S TEXAS AVE,"BRYAN, TX 77802",32087998061,00002,03/01/2023,03/14/2024
MATTRESS KING,INACTIVE,2017 S TEXAS AVE,"BRYAN, TX 77802",32022819851,00001,02/15/1999,01/07/2000
MATTRESS 1 ONE,INACTIVE,712 E VILLA MARIA RD STE 100,"BRYAN, TX 77802",32050400863,00125,08/01/2016,06/01/2018
MATTRESSES CHEAPER,INACTIVE,3203 FREEDOM BLVD STE 100,"BRYAN, TX 77802",12017684544,00001,11/18/2004,04/17/2005
MAURICES # 1698,ACTIVE,3121 WILDFLOWER DR STE 300,"BRYAN, TX 77802",11329406778,00029,07/24/2008,
MAUVE CHIC BOUTIQUE,ACTIVE,1404 PRAIRIE DR,"BRYAN, TX 77802",32076022162,00001,09/16/2020,
MAX FOOD MART,ACTIVE,890 N EARL RUDDER FWY,"BRYAN, TX 77802",17426767426,00007,05/08/1997,
MAX FOOD MART #106,INACTIVE,890 N EARL RUDDER FWY,"BRYAN, TX 77802",32049099420,00001,12/01/2012,12/31/2021
MAXCOM,INACTIVE,4400 KINGSDALE DR,"BRYAN, TX 77802",32079944933,00001,07/08/2021,
MAXIMUM AIR,INACTIVE,2300 BROADMOOR DR APT 60,"BRYAN, TX 77802",32021967255,00002,12/01/2006,12/31/2006
MAYA COSMETICS LLC,INACTIVE,21 GRAMERCY PARK DR APT 1514,"BRYAN, TX 77802",32059290000,00001,08/01/2016,01/31/2019
MAYDAN COSMETICS LLC,INACTIVE,21 GRAMERCY PARK DR APT 1514,"BRYAN, TX 77802",32059568520,00001,02/15/2016,08/31/2016
MAYME HAZLE EASTERLING,INACTIVE,3132 E 29TH ST APT 37,"BRYAN, TX 77802",32017757439,00001,07/01/2005,01/01/2006
MB CUSTOM GIFTS,INACTIVE,709 INWOOD DR,"BRYAN, TX 77802",32089068541,00001,03/01/2023,
MBS CHIROPRACTIC & WELLNESS,INACTIVE,1700 E VILLA MARIA RD,"BRYAN, TX 77802",32090932792,00001,09/29/2023,07/31/2025
MC CLAIN'S RENTALS,INACTIVE,2516 S TEXAS AVE,"BRYAN, TX 77802",32021878791,00002,01/01/1987,02/28/1999
MCCARROLL DESIGNS,INACTIVE,2213 E BRIARGATE DR,"BRYAN, TX 77802",32025822258,00001,08/01/1989,12/31/2000
MCCAW CABLE VIEW,INACTIVE,3609 S TEXAS AVENUE,"BRYAN, TX 77802",30008278746,00001,07/01/1984,12/31/1984
MCCLURE & BROWNE ENGINEERING/SURVEYING INC,INACTIVE,1722 BROADMOOR DR STE 210,"BRYAN, TX 77802",17422133961,00001,10/01/1987,06/30/2000
MCCORD & COMPANY,INACTIVE,1305 EAST 31ST,"BRYAN, TX 77802",30008648484,00002,10/01/1991,12/31/1992
MCCORD CLEANING,INACTIVE,1004 S COULTER,"BRYAN, TX 77802",17426585679,00001,01/04/1993,01/05/1993
MCCORD TECHNOLOGY SERVICES,INACTIVE,720 GARDEN ACRES BLVD,"BRYAN, TX 77802",32044505975,00001,07/15/2011,09/30/2011
MCCURDY # ASSOCIATES INC,INACTIVE,2402 BROADMOOR DR STE 103,"BRYAN, TX 77802",17429412798,00001,01/01/2000,06/01/2002
MCDONALD'S,INACTIVE,2200 BRIARCREST DR,"BRYAN, TX 77802",17601595774,00011,03/08/1996,02/01/2003
MCDONALD'S #13249,INACTIVE,2200 BRIARCREST DR,"BRYAN, TX 77802",32004533926,00008,08/22/2010,04/30/2014
MCDONALD'S #3653,INACTIVE,2800 BRIARCREST (WALMART),"BRYAN, TX 77802",13627845087,00309,12/01/2002,08/23/2010
MCDONALD'S #4336,INACTIVE,825 E VILLA MARIA RD,"BRYAN, TX 77802",32004533926,00009,08/22/2010,04/30/2014
MCDONALDS #13249,ACTIVE,2200 BRIARCREST DR,"BRYAN, TX 77802",32042363708,00005,04/16/2014,
MCDONALDS #4336,ACTIVE,825 E VILLA MARIA RD,"BRYAN, TX 77802",32042363708,00004,04/16/2014,
MCDONALDS/SPRINGCO SIX,INACTIVE,2200 BRIARCREST DR,"BRYAN, TX 77802",32013799492,00003,09/16/1993,03/07/1996
"MCGEE SERVICES, LLC",INACTIVE,3700 S TEXAS AVE STE 550,"BRYAN, TX 77802",32048750247,00001,09/10/2012,06/30/2014
"MCMAHON PROPERTY GROUP, LLC",ACTIVE,3320 LEGACY CT,"BRYAN, TX 77802",32039061885,00001,04/01/2024,
MCMURRY OIL TOOLS INC,INACTIVE,3603 COLSON ROAD,"BRYAN, TX 77802",17602860805,00010,01/01/1993,08/01/1993
MCVIDEO SPECIAL PROJECTS,INACTIVE,3723 E 29TH ST # 216,"BRYAN, TX 77802",32021605566,00004,01/01/1995,12/31/1998
MDS MARKETING,INACTIVE,1715 LUZA ST,"BRYAN, TX 77802",17429841962,00001,01/01/2001,09/30/2001
MDS MARKETING,INACTIVE,1715 LUZA ST,"BRYAN, TX 77802",32032491469,00002,11/24/2000,12/31/2000
MDX SAFETY TRAINING & CONSULTING,INACTIVE,1722 BROADMOOR DR STE 202,"BRYAN, TX 77802",32069283466,00001,01/01/2019,12/31/2019
"MDX SAFETY TRAINING, CONSULTING, & SERVICES, INC.",ACTIVE,1722 BROADMOOR DR STE 202,"BRYAN, TX 77802",32053767805,00003,11/14/2017,
ME AND MY GANG,INACTIVE,3605 OLD OAKS DR,"BRYAN, TX 77802",12740165241,00002,01/01/2013,12/31/2014
MEADOR RAINBOW SALES & SERVICE,INACTIVE,4010 STILLMEADOW DR,"BRYAN, TX 77802",32028539842,00003,01/01/1997,12/31/1997
MEATSPACE,INACTIVE,3517 GREEN RIDGE CIR,"BRYAN, TX 77802",32043387706,00001,01/17/2011,06/30/2011
"MED SOUTHWEST, PLLC",ACTIVE,3201 UNIVERSITY DR E STE 140,"BRYAN, TX 77802",32069175423,00012,02/03/2020,
MED-OX SPECIALTIES INC,INACTIVE,2410 MORRIS LN,"BRYAN, TX 77802",17426830620,00001,10/08/1993,12/31/1998
MEDI-CARE EQUIPMENT SPECIALTIES INC,INACTIVE,1411 MEMORIAL DR,"BRYAN, TX 77802",17422934962,00008,03/15/2005,08/31/2011
MEDI-CARE EQUIPMENT SPECIALTIES INC,ACTIVE,2308 E VILLA MARIA RD,"BRYAN, TX 77802",17422934962,00007,05/01/2005,
MEDI-WEIGHTLOSS BRYAN/COLLEGE STATION,ACTIVE,3851 CORPORATE CENTER DR STE 117,"BRYAN, TX 77802",32089895141,00001,10/13/2025,
MEDIC PRESS,INACTIVE,3801 COURTNEY,"BRYAN, TX 77802",32009904650,00001,08/08/1975,09/30/1975
MEDICAL RENTAL SERVICE INC,INACTIVE,3811 E 29TH ST,"BRYAN, TX 77802",17513153753,00004,01/01/1972,03/31/1975
MEDICAL RENTAL SERVICE INC,INACTIVE,1403 MEMORIAL DR,"BRYAN, TX 77802",17513153753,00008,04/01/1975,11/19/1975
MEDICAL SALES & RENTALS,INACTIVE,1411 MEMORIAL DR,"BRYAN, TX 77802",17423216591,00001,07/01/1984,04/30/2007
MEDLEY'S,INACTIVE,3706 E 29TH,"BRYAN, TX 77802",17423536279,00001,04/01/1985,03/31/1989
MEDLEY'S,INACTIVE,3706 E 29TH,"BRYAN, TX 77802",17412498325,00001,02/20/1978,03/31/1985
MEGABYTE COMPUTERS,INACTIVE,3902 E 29TH ST # H-10,"BRYAN, TX 77802",32030176666,00001,05/29/1997,12/25/1998
MEGMC PHOTOGRAPAHY,INACTIVE,2639 SYMPHONY PARK DR,"BRYAN, TX 77802",32053934736,00001,05/08/2014,12/31/2017
MEIER COMPUTERS,INACTIVE,2920 KENT ST APT 202,"BRYAN, TX 77802",32010011776,00002,05/01/1999,03/31/2004
MEL'S SOUTHERN SASS,INACTIVE,3727 RAVENWOOD DR,"BRYAN, TX 77802",32052444059,00001,01/01/2014,03/31/2014
MELBA'S SHOWCASE GIFTS,INACTIVE,4105 TANGLEWOOD DR,"BRYAN, TX 77802",17413924618,00006,04/01/1997,12/31/2002
MELISSA &GREG'S CLEANING SERVICE,INACTIVE,1912 VINEWOOD,"BRYAN, TX 77802",30115353689,00001,08/01/1992,12/31/1993
MELISSA IVIE,INACTIVE,3620A CHOCTAW ST,"BRYAN, TX 77802",32023787289,00001,05/08/1995,04/01/1996
MELISSA J WERTZ-LATIMER,INACTIVE,3300 CARTER CREEK PKWY,"BRYAN, TX 77802",32022479946,00001,03/01/1994,12/31/1994
MELISSA LITUMA,INACTIVE,3232 BRIARCREST DR,"BRYAN, TX 77802",32040471537,00001,10/17/2009,10/17/2009
MELODY HOUSE,INACTIVE,2611 E 29TH ST,"BRYAN, TX 77802",32007633350,00005,01/16/1982,06/30/1983
MELTING POT AFRICAN-CARIBBEAN CATERING SERVICE,INACTIVE,6203 QUEENSLOCK CIR,"BRYAN, TX 77802",32039794279,00001,07/01/2009,12/31/2010
MELVIN E GREENWALDT,INACTIVE,1618 BARAK LN,"BRYAN, TX 77802",32031299731,00002,06/15/1987,06/19/1989
MEMAW'S,INACTIVE,2804 CAMELOT DR,"BRYAN, TX 77802",32016186911,00001,12/04/2004,01/01/2005
MEMES TREASURES,INACTIVE,3602 STILLMEADOW DR,"BRYAN, TX 77802",32048323045,00001,04/01/2012,12/31/2017
MEMORIAL DR CAFE & DELI,INACTIVE,1403 MEMORIAL DR,"BRYAN, TX 77802",32025301634,00001,11/16/1994,06/30/1995
MEMORIAL DRIVE CAFE & DELI,INACTIVE,1403 MEMORIAL DR,"BRYAN, TX 77802",32028010505,00001,07/01/1995,07/25/1997
MEMORIAL DRIVE CAFE & DELI,INACTIVE,1403 MEMORIAL DR,"BRYAN, TX 77802",32019580706,00001,07/28/1997,12/31/1997
MEMORIES,INACTIVE,2608 ARBOR DR,"BRYAN, TX 77802",32024468848,00001,06/01/1992,12/25/2000
MEMORIES MADE WITH KELLY,ACTIVE,4109 PEREGRINE CT,"BRYAN, TX 77802",32072028767,00001,01/01/2023,
MEN IN KILTS BCS,INACTIVE,4444 CARTER CREEK PKWY STE 100,"BRYAN, TX 77802",32072754933,00001,04/01/2020,09/30/2022
MEN'S LEADERSHIP MINISTRIES INC,INACTIVE,3000 BRIARCREST DR STE 312,"BRYAN, TX 77802",17106910809,00001,04/01/1998,04/15/2001
MENA PLUMBING COMPANY,INACTIVE,2705 VILLA MARIA RD,"BRYAN, TX 77802",32032357306,00003,11/01/1987,02/01/1992
MENA PLUMBING COMPANY,INACTIVE,2705 E VILLA MARIA RD,"BRYAN, TX 77802",17426213991,00002,01/01/2009,09/30/2014
MENA PLUMBING SUPPLY,INACTIVE,2705 E VILLA MARIA RD,"BRYAN, TX 77802",17426213991,00001,01/01/1992,06/30/2001
MENT MARKETING & CREATIVE SERVICES,ACTIVE,2401 E BRIARGATE DR,"BRYAN, TX 77802",32067618341,00001,06/26/2018,
MERCATO 4,INACTIVE,890 N EARL RUDDER FWY,"BRYAN, TX 77802",32085594730,00001,08/01/2022,
MERCURY CAPITAL CORP,INACTIVE,1816 GREENFIELD,"BRYAN, TX 77802",17422759203,00001,02/28/1987,02/28/1987
MERCURY CAPITAL SALES & SERVICES CORP,INACTIVE,1816 GREENFIELD,"BRYAN, TX 77802",17423352594,00002,01/01/1987,09/30/1987
MERCURY CAPITAL SALES & SERVICES CORP,INACTIVE,2800 TEXAS AVENUE SUITE 300,"BRYAN, TX 77802",17423352594,00001,11/05/1984,01/01/1987
MERCY MOUNTAIN MERCANTILE,INACTIVE,903 JANE LANE,"BRYAN, TX 77802",32028337205,00001,06/01/1994,06/02/1994
MERIDIAN PUBLICATIONS INCORPORATED,INACTIVE,1814-7 WILDE OAK CIRCLE,"BRYAN, TX 77802",18702068927,00001,01/01/1986,12/25/1986
MERLE BANDSMA,INACTIVE,3535 PLAINSMAN LN APT E67,"BRYAN, TX 77802",32033330864,00001,07/16/2005,12/25/2008
MERLE NORMAN COSMETICS STUDIO,INACTIVE,818 VILLA MARIA,"BRYAN, TX 77802",17421875174,00002,07/01/1981,01/01/1994
MERLE'S CERAMICS,INACTIVE,1211 E 30TH,"BRYAN, TX 77802",32026160419,00001,05/25/1982,12/31/1992
MERLE'S CERAMICS,INACTIVE,1211 E 30TH ST,"BRYAN, TX 77802",32026160419,00002,08/01/1996,12/31/1999
MERRY MAIDS B/CS,INACTIVE,1800 GREENFIELD PLZ,"BRYAN, TX 77802",12600261965,00001,01/01/2002,09/29/2002
MERRY MAIDS OF BRYAN / COLLEGE STATION,INACTIVE,1800 GREENFIELD PLZ,"BRYAN, TX 77802",32028033879,00001,04/01/1999,12/31/2001
MESSINA HOF DESIGNS,INACTIVE,18 MILES OUT OF CITY,"BRYAN, TX 77802",32028337627,00004,01/01/1991,02/28/1991
MESSINA HOF VINEYARDS,INACTIVE,18 MI E OF E BYPASS,"BRYAN, TX 77802",32028337627,00003,01/01/1980,01/31/1993
MESSINA-HOF DESIGNS,INACTIVE,"2 MI E, E BYPASS OLD RELIANCE RD","BRYAN, TX 77802",32028337627,00001,09/06/1978,12/31/2000
MET BASICS,INACTIVE,724 GARDEN ACRES BLVD,"BRYAN, TX 77802",32030986361,00001,12/05/1996,12/31/1998
METRICA INC,INACTIVE,3833 S TEXAS AVE STE 207,"BRYAN, TX 77802",17423677891,00001,11/26/1991,03/03/1997
METRO MAINTENANCE,INACTIVE,4206 WOODCREST DR,"BRYAN, TX 77802",32006591740,00001,01/15/1988,01/01/2020
METROCALL,INACTIVE,1801 BRIARCREST DR,"BRYAN, TX 77802",15412156349,00017,04/01/1999,01/01/2003
METROFLEX BCS,INACTIVE,1517 S TEXAS AVE,"BRYAN, TX 77802",32062715530,00001,10/01/2017,
MEXICAN AMERICAN SENIORS CLASS OF 2005,INACTIVE,2309 DEVONSHIRE ST,"BRYAN, TX 77802",32015163531,00001,06/07/2004,12/31/2004
"MG STUDIO BEAUTY & BARBER, LLC",ACTIVE,806 E VILLA MARIA RD,"BRYAN, TX 77802",32085071424,00001,06/01/2023,
"MH I SOLUTIONS, LLC",ACTIVE,2719 OSLER BLVD,"BRYAN, TX 77802",32048528833,00004,01/01/2023,
MH OPERATIONS,ACTIVE,3208 SANDPIPER CIR,"BRYAN, TX 77802",32067776255,00002,04/01/2020,
"MHE GLOBAL WEBSITES, LLC",INACTIVE,3902 E 29TH ST APT R10,"BRYAN, TX 77802",32041396410,00001,04/01/2010,01/01/2012
"MHE GLOBAL, LLC",INACTIVE,3902 E 29TH ST APT R10,"BRYAN, TX 77802",32041970198,00001,06/09/2010,09/30/2010
MHMR AUTHORITY OF BRAZOS VALLEY,INACTIVE,1504 S TEXAS AVE,"BRYAN, TX 77802",17417932658,00015,09/01/2009,12/25/2011
MI QUINCEANERA,INACTIVE,MANOR EAST MALL,"BRYAN, TX 77802",32007532891,00001,01/01/1995,09/30/2000
MICHAEL BICE PAINTING COMPANY,INACTIVE,3708 SIERRA DR,"BRYAN, TX 77802",17425665084,00002,07/01/1991,06/30/2003
MICHAEL GONZALES,INACTIVE,3535 PLAINSMAN #143,"BRYAN, TX 77802",32025008718,00001,04/01/1994,06/30/1994
MICHAEL KELLETT,INACTIVE,4103 S TEXAS AVE STE 215,"BRYAN, TX 77802",32006867330,00004,07/01/2011,10/31/2012
MICHAEL KELLETT PROFESSIONAL PHOTOGRAPHY,ACTIVE,5801 CANTERBURY DR,"BRYAN, TX 77802",32006867330,00002,10/01/1994,
MICHAEL R KELLETT FFL/SOT,INACTIVE,4103 S TEXAS AVE STE 217,"BRYAN, TX 77802",32006867330,00007,02/01/2014,06/30/2015
MICHAEL R WAGNER,INACTIVE,2603 MORRIS LN,"BRYAN, TX 77802",32009617047,00004,09/07/2001,12/25/2003
MICHAEL V MILLER,INACTIVE,5200 BLOOMSBURY WAY,"BRYAN, TX 77802",32018915119,00002,06/01/2020,06/25/2023
MICHELE WERTZ,INACTIVE,3300 CARTER CREEK PKY,"BRYAN, TX 77802",32022459963,00001,03/03/1994,12/31/1995
MICHELLE L TREVINO OD,INACTIVE,1121 BRIARCREST DR STE 301,"BRYAN, TX 77802",32029624270,00003,11/01/2001,03/30/2002
MICRO TREND OF CENTRAL TEXAS,INACTIVE,2617 RUSTLING OAKS,"BRYAN, TX 77802",32029086314,00005,04/01/1985,05/30/1988
MICRO TREND OF CENTRAL TEXAS,INACTIVE,1737 BRIARCREST DR #14,"BRYAN, TX 77802",32029086314,00003,01/01/1984,03/31/1985
MICROSERVE INC,INACTIVE,724 MEADOW LANE,"BRYAN, TX 77802",17520064506,00001,01/30/1985,03/31/1985
MICROWORKS,INACTIVE,1313A BRIARCREST DR,"BRYAN, TX 77802",32005217974,00003,01/03/1995,09/30/1997
MID BOUTIQUE,INACTIVE,1709 LUZA ST,"BRYAN, TX 77802",32075031909,00002,04/30/2021,10/29/2024
MIDAS MUFFLER SHOP,INACTIVE,3210 S TEXAS AVE,"BRYAN, TX 77802",32004835537,00001,12/01/1978,12/31/1995
MIDAS SERVICE CENTER,INACTIVE,3210 S TEXAS AVE,"BRYAN, TX 77802",32032420898,00005,02/01/1996,06/12/1997
MIDBROOK MEDICAL DISTRIBUTION INC,INACTIVE,1716 BRIARCREST DR STE 800,"BRYAN, TX 77802",14527678065,00001,08/01/2011,12/31/2011
MIDWEST VIDEO CORP,INACTIVE,3609 S TEXAS AVENUE,"BRYAN, TX 77802",17103621722,00001,07/01/1968,06/30/1984
MIGHTY LITERATI,INACTIVE,3211B S TEXAS AVE,"BRYAN, TX 77802",32012074921,00001,09/05/2003,08/21/2004
MIGRATION ANTUQUES,INACTIVE,3905 CHESHIRE CT,"BRYAN, TX 77802",32024847785,00002,01/01/1995,12/25/1999
MIKE MILLER PIPE,INACTIVE,5200 BLOOMSBURY WAY,"BRYAN, TX 77802",32018915119,00001,01/17/2006,01/01/2007
MIKE'S KUSTOMS,ACTIVE,5801 CANTERBURY DR,"BRYAN, TX 77802",32006867330,00008,04/20/2018,
MIKE'S LAWN CARE,INACTIVE,3707 STILLMEADOW DR,"BRYAN, TX 77802",32014704731,00002,07/01/1990,02/15/1998
MIKE'S LAWN CARE,ACTIVE,3707 STILLMEADOW DR,"BRYAN, TX 77802",32014704731,00002,01/01/2004,
MILADY BEAUTY SALON,INACTIVE,715 VILLA MARIA RD,"BRYAN, TX 77802",32021108793,00001,01/01/1989,03/31/1994
MILADY HAIR SALON,INACTIVE,725 E VILLA MARIA RD,"BRYAN, TX 77802",30116202307,00001,04/01/1994,09/19/2002
MILAZZO CLEANING SERVICES,INACTIVE,1823 WILDE OAK CIR APT A,"BRYAN, TX 77802",32006939543,00001,07/01/2002,12/31/2004
"MILBERGER, NESBITT AND ASK L L P",ACTIVE,3833 S TEXAS AVE STE 240,"BRYAN, TX 77802",17420752648,00003,01/01/2016,
MILDRED MARIE MARSKE,INACTIVE,1702 S TEXAS AVE,"BRYAN, TX 77802",32045873919,00001,02/03/2015,05/31/2018
MILITARY MILLIONAIRE LLC,INACTIVE,4405 CARTER CREEK PKWY APT 6,"BRYAN, TX 77802",32085212879,00001,06/29/2022,02/01/2025
MILLENNIUM WIRELESS COMMUNICATIONS,INACTIVE,3525 S TEXAS AVE,"BRYAN, TX 77802",17429115524,00002,05/01/2000,08/31/2000
MILLICAN AID OPCO LLC,INACTIVE,2601 E VILLA MARIA RD,"BRYAN, TX 77802",32052078550,00041,01/01/2014,09/30/2018
MILLICAN HOUSE,INACTIVE,2601 E VILLA MARIA RD,"BRYAN, TX 77802",18803677386,00001,05/01/2006,12/31/2013
MILLION DOLLAR DEALZ,INACTIVE,2900 WILDFLOWER DR APT 4114,"BRYAN, TX 77802",32067723729,00001,08/01/2018,01/29/2020
MINGO JANITORIAL SERVICE,INACTIVE,2914A PRAIRIE FLOWER,"BRYAN, TX 77802",32026678055,00002,07/01/1990,01/01/1992
MINI DONUT SHOP,INACTIVE,MANOR EAST MALL,"BRYAN, TX 77802",32004677657,00001,06/16/1984,10/25/1985
MINKE WELLNESS,INACTIVE,738 GARDEN ACRES BLVD,"BRYAN, TX 77802",32029870279,00001,07/26/2014,12/31/2017
"MINKE WELLNESS, LLC",INACTIVE,738 GARDEN ACRES BLVD,"BRYAN, TX 77802",32065447586,00001,01/01/2018,06/30/2025
MINUTEMAN PRESS,INACTIVE,3813 E 29TH ST,"BRYAN, TX 77802",32005588713,00001,07/05/1984,10/31/1985
MINUTEMEN SHUTTERS & BLINDS,INACTIVE,3535 PLAINSMAN LN APT J144,"BRYAN, TX 77802",32019161358,00001,02/21/2006,09/30/2006
MIPHONE DOCTOR,ACTIVE,3221 S TEXAS AVE,"BRYAN, TX 77802",32081812789,00003,08/04/2025,
MIPHONE DOCTOR OF COLLEGE STATION LLC,INACTIVE,3221 S TEXAS AVE,"BRYAN, TX 77802",32049527552,00001,04/01/2013,04/01/2023
MIRAGE,INACTIVE,2016 S TEXAS AVE,"BRYAN, TX 77802",32025418404,00002,04/01/1993,06/30/1993
MIRAMONT COUNTRY CLUB,ACTIVE,1 MIRAMONT BLVD,"BRYAN, TX 77802",32015153565,00001,06/15/2004,
MIRAMONT COUNTRY CLUB,ACTIVE,1 MIRAMONT BLVD,"BRYAN, TX 77802",15421451806,00001,05/15/2004,
MISSION CAR WASH,INACTIVE,3301 S TEXAS AVE,"BRYAN, TX 77802",17422269161,00001,08/01/1983,12/31/1986
MISSION CAR WASH,INACTIVE,3301 S TEXAS AVENUE,"BRYAN, TX 77802",30003827018,00001,01/01/1979,07/31/1983
MISTOVICH BUSINESS MACHINES,INACTIVE,2511-A S TEXAS AVENUE,"BRYAN, TX 77802",17418942037,00001,01/01/1977,12/31/1990
MJJ DESIGNS,INACTIVE,5924 SHEFFIELD TERRACE LN,"BRYAN, TX 77802",32030762861,00001,07/14/2000,06/30/2001
MJL INTERIORS,INACTIVE,906 JANE LN,"BRYAN, TX 77802",32020424308,00001,09/01/2006,12/25/2011
"MJMM INVESTMENTS, LLC",ACTIVE,1593 WIMBERLY PL,"BRYAN, TX 77802",32054858314,00001,03/31/2015,
MJS CARPENTRY LLC,ACTIVE,2311 WINDSOR DR,"BRYAN, TX 77802",32067944069,00001,10/01/2018,
MJS SERVICES,INACTIVE,2311 WINDSOR DR,"BRYAN, TX 77802",32014771797,00004,07/01/2008,09/30/2018
MJW LANDSCAPING PLUS,INACTIVE,3602 WINDRIDGE DR,"BRYAN, TX 77802",32031162913,00001,05/01/2007,10/01/2019
MKL LIMITED,INACTIVE,1101 SKRIVANEK DR,"BRYAN, TX 77802",32008011200,00004,04/01/1997,12/25/2002
MKL LIMITED,INACTIVE,1101 SKRIVANEK DR,"BRYAN, TX 77802",32008011200,00004,08/04/2004,12/31/2021
MOBILE BUZZ,INACTIVE,3601 E 29TH ST STE 6,"BRYAN, TX 77802",32088762599,00002,11/01/2023,
MOBILE MOM,INACTIVE,3141 BRIARCREST DR STE 524,"BRYAN, TX 77802",32017548598,00002,11/21/2005,01/01/2010
MOBILE MOM,INACTIVE,2809 OAKSIDE DR,"BRYAN, TX 77802",32017548598,00001,08/01/2005,10/31/2005
MOBILE MOM LAUNDRY SERVICE,INACTIVE,3141 BRIARCREST DR,"BRYAN, TX 77802",32009829048,00002,04/01/2014,12/31/2017
MOBILE MOM LAUNDRY SERVICE,INACTIVE,3141 BRIARCREST DR STE 524,"BRYAN, TX 77802",12709823988,00001,10/01/2009,03/31/2015
MOBILE MOVIES,INACTIVE,3508 CARTER CREEK PKWY,"BRYAN, TX 77802",32001069759,00001,08/01/2005,09/30/2008
MOBILE SECURITY & DESIGN,INACTIVE,3803 S TEXAS AVE # A,"BRYAN, TX 77802",32008648894,00003,04/01/1994,09/30/1997
MOBILE TECHNOLOGIES II,INACTIVE,3701 S TEXAS AVE,"BRYAN, TX 77802",30116411247,00001,01/23/1995,10/01/1995
MOBILE ZONE USA,INACTIVE,1402 S TEXAS AVE,"BRYAN, TX 77802",32011175620,00003,01/10/2010,03/31/2010
MOBILE ZONE USA,INACTIVE,1402 S TEXAS AVE,"BRYAN, TX 77802",12617931345,00004,05/01/2010,03/31/2017
MOBILE ZONE USA II,INACTIVE,1125 E VILLA MARIA RD,"BRYAN, TX 77802",12082781407,00003,06/05/2009,02/28/2010
MOBILE ZONE USA II,INACTIVE,1125 E VILLA MARIA RD,"BRYAN, TX 77802",32019115230,00004,01/01/2010,12/31/2011
MOBILECOMM,INACTIVE,1601 S TEXAS AVE,"BRYAN, TX 77802",12236194465,00020,02/15/1999,06/30/2000
MOBILELINK CENTRAL TEXAS LLC,INACTIVE,3306 E 29TH ST,"BRYAN, TX 77802",32072819819,00003,04/10/2022,05/31/2025
MOBLEY POOL COMPANY INC,INACTIVE,810 VILLA MARIA ROAD,"BRYAN, TX 77802",17419491547,00001,01/01/1978,07/01/1995
"MOBLEY POOL COMPANY, INC.",ACTIVE,2004 E VILLA MARIA RD,"BRYAN, TX 77802",17419491547,00002,07/01/1995,
MODEL NAILS,INACTIVE,724 E VILLA MARIA RD STE 120,"BRYAN, TX 77802",32093588328,00001,02/10/2024,09/30/2024
MOE MAR BUNKA EMBROIDERY,INACTIVE,4105 KNIGHT BRIDGE LANE,"BRYAN, TX 77802",30115198050,00002,10/01/1992,01/31/1993
MOLE'S LAWN SERVICE,INACTIVE,4900 BROMPTON LN,"BRYAN, TX 77802",32041550628,00001,03/13/2010,08/22/2013
MOLLIE I HATTON,INACTIVE,1209 ESTHER BLVD,"BRYAN, TX 77802",32007901492,00001,01/01/2000,12/25/2004
MOLLY ANN DOVER,INACTIVE,2207 CARTER CREEK,"BRYAN, TX 77802",32007905006,00001,10/27/1980,12/31/1982
MOLLY D'S,INACTIVE,2801 APPLE CREEK CIR,"BRYAN, TX 77802",32007905006,00004,01/01/1989,12/31/1995
MOLLY D'S,INACTIVE,2801 APPLECREEK,"BRYAN, TX 77802",32007905006,00003,08/20/1986,12/30/1987
MOLLY D'S,INACTIVE,2801 APPLE CREEK,"BRYAN, TX 77802",32007905006,00002,01/01/1983,12/31/1983
MOLLY MAIDS OF BCS,ACTIVE,3414 E 29TH ST,"BRYAN, TX 77802",11137423379,00002,04/01/2018,
MOLLY'S DISCOUNT FURNITURE INC,INACTIVE,725 VILLA MARIA STE 403,"BRYAN, TX 77802",17427575414,00002,07/01/1995,12/01/1998
MOLLY'S DISCOUNT FURNITURE INC,INACTIVE,2707 S TEXAS AVE,"BRYAN, TX 77802",17427575414,00001,07/01/1995,08/31/2009
MOLLY'S DISCOUNT FURNTIURE & BEDDING,INACTIVE,825 VILLA MARIA STE 103,"BRYAN, TX 77802",32028884735,00001,05/01/1994,08/31/1995
MONARCH REAL ESTATE SERVICES,INACTIVE,2513 TOWERING OAKS,"BRYAN, TX 77802",30113509761,00002,01/01/1991,03/31/1992
MONITEC SYSTEMS,INACTIVE,3807 OAK HILL DR,"BRYAN, TX 77802",17422327407,00001,05/28/1982,12/31/1998
MONOGRAMING JUST FOR YOU,INACTIVE,4401 CARTER CREEK,"BRYAN, TX 77802",32009077903,00001,07/01/1978,06/30/1980
MONOGRAMS BY C J,INACTIVE,4020 STILLMEADOW,"BRYAN, TX 77802",32028610544,00003,01/01/1986,09/16/1986
MONTELONGO FINE INVESTMENTS,INACTIVE,810 VINE,"BRYAN, TX 77802",32026551989,00001,04/01/1993,09/30/1994
MONTELONGO WINDOW TREATMENTS,INACTIVE,810 VINE ST,"BRYAN, TX 77802",32005975928,00003,07/12/2007,06/30/2008
MONTEREY HOUSE #35,INACTIVE,1816 S TEXAS AVE,"BRYAN, TX 77802",17414592950,00054,01/01/1983,07/31/1987
MONTEREY'S TEX MEX CAFE,INACTIVE,1816 S TEXAS AVE,"BRYAN, TX 77802",16215510419,00009,05/01/1994,10/31/1999
MONTEREY'S TEX MEX CAFE,INACTIVE,1816 TEXAS AVENUE,"BRYAN, TX 77802",17521809479,00016,08/01/1987,05/01/1994
MONTEREY'S TEX-MEX CAFE,INACTIVE,1816 S TEXAS AVE,"BRYAN, TX 77802",17521814644,00033,08/01/1990,12/31/2004
MONTGOMERY WARD & CO INC,INACTIVE,S E CORNER HWY 6 & VILLA MARIA RD,"BRYAN, TX 77802",13626593746,00005,10/01/1969,07/31/1999
MONTHLY PET THINGS,INACTIVE,21 GRAMERCY PARK DR,"BRYAN, TX 77802",32086993824,00001,11/04/2022,01/30/2023
MOO BEANS,INACTIVE,2006 E 29TH ST,"BRYAN, TX 77802",17428200632,00001,10/01/1997,12/31/1998
MOONLIGHT VENTURES,INACTIVE,3535 PLAINSMAN L173,"BRYAN, TX 77802",32005950079,00001,08/18/1987,06/30/1988
MOONLIGHTERS,INACTIVE,3006 CAMELOT DR,"BRYAN, TX 77802",32052258517,00001,10/21/2013,01/01/2015
MOONLIGHTING & COMPANY,INACTIVE,3000 BROADMOOR,"BRYAN, TX 77802",32031179453,00001,10/02/1991,12/31/1992
MOORE HOME CO,ACTIVE,1901 DEBBIE DR,"BRYAN, TX 77802",32083097710,00003,04/01/2025,
MOORE MUD,INACTIVE,3803 HOLLY DRIVE,"BRYAN, TX 77802",32025933733,00003,03/01/1986,07/31/1986
MORAY,INACTIVE,3507 PLAINSMAN LN,"BRYAN, TX 77802",32060420265,00001,05/16/2016,08/14/2018
MORCHAT CUSTOM WORKS,INACTIVE,706 INWOOD DR,"BRYAN, TX 77802",32055499696,00001,11/01/2014,12/25/2019
MOREMAN'S FURNITURE,INACTIVE,2412 E VILLA MARIA,"BRYAN, TX 77802",32009513188,00002,01/01/1992,12/31/1999
MORGAN FITZGERALD,ACTIVE,3800 S TEXAS AVE,"BRYAN, TX 77802",17422886576,00002,01/01/1999,
MORGAN FITZGERALD'S,INACTIVE,3801 S TEXAS AVE,"BRYAN, TX 77802",32023202214,00001,04/01/1993,12/31/1998
MORGAN FITZGERALD'S,INACTIVE,3801 S TEXAS AVENUE,"BRYAN, TX 77802",32023073565,00001,02/01/1993,03/31/1993
MORGAN FUEL & OIL INC,INACTIVE,3617 SUNNYBROOK,"BRYAN, TX 77802",30007412221,00002,10/01/1983,12/31/1984
MORGAN R SHAW,INACTIVE,4102 GREEN VALLEY DR,"BRYAN, TX 77802",32045788695,00001,11/27/2011,12/25/2012
MORGAN STANLEY & CO INCORPORATED,INACTIVE,3000 BRIARCREST DR STE 100,"BRYAN, TX 77802",11326559983,00014,04/01/2007,06/01/2011
MORGAN STANLEY DEAN WITTER,INACTIVE,3000 BRIARCREST DR STE 310,"BRYAN, TX 77802",19416713840,00084,09/01/1995,03/31/2007
MORGAN STANLEY SMITH BARNEY FINANCING LLC,ACTIVE,3000 BRIARCREST DR FL 1,"BRYAN, TX 77802",32039903516,00004,06/01/2009,
MORGAN STANLEY SMITH BARNEY LLC,ACTIVE,3000 BRIARCREST DR FL 1,"BRYAN, TX 77802",32039210268,00004,06/01/2009,
MORGAN'S LAWN SERVICE,INACTIVE,1105 SUL ROSS DR,"BRYAN, TX 77802",32001474306,00001,04/19/1999,07/01/2001
MORNING STAR GIFTS,INACTIVE,813 GORDON,"BRYAN, TX 77802",32022483252,00001,02/15/1994,02/16/1995
MORRISON SUPPLY COMPANY,INACTIVE,1242 E VILLA MARIA RD,"BRYAN, TX 77802",17525884957,00074,07/01/2007,03/31/2018
MOSAIC SUN MUSIC,INACTIVE,1600B LUZA ST,"BRYAN, TX 77802",32039801256,00001,02/13/2009,12/31/2012
MOSAIC SUN MUSIC,ACTIVE,1610 WOODLAND DR,"BRYAN, TX 77802",32039801256,00002,01/01/2013,
MOTHER HUBBARD'S CUPBOARDS,INACTIVE,2507 BROADMOOR DR,"BRYAN, TX 77802",32005074409,00008,08/06/1998,12/31/2003
"MOTO CINCH, LLC",ACTIVE,4714 WESTMINSTER DR,"BRYAN, TX 77802",32070166379,00001,05/01/2020,
MOVIE BIZ,INACTIVE,1673 BRIARCREST 104,"BRYAN, TX 77802",32014514023,00001,04/01/1987,05/01/1991
MR G'S AUTO TOY STORE,INACTIVE,2502 OAK CIR,"BRYAN, TX 77802",32006809050,00001,11/17/1994,12/31/1999
MR G'S LEATHER CRAFTS,INACTIVE,4513 CARTER CREEK UNIT 1,"BRYAN, TX 77802",32026077357,00001,08/24/1983,12/31/1986
MR GATTI'S #406,INACTIVE,1673 BRIARCREST DR,"BRYAN, TX 77802",16112746538,00005,06/03/1996,04/01/2004
MR SNO CONE,INACTIVE,2314 BRISTOL ST,"BRYAN, TX 77802",32030658333,00001,03/17/1994,06/30/1996
MR. HAMBURGER #2,INACTIVE,3706 S TEXAS AVE,"BRYAN, TX 77802",32033247423,00007,09/01/2023,07/31/2024
MR. HAMBURGER #2,INACTIVE,3706 S TEXAS AVE,"BRYAN, TX 77802",32033247423,00005,08/01/2018,01/31/2023
MR. SMOKE,ACTIVE,2700 WILDFLOWER DR STE A,"BRYAN, TX 77802",32067099948,00004,04/01/2023,
MRC CRESTVIEW,ACTIVE,2505 E VILLA MARIA RD,"BRYAN, TX 77802",30118398178,00001,05/01/2009,
MRC CRESTVIEW RETIREMENT,ACTIVE,2505 E VILLA MARIA RD,"BRYAN, TX 77802",32055427556,00009,01/01/2021,
MRS.,INACTIVE,5401 BLOOMSBURY WAY,"BRYAN, TX 77802",32060550897,00001,06/25/2016,12/31/2016
MRS. BAIRDS BAKERIES #1010,INACTIVE,2613 E 29TH ST,"BRYAN, TX 77802",17524912015,00086,09/24/2007,06/01/2023
MRS. P,INACTIVE,1814 WILDE OAK CIR APT 1,"BRYAN, TX 77802",32065351705,00001,11/10/2017,12/31/2017
MS CLEAN MACHINE,INACTIVE,3535 PLAINSMAN LN APT 113,"BRYAN, TX 77802",32032394481,00002,01/01/1997,01/01/1997
MS MALLIE & CO,INACTIVE,3020 E 29TH ST,"BRYAN, TX 77802",32007571196,00002,04/01/1987,07/14/2003
MS MALLIE & CO,INACTIVE,3129 E 29TH ST,"BRYAN, TX 77802",32007571196,00001,02/15/1986,03/31/1987
MS PHOTOGRAPHY,INACTIVE,3723 EAST 29TH STE 128,"BRYAN, TX 77802",32010378241,00005,10/01/1994,03/31/1995
MS. KITTY'S COLLECTIBLES,INACTIVE,3600 OAK CLIFF CIR,"BRYAN, TX 77802",32007690004,00002,01/01/2005,12/31/2011
MS. LAUI AL-HADRAMI,INACTIVE,1910 BRIAR OAKS DR,"BRYAN, TX 77802",32007290037,00001,02/01/2002,02/01/2002
MSM CONSTRUCTION CO,INACTIVE,1602 E 28TH ST,"BRYAN, TX 77802",32003352377,00001,05/04/2001,06/30/2001
"MSR AUDIO VIDEO, LLC",INACTIVE,3800 BRIGHTON DR,"BRYAN, TX 77802",32048185089,00001,09/01/2012,09/30/2016
MSS DESIGNS,INACTIVE,3606 HOLLY DR,"BRYAN, TX 77802",32006551975,00001,06/19/2002,04/10/2007
MTFNOW,INACTIVE,2513 TWISTED OAKS DR,"BRYAN, TX 77802",32008415922,00003,01/01/2020,
MTFNOW!,INACTIVE,2513 TWISTED OAKS DR,"BRYAN, TX 77802",32008415922,00002,01/01/2020,12/25/2021
MTI,INACTIVE,3810 PARK HAMPTON DR,"BRYAN, TX 77802",32011284893,00001,05/01/2003,03/31/2004
MUD PONIES POTTERY,INACTIVE,3913 SEMINOLE CT,"BRYAN, TX 77802",32038613207,00001,01/01/2009,12/31/2017
MUDCO INC,INACTIVE,HWY 21 CARABBA INDUSTRIAL PARK,"BRYAN, TX 77802",17417763426,00003,02/01/1980,05/31/1988
MUDD DAUBER DRILLING FLUIDS,INACTIVE,1206 BARAK LN,"BRYAN, TX 77802",32068141731,00001,08/27/2018,06/01/2023
MULBERRY PAPER GIFTS & MORE INC,INACTIVE,2908 BROADMOOR DR,"BRYAN, TX 77802",17428275063,00001,05/08/1997,12/31/1999
MULTI-LIST INC,INACTIVE,1901 GREENVILLE PLAZA,"BRYAN, TX 77802",18405811342,00008,02/01/1982,12/31/1983
MULTIMEDIA DESIGN CONSULTANTS,INACTIVE,4708 WARWICK LN,"BRYAN, TX 77802",32029697532,00001,05/12/1995,12/31/1996
MUNDAY'S CHILD,INACTIVE,2502 BRIARWOOD CIR,"BRYAN, TX 77802",30119145636,00002,01/01/1998,03/31/1998
MURALWORKS FROM R W REID & ASSOCIATES,INACTIVE,1606 OAKVIEW ST,"BRYAN, TX 77802",32020191642,00003,12/01/1994,12/31/1999
MURPHY ENTERPRISES,INACTIVE,914 STANFIELD CIR,"BRYAN, TX 77802",32009033864,00001,07/16/1996,12/25/2007
MURPHY MANOR,INACTIVE,918 PARK LN,"BRYAN, TX 77802",32008514757,00001,09/26/1995,12/31/2004
MURPHY USA #7740,ACTIVE,2208 BRIARCREST DR,"BRYAN, TX 77802",17107274924,00048,05/01/2000,
MURPHY USA #7740,ACTIVE,2208 BRIARCREST DR,"BRYAN, TX 77802",17108310099,00038,12/21/2006,
MUSE BEAUTY,INACTIVE,3100 WILDFLOWER DR,"BRYAN, TX 77802",32067793920,00002,09/15/2020,06/30/2025
MUSE BEAUTY,INACTIVE,3100 WILDFLOWER DR STE 304,"BRYAN, TX 77802",32075481856,00001,09/15/2020,12/31/2020
MUSHROOM WELLNESS LIFE,ACTIVE,102 S GORDON ST,"BRYAN, TX 77802",32095958032,00001,08/01/2024,
MUSIC-N-MOTION,INACTIVE,4020 STILLMEADOW DR,"BRYAN, TX 77802",17426799288,00001,09/02/1993,01/01/1996
MUSICIANS WORLD,INACTIVE,3601 E 29TH ST #11,"BRYAN, TX 77802",32005156552,00003,03/09/1984,04/30/1984
MUSICLAND,INACTIVE,MANOR EAST MALL,"BRYAN, TX 77802",11117357076,00007,02/01/1976,04/30/1978
MUSICLAND,INACTIVE,MANOR EAST MALL,"BRYAN, TX 77802",14107846306,00012,07/01/1972,02/01/1976
MUSICLAND,INACTIVE,MANOR EAST MALL,"BRYAN, TX 77802",14113077763,00006,05/01/1978,12/31/1982
MUST BE HEAVEN,ACTIVE,1136 E VILLA MARIA RD,"BRYAN, TX 77802",10206171695,00002,04/17/2003,
MUST BE HEAVEN,INACTIVE,1136 E VILLA MARIA RD,"BRYAN, TX 77802",32030315090,00007,10/30/1998,08/01/2000
MUST BE HEAVEN,INACTIVE,2611 E 29TH ST,"BRYAN, TX 77802",32030315090,00006,12/01/1996,02/28/1998
MUST BE HEAVEN,INACTIVE,1136 E VILLA MARIA RD,"BRYAN, TX 77802",32007561320,00001,01/03/2000,04/12/2003
MUTUAL MEDICAL,INACTIVE,1705 E 29TH ST,"BRYAN, TX 77802",17425831827,00001,10/15/1990,02/28/2001
MUZNY'S UPHOLSTERY,INACTIVE,906 ENFIELD ST,"BRYAN, TX 77802",32009164479,00002,01/01/1989,12/31/2008
MUZNY'S UPHOLSTERY,INACTIVE,703 GARDEN ACRES,"BRYAN, TX 77802",32009164479,00001,07/06/1973,12/31/1988
MV HAIR DESIGN,ACTIVE,3100 WILDFLOWER DR STE 304,"BRYAN, TX 77802",32098410437,00001,01/22/2025,
"MW WELLNESS III, LLC",ACTIVE,3851 CORPORATE CENTER DR STE 117,"BRYAN, TX 77802",32063318847,00002,05/26/2021,
MWDTUTORING,INACTIVE,1702 S TEXAS AVE,"BRYAN, TX 77802",32025201164,00001,09/01/1993,12/31/1994
MY BACKYARD FAMILY FUN CENTER,INACTIVE,1673 BRIARCREST DR STE A108,"BRYAN, TX 77802",32017278709,00001,03/08/2005,09/30/2005
MY BCS HOME,INACTIVE,2510 MEMORIAL DR,"BRYAN, TX 77802",32059483142,00001,06/01/2016,08/01/2018
MY FAVORITE THINGS,INACTIVE,901 RUSKIN DR,"BRYAN, TX 77802",32028160557,00001,02/26/1992,12/31/1992
MY FRIENDS CLOSET CLOTHING CO.,ACTIVE,2430 PECAN RIDGE DR # A,"BRYAN, TX 77802",32099088703,00001,04/01/2025,
MY FUNKY FLOP SHOP,INACTIVE,3918 BRIGHTON DR,"BRYAN, TX 77802",32042633290,00001,10/01/2010,03/31/2011
MY GYPSY MARKET,INACTIVE,4113 KENWOOD DR,"BRYAN, TX 77802",32036511486,00003,05/18/2021,09/02/2024
MY PIG FLEW LLC,INACTIVE,2906 BROADMOOR DR,"BRYAN, TX 77802",32047889178,00001,09/01/2012,12/31/2013
MY WORSHIP STORE LLC,INACTIVE,1716 BRIARCREST DR STE 300,"BRYAN, TX 77802",32087253137,00001,12/01/2022,12/01/2023
"MYLIBBY, LLC",INACTIVE,2303 BRIAR OAKS DR,"BRYAN, TX 77802",32037700807,00001,11/01/2008,12/31/2009
MYRA'S IN BROOKWOOD COTTAGE,INACTIVE,3601 E 29TH ST SUITE #2,"BRYAN, TX 77802",32029371450,00005,10/01/1987,06/30/1988
MYRA'S IN THE EMPORIUM,INACTIVE,MANOR EAST MALL 703 VILLA MARIA,"BRYAN, TX 77802",32029371450,00004,10/01/1986,06/30/1987
MYSTIC CREATIONS,ACTIVE,3907 TANGLEWOOD DR,"BRYAN, TX 77802",32100675290,00001,06/30/2025,
MYSTORY,INACTIVE,2906 JENNA CT,"BRYAN, TX 77802",32019165359,00001,04/01/2006,07/01/2007
N & N ENTERPRISE,INACTIVE,3209 WILDLIFE CIRCLE,"BRYAN, TX 77802",32022218757,00001,08/11/1986,10/31/1987
NA,ACTIVE,2501 OAK CIR,"BRYAN, TX 77802",32065024955,00002,05/05/2022,
NAC,INACTIVE,2605 ALLEN RDG,"BRYAN, TX 77802",32010977349,00002,03/13/2003,09/30/2004
NAFI EXPRESS,INACTIVE,3200 FM 158,"BRYAN, TX 77802",32012360312,00001,09/18/2003,12/31/2003
NAILS FOR LESS,INACTIVE,1315 S COLLEGE AVE,"BRYAN, TX 77802",32024356670,00001,08/11/1992,08/11/1992
NAIMA WATSON,INACTIVE,3535 PLAINSMAN LN APT A4,"BRYAN, TX 77802",32011537829,00002,10/10/2006,11/01/2006
NAME THE TAG.COM,INACTIVE,2804 MEADOW BRIAR,"BRYAN, TX 77802",32015895546,00001,10/01/2004,12/31/2004
NAME THE TAG.COM,INACTIVE,2804 MEADOW BRIAR,"BRYAN, TX 77802",32016527502,00001,01/01/2005,12/31/2006
NANA'S COOKIE STORE,INACTIVE,1719 LUZA ST,"BRYAN, TX 77802",32041716922,00001,05/01/2010,12/31/2010
NANASCHERISHEDCREATIONS,ACTIVE,1525 E 29TH ST APT 305,"BRYAN, TX 77802",32096115483,00001,09/01/2024,
NANCY BOWE-LANDSCAPER,INACTIVE,902 EDGEWOOD DR,"BRYAN, TX 77802",32011420471,00001,06/01/2003,01/31/2004
NANCY BRYAN INTERIORS,INACTIVE,2600 RUSTLING OAKS DR,"BRYAN, TX 77802",30113718545,00002,08/10/1992,12/31/1995
NANCY BRYAN INTERIORS,INACTIVE,1701 WOODLAND DR,"BRYAN, TX 77802",30113718545,00003,01/01/1996,06/30/1997
NANCY VILKMAN LANDSCAPE ARCHITCET,INACTIVE,307 MAY ST,"BRYAN, TX 77802",32022229259,00001,06/16/1993,01/11/1995
NANCY WHITTINGTON,INACTIVE,1912 VINEWOOD,"BRYAN, TX 77802",32026755416,00001,02/18/1987,06/30/1987
NANOTECH COMPUTING,INACTIVE,3902 E 29TH ST APT A-17,"BRYAN, TX 77802",32027545022,00001,12/02/1996,03/31/1999
NARASHA LLC,ACTIVE,4116 WOODCREST DR,"BRYAN, TX 77802",32060015560,00001,06/16/2016,
NASA WIRELESS,INACTIVE,804 E VILLA MARIA RD,"BRYAN, TX 77802",32053292036,00002,03/12/2014,12/31/2015
NASCENT CORPORATION,INACTIVE,1824 GETTYSBURG LANE,"BRYAN, TX 77802",30010105192,00001,12/01/1986,12/01/1987
NASH'S FOOD STORE,INACTIVE,2901 VILLA MARIA RD,"BRYAN, TX 77802",17421887542,00010,11/15/1983,07/20/1986
NASH'S FOOD STORE,INACTIVE,1801 W VILLA MARIA,"BRYAN, TX 77802",17421887542,00009,11/01/1983,07/01/1986
NASH'S FOOD STORE,INACTIVE,3118 BRIARCREST DR,"BRYAN, TX 77802",17421887542,00004,05/01/1982,07/20/1986
NATALIE LUEDECKE,ACTIVE,4400 KINGSDALE DR,"BRYAN, TX 77802",32082719470,00001,03/01/2022,
NATHAN & NICK'S COLLECTABLES LLC,INACTIVE,3780 COPPERFIELD DR APT 437,"BRYAN, TX 77802",32074606784,00002,08/20/2020,03/31/2022
NATIONAL HAIR CARE CENTER #6328,INACTIVE,2200 BRIARCREST DR,"BRYAN, TX 77802",14107499346,00137,06/01/1996,03/31/2002
NATIONAL HAIR CARE CENTERS INC,INACTIVE,2200 BRIARCREST DR,"BRYAN, TX 77802",16215623188,00018,05/16/1994,05/31/1996
NATIONAL SUPPLY CO OF ARMCO STEEL CORP,INACTIVE,HIGHWAY 2818,"BRYAN, TX 77802",13102005009,00061,12/01/1977,06/30/1984
NATIONAL WILD TURKEY FEDERATION,INACTIVE,3232 BRIARCREST DR,"BRYAN, TX 77802",32000955107,00005,08/07/2008,08/08/2008
NATIONAL WILD TURKEY FEDERATION,INACTIVE,3232 BRIARCREST DR,"BRYAN, TX 77802",32000955107,00005,08/02/2007,08/02/2007
NATIONAL WILD TURKEY FEDERATION,INACTIVE,3232 BRIARCREST DR,"BRYAN, TX 77802",32000955107,00003,08/01/2002,08/01/2002
NATIONAL WILD TURKEY FEDERATION,INACTIVE,3232 BRIARCREST DR,"BRYAN, TX 77802",32000955107,00003,08/07/2003,08/07/2003
NATIONAL WILD TURKEY FEDERATION,INACTIVE,3232 BRIARCREST DR,"BRYAN, TX 77802",32000955107,00002,08/02/2001,08/02/2001
NATIONAL-OILWELL,INACTIVE,1538 MARINO RD,"BRYAN, TX 77802",17602117198,00057,08/01/1990,01/01/1993
NATURAL ADORNMENTS,INACTIVE,2509 TWISTED OAKS DR,"BRYAN, TX 77802",32021551380,00001,10/27/2006,12/31/2014
NATURAL ES-SENSE,INACTIVE,4001 E 29TH ST STE 108,"BRYAN, TX 77802",32008040878,00002,01/01/2000,12/31/2001
NATURAL STONE FURNITURE & MORE,INACTIVE,4714 WILLIAMSBURG DR,"BRYAN, TX 77802",32041288138,00001,03/15/2010,01/31/2011
NATURALLY KEPT,INACTIVE,1613 ENLOE CT,"BRYAN, TX 77802",32057763552,00006,12/14/2020,06/24/2021
NATURE THINGS,INACTIVE,2100 E WILLIAM J BRYAN PKWY,"BRYAN, TX 77802",14120308417,00001,04/01/2002,03/14/2009
NATURE'S EXPRESSIONS WILDLIFE STUDIO,INACTIVE,4743 TIFFANY PARK CIR,"BRYAN, TX 77802",32004400597,00001,03/05/2002,12/31/2005
NATURE'S THERAPIES,INACTIVE,3506 A CURTIS,"BRYAN, TX 77802",32021613222,00001,03/03/1992,03/04/1992
NAUTILUS OF BRYAN COLLEGE STATION INC,INACTIVE,3601 E 29TH SUITE 11,"BRYAN, TX 77802",17419502111,00001,01/01/1978,12/31/1982
NAVARRO IMPORTS,INACTIVE,3604 WINDRIDGE DR,"BRYAN, TX 77802",32007940862,00001,07/14/1993,12/31/1993
NAVIGO,INACTIVE,715 BROADMOOR DR,"BRYAN, TX 77802",30116412328,00001,08/11/1995,12/31/1997
NCR CORPORATION,INACTIVE,3708 E 29TH ST,"BRYAN, TX 77802",13103879204,00037,01/01/1975,09/30/1990
NCREASE COMMUNICATIONS INC,INACTIVE,724 E VILLA MARIA RD # 1,"BRYAN, TX 77802",32001818064,00008,04/25/2007,04/01/2008
NEARLY NEW FASHIONS,INACTIVE,3801 S TEXAS AVE,"BRYAN, TX 77802",32006992633,00005,11/12/2012,09/30/2016
NEARLY NEW FASHIONS,INACTIVE,3801 S TEXAS AVE,"BRYAN, TX 77802",32006992633,00003,09/15/2003,09/30/2006
NEARLY NEW RESALE SHOP,INACTIVE,3811 E 29TH ST,"BRYAN, TX 77802",32004664366,00001,03/01/1995,09/30/1995
NEARLY NEW RESALE SHOPPE,INACTIVE,3811 E 29TH TOWN & COUNTRY CTR,"BRYAN, TX 77802",30002971270,00003,04/01/1986,02/28/1995
NEARLY NEW RESALE SHOPPE,INACTIVE,408 OAK STREET,"BRYAN, TX 77802",30002971270,00002,07/01/1984,03/31/1986
NEDDY CORP LLC,INACTIVE,3201 BOONVILLE RD,"BRYAN, TX 77802",32061998780,00010,12/01/2016,11/30/2018
NEELD & NEELD INC,INACTIVE,2608 MELBA CIRCLE,"BRYAN, TX 77802",17423844145,00001,02/15/1986,09/30/1987
NEELD & NEELD INC,INACTIVE,2608 MELBA CIRCLE,"BRYAN, TX 77802",17423844145,00003,01/01/1989,12/31/1989
NEELD & NEELD INC,INACTIVE,3204 CRANE STREET,"BRYAN, TX 77802",17423844145,00002,10/01/1987,12/31/1988
NEHA AND SONS INC,ACTIVE,1517 S TEXAS AVE,"BRYAN, TX 77802",32090238950,00001,07/01/2023,
NEIGHBORHOOD PARLOR,ACTIVE,1722 BROADMOOR DR STE 102,"BRYAN, TX 77802",32083434483,00001,05/01/2022,
NEIL HENTHORNE,INACTIVE,3132 EAST 29TH APT# 126,"BRYAN, TX 77802",32027081374,00001,03/31/1993,12/31/1993
NELDA F WILLIAMS,INACTIVE,2319 DE LEE ST,"BRYAN, TX 77802",32018126188,00003,09/01/2013,12/31/2013
NELL'S CERAMICS,INACTIVE,1407 SKRIVANEK,"BRYAN, TX 77802",32028565540,00001,07/24/1985,12/31/1987
NELLY'S TAQUERIA,ACTIVE,891 N EARL RUDDER FWY,"BRYAN, TX 77802",32078318758,00003,01/01/2024,
NEO-CLASSICS INC,INACTIVE,1606 E BYPASS STE B,"BRYAN, TX 77802",17518396480,00003,07/01/1987,12/31/1988
NET LOGIX,INACTIVE,1408 E 28TH ST,"BRYAN, TX 77802",32018323751,00002,10/01/2007,12/25/2011
NET SELF COMMUNICATIONS,INACTIVE,4741 BROMPTON LN,"BRYAN, TX 77802",32008192844,00002,03/01/1999,12/25/2003
NET SENTEX,INACTIVE,3132 E 29TH ST APT 33,"BRYAN, TX 77802",32007702213,00001,03/08/2001,12/25/2004
NETTA JACKSON SIMEK,INACTIVE,4720 HUNINGTON DR,"BRYAN, TX 77802",32022847316,00001,06/18/1997,07/15/1999
NEW BANNER PROFESSIONAL CLEANING,INACTIVE,1314 CARVER,"BRYAN, TX 77802",32021591139,00001,07/29/1993,01/01/1994
NEW BARNHILLS RESTURANT,INACTIVE,1701 S TEXAS AVE,"BRYAN, TX 77802",32042594229,00001,11/01/2010,11/20/2011
NEW CHINA WOK EXPRESS,INACTIVE,612 E VILLA MARIA RD,"BRYAN, TX 77802",32072824249,00001,01/01/2020,03/21/2023
NEW CHINA WOK EXPRESS,INACTIVE,612 E VILLA MARIA RD,"BRYAN, TX 77802",32023745113,00001,01/01/2007,07/11/2011
NEW HAIR FOR BEAUTIFUL PEOPLE,INACTIVE,4403 S TEXAS AVE,"BRYAN, TX 77802",32029132035,00001,05/14/1996,05/17/1997
NEW IMAGES,INACTIVE,3701 PARKWAY TERRACE,"BRYAN, TX 77802",32032113881,00001,03/11/1993,06/30/1994
NEW INTERFACES,INACTIVE,2708 APPLECREEK CIR,"BRYAN, TX 77802",32032013131,00001,04/01/1992,12/31/1992
NEW OAKS FOOD MART,INACTIVE,3900 E 29TH ST,"BRYAN, TX 77802",32048054178,00006,03/04/2019,09/23/2019
"NEW RUE21, LLC",INACTIVE,3123 WILDFLOWER DR STE A-1,"BRYAN, TX 77802",32065915103,00022,01/01/2018,05/31/2024
NEW THOUGHT CENTRAL,INACTIVE,725 E VILLA MARIA RD STE 503,"BRYAN, TX 77802",32008724638,00002,10/01/1999,12/31/2006
NEW VENTURES,INACTIVE,3507 OAK HILL DR,"BRYAN, TX 77802",32005950079,00003,04/30/1996,12/25/2010
NEWBET'S CHOICE,INACTIVE,905 WESTVIEW ST,"BRYAN, TX 77802",32010474859,00001,03/17/1999,12/31/2002
NEWMAN PRINTING COMPANY INC,INACTIVE,1300 E 29TH ST,"BRYAN, TX 77802",17416093064,00003,06/01/1993,01/30/2025
NEWS OFFICE SUPPLY,INACTIVE,2015 TEXAS AVENUE,"BRYAN, TX 77802",17415908759,00007,12/01/1986,08/31/1987
NEWS OFFICE SUPPLY,INACTIVE,2015 TEXAS AVE,"BRYAN, TX 77802",17414850929,00003,07/01/1984,11/30/1986
NICHOLACE DESIGNS,INACTIVE,4340 CATER CREEK PKWY,"BRYAN, TX 77802",32027735078,00001,07/01/1993,12/31/1994
NICHOLS ADVENTURE,INACTIVE,1525 E 29TH ST APT 710,"BRYAN, TX 77802",32075772155,00001,09/15/2020,09/30/2024
NICK NACKS & DO DADS,INACTIVE,3806 CRAIG ST,"BRYAN, TX 77802",32008345319,00001,04/04/1994,12/31/2006
NICK'S ONE STOP FOOD STORE,INACTIVE,1101 E VILLA MARIA RD,"BRYAN, TX 77802",32006336005,00004,03/20/2009,05/31/2009
NICOLE PHOTOGRAPHY,INACTIVE,3811 KELLI LN,"BRYAN, TX 77802",32028275561,00001,03/20/2007,12/31/2013
NIELSEN'S BOOKKEEPING SERVICE,INACTIVE,3601B MAJOR,"BRYAN, TX 77802",32025154355,00002,04/01/1990,10/01/1992
NIF CORPORATION,INACTIVE,1716 BRIARCREST DR STE 300,"BRYAN, TX 77802",32038334572,00001,01/01/2009,09/30/2009
NIGHT OUT BOUTIQUE AND FORMAL WEAR,INACTIVE,814 E VILLA MARIA RD,"BRYAN, TX 77802",32039722650,00001,07/10/2009,05/02/2010
NIGHTIES & NOTIONS,INACTIVE,4702 WINCHESTER DR,"BRYAN, TX 77802",32006992633,00001,01/11/1999,12/31/2000
NIGHTIES AND NOTIONS,INACTIVE,4702 WINCHESTER DR,"BRYAN, TX 77802",32006992633,00002,04/11/2001,10/31/2002
NIRVANANOUR LLC,INACTIVE,1716 BRIARCREST DR STE 300,"BRYAN, TX 77802",32048971017,00002,11/14/2012,12/31/2017
NITA'S TAQUERIA,INACTIVE,2004 E 29TH ST,"BRYAN, TX 77802",32005407427,00001,08/01/1999,09/11/2001
"NMC CREATIONS, LLC",INACTIVE,1102 LAMAR DR,"BRYAN, TX 77802",32090984991,00001,10/01/2023,12/02/2024
NOBLE KNIFE COMPANY,INACTIVE,2807 WILDFLOWER DR APT 16,"BRYAN, TX 77802",32018891674,00001,03/03/2006,09/30/2006
"NOLAN D. SHIPMAN, M.D. & ASSOCIATES",INACTIVE,3201 UNIVERSITY DR E STE 375,"BRYAN, TX 77802",17418617399,00002,04/02/2011,12/31/2018
NOLEN'S,INACTIVE,3505 E 29TH ST,"BRYAN, TX 77802",32011182980,00001,01/01/2003,12/31/2003
NOLEN'S,ACTIVE,3505 E 29TH ST,"BRYAN, TX 77802",18000837908,00001,01/01/2004,
NONE-BAZAAR SALES,INACTIVE,712 INWOOD DR,"BRYAN, TX 77802",32049427811,00001,12/01/2012,12/31/2017
NONNY'S LITTLE FRIENDS,INACTIVE,2348 W BRIARGATE DR,"BRYAN, TX 77802",32025729420,00001,10/28/1991,12/31/1994
NORI'S HAIR STUDIO,INACTIVE,704 N ROSEMARY DR,"BRYAN, TX 77802",32006134772,00002,01/01/2003,06/16/2018
NORREAN SAGER-ARTIST,INACTIVE,2601 BRIAR OAKS,"BRYAN, TX 77802",32024991450,00001,11/15/1980,12/31/1981
NORRIS PRINTERS,INACTIVE,5912 SHEFFIELD TERRACE LN,"BRYAN, TX 77802",32008004551,00003,03/01/2005,12/25/2007
NORTH ISLAND TECHNOLOGIES,INACTIVE,5607 HAMPTON CT,"BRYAN, TX 77802",17531215360,00001,01/01/2013,06/30/2015
NORTHCRAFT,INACTIVE,3613 SUNNYBROOK LN,"BRYAN, TX 77802",32049345062,00001,11/01/2012,12/31/2013
"NORTHERN TOOL & EQUIPMENT COMPANY, INC.",ACTIVE,1900 AUSTINS COLONY PKWY,"BRYAN, TX 77802",14114053110,00048,08/26/2024,
NORWEST BANK TEXAS-BRYAN,INACTIVE,3000 BRIARCREST DR,"BRYAN, TX 77802",17417821000,00035,02/28/1993,11/22/1997
NOTES & NOTABLES,INACTIVE,6100 BASSETT CT,"BRYAN, TX 77802",32010193137,00001,09/10/2001,12/25/2005
NOTEWORTHY PAPER COMPANY,INACTIVE,21 GRAMERCY PARK DR APT 433,"BRYAN, TX 77802",32056340444,00001,03/01/2015,01/08/2018
NOVA TRADING LLC,INACTIVE,1716 BRIARCREST DR FL 3,"BRYAN, TX 77802",32073024773,00001,04/01/2020,12/31/2020
NOVAK'S NURSERY,INACTIVE,917 PARK LN,"BRYAN, TX 77802",32006100906,00001,01/01/1996,12/31/2005
NOVEDADES LOS CUATES,INACTIVE,1105 E 30TH ST,"BRYAN, TX 77802",32037580530,00004,11/01/2021,12/31/2023
NUECES AVIATION GROUP,INACTIVE,1713 BROADMOOR SUITE 100,"BRYAN, TX 77802",17422603708,00001,06/30/1984,06/30/1984
NURSES ARMOR,INACTIVE,3001 WILDFLOWER DR STE 811,"BRYAN, TX 77802",32059527401,00002,05/01/2017,03/31/2018
NV BEADED CREATIONS,INACTIVE,2411 DE LEE ST APT 1,"BRYAN, TX 77802",32028773961,00001,03/27/2007,12/25/2008
NXTGEN BLEND AND SERVICES LLC,INACTIVE,1722 BROADMOOR DR STE 202,"BRYAN, TX 77802",32081551049,00001,03/01/2022,06/30/2022
NXTGEN CHEMICAL TECHNOLOGIES LLC,ACTIVE,1722 BROADMOOR DR STE 202,"BRYAN, TX 77802",32086147231,00001,12/15/2022,
NXTGEN CHEMICALS,INACTIVE,1722 BROADMOOR DR STE 202,"BRYAN, TX 77802",32080797486,00001,09/01/2021,09/30/2024
NYSTEDT PIANO HOUSE,INACTIVE,2611 E 29TH,"BRYAN, TX 77802",32031370342,00003,11/26/1973,01/15/1982
NYSTEDT'S PIANO SERVICE,INACTIVE,2407 QUAIL HOLLOW DR,"BRYAN, TX 77802",32031370342,00002,01/01/1971,06/30/1982
NYSTEDT'S PIANO SERVICE,INACTIVE,3800 E 29TH APT 7,"BRYAN, TX 77802",32031370342,00001,10/01/1970,12/31/1970
O D LAWN SERVICE,INACTIVE,2101 WAYSIDE DR,"BRYAN, TX 77802",32031865689,00001,01/01/1993,01/01/2002
O P LAWN SERVICE,INACTIVE,2308 DEVONSHIRE,"BRYAN, TX 77802",17424541757,00001,10/01/1987,12/31/1992
O'NEAL LAWN MAINTENANCE & INDUSTRIAL WEED CONTROL,INACTIVE,2901 RUSTLING OAKS DR,"BRYAN, TX 77802",32006959707,00007,07/01/2003,12/31/2017
O'NEAL LAWN MAINTENANCE & INDUSTRIAL WEED CONTROL,INACTIVE,2608 MANCHESTER DR,"BRYAN, TX 77802",32006959707,00006,10/16/1995,06/30/2003
O'NEAL LAWN MAINTENANCE & LANDSCAPING,INACTIVE,1300 BRISTOL,"BRYAN, TX 77802",32006959707,00002,01/01/1989,09/30/1990
O'NEAL LAWN MAINTENANCE & LANDSCAPING,INACTIVE,1417 E WM J BRYAN PKWY,"BRYAN, TX 77802",32006959707,00001,10/01/1988,12/31/1988
O'REILLY AUTO PARTS #456,ACTIVE,1711 S TEXAS AVE,"BRYAN, TX 77802",18602213128,00184,01/01/2014,
OAK N BRASS FURNITURE,INACTIVE,1673 A BRIARCREST DR,"BRYAN, TX 77802",17420592275,00004,02/01/1986,12/31/1987
OAK VILLAGE RACQUET SHOP,INACTIVE,4455 CARTER CREEK PARKWAY,"BRYAN, TX 77802",17419118967,00001,03/01/1978,07/09/1980
OAK VILLAGE RACQUET SHOP,INACTIVE,4455 CARTER CK PARKWAY,"BRYAN, TX 77802",17418420083,00002,07/01/1977,02/28/1978
OAK'S FOOD MART,INACTIVE,3900 E 29TH ST,"BRYAN, TX 77802",32049776407,00001,02/01/2013,06/30/2014
OAKS AUTO CENTER,INACTIVE,3901 E 29TH ST,"BRYAN, TX 77802",17600352722,00005,01/26/1996,11/30/1998
OAKS AUTO CENTER,INACTIVE,3901 E 29TH ST,"BRYAN, TX 77802",17426502088,00001,11/17/1992,01/11/1996
OAKS FOOD MART,INACTIVE,3900 E 29TH ST,"BRYAN, TX 77802",32040328810,00001,11/01/2014,12/01/2016
OASIS POOLS,INACTIVE,2300 QUAIL HOLLOW DR,"BRYAN, TX 77802",32006702214,00001,06/04/2001,03/31/2023
OATES BROTHERS INC,INACTIVE,#3 OAK HOLLOW CIRCLE,"BRYAN, TX 77802",17419311265,00006,10/01/1989,05/31/1991
OCCASIONS BY CASEY,INACTIVE,1525 E 29TH ST APT 1202,"BRYAN, TX 77802",32020275346,00001,07/26/2006,08/17/2006
OCCASSIONS BY GRACE,INACTIVE,4310 MEADOWBROOK DR,"BRYAN, TX 77802",32003222471,00001,03/07/2001,12/13/2002
OCTAL COMPUTER SYSTEMS,INACTIVE,2301 BROADMOOR DR APT 257,"BRYAN, TX 77802",32031646006,00001,06/12/2000,12/31/2002
OCTOPUS ENTERPRISES,INACTIVE,2344 W BRIARGATE DR,"BRYAN, TX 77802",32028445610,00002,01/18/1994,12/31/1997
ODD JOBS INCORPORATED,INACTIVE,2015 B OLD HEARNE ROAD,"BRYAN, TX 77802",32029862318,00001,09/05/1990,12/31/1990
ODDS & ENDS,INACTIVE,4607 LOCKSFORD DR,"BRYAN, TX 77802",32009491575,00001,01/01/2001,12/31/2013
OFF THE WALL,INACTIVE,804 E VILLA MARIA RD,"BRYAN, TX 77802",32009628283,00004,07/01/2007,12/31/2007
OFF THE WALL,INACTIVE,818 E VILLA MARIA RD,"BRYAN, TX 77802",32020493089,00001,08/28/2006,06/30/2007
OFFICE EXPRESS,INACTIVE,1716 BRIARCREST DR STE 122,"BRYAN, TX 77802",32027834301,00002,07/01/1995,12/31/1995
OFFICE FURNITURE USA-DIV OF WILTON' OFFICEWORKS,ACTIVE,181 N EARL RUDDER FWY,"BRYAN, TX 77802",17427623859,00002,10/01/2000,
OFFICE HOLDINGS INC,INACTIVE,2009 S TEXAS AVE,"BRYAN, TX 77802",17518785203,00016,07/20/1992,06/30/2000
OFFICE ORDER,INACTIVE,3608 E 29TH ST STE 114,"BRYAN, TX 77802",17427280940,00004,01/01/2000,02/28/2001
OFFICIALS PLUS,ACTIVE,3208 SANDPIPER CIR,"BRYAN, TX 77802",32065810130,00002,04/01/2020,
"OGDEN EAGLE FORD, LLC",ACTIVE,3740 COPPERFIELD DR STE 103,"BRYAN, TX 77802",32049215042,00001,04/01/2017,
OH-MY-SOUL COOKIES & CAKES,INACTIVE,3809 OAK RIDGE DR,"BRYAN, TX 77802",32049043170,00001,10/01/2012,12/31/2019
"OH, HI! STUDIO",ACTIVE,2406 KENT ST,"BRYAN, TX 77802",32101199902,00001,09/05/2025,
"OH, LIVVY! CREATIONS",ACTIVE,3704 SIERRA DR,"BRYAN, TX 77802",32080096913,00001,08/01/2021,
"OHERBST, INC.",INACTIVE,1411 MEMORIAL DR STE B,"BRYAN, TX 77802",17427849405,00003,04/01/2022,
"OHERBST, INC.",INACTIVE,1411 MEMORIAL DR STE A,"BRYAN, TX 77802",17427849405,00002,04/01/2022,
OIL PAINTINGS BY OLIVE BLACK,INACTIVE,3805 COURTNEY CIR,"BRYAN, TX 77802",32006346814,00001,03/01/1994,09/30/2005
OL' JW'S COUNTRY STORE #10,INACTIVE,1920 S HWY 6,"BRYAN, TX 77802",17600866614,00011,01/01/1984,01/31/1985
OL' JW'S COUNTRY STORE #9,INACTIVE,4609 E 29TH,"BRYAN, TX 77802",17600866614,00012,01/01/1984,01/31/1985
OLAN MILLS,INACTIVE,4001 E 29TH NO112,"BRYAN, TX 77802",17509008706,00109,09/01/1986,12/31/1990
OLAN MILLS STUDIO #3221,INACTIVE,4001 E 29TH ST STE 112,"BRYAN, TX 77802",16212207977,00045,01/01/1991,01/24/1998
OLD COACH'S CORNER ANTIQUES,ACTIVE,2209 SHARON DR,"BRYAN, TX 77802",32014245941,00005,07/01/2006,
OLD TOWN FLEA MARKET,INACTIVE,202 W 15TH STREEK PKWY,"BRYAN, TX 77802",32024127519,00001,05/26/2000,07/31/2001
"OLDHAM GOODWIN FACILITIES AND MAINTENANCE, LLC",ACTIVE,2800 S TEXAS AVE STE 401,"BRYAN, TX 77802",32069146903,00001,01/01/2019,
OLYMPIC AUTOMOTIVE,INACTIVE,3510 EAST 29TH,"BRYAN, TX 77802",30004237365,00001,04/01/1979,12/31/1983
OLYMPIC AUTOMOTIVE INC,ACTIVE,3901 E 29TH ST,"BRYAN, TX 77802",17422384861,00002,09/01/2001,
OLYMPIC AUTOMOTIVE INC,ACTIVE,3510 E 29TH ST,"BRYAN, TX 77802",17422384861,00001,01/01/1984,
OMG! SEAFOOD LLC,ACTIVE,3227 S TEXAS AVE,"BRYAN, TX 77802",32065033998,00001,12/01/2017,
OMNI TECHNOLOGIES,INACTIVE,2500A PECAN RIDGE DR,"BRYAN, TX 77802",32000447501,00003,07/01/1998,12/31/1998
ON ALERT SECURITY,INACTIVE,3224 RED ROBIN LOOP,"BRYAN, TX 77802",32006347986,00001,08/10/2001,05/31/2003
ON TARGET-USA,INACTIVE,3723 E 29TH ST,"BRYAN, TX 77802",32005815413,00001,01/14/2000,12/25/2004
ON THE GO COMPUTER SERVICES,INACTIVE,1525 E 29TH ST APT 611,"BRYAN, TX 77802",32015927554,00001,10/04/2004,11/03/2005
ONE HOUR HEATING AND AIR CONDITIONING,INACTIVE,989 N EARL RUDDER FWY,"BRYAN, TX 77802",32083791411,00001,06/15/2022,08/19/2022
ONE STOP PRINT ALOT,INACTIVE,412 LESLIE DR,"BRYAN, TX 77802",32060930792,00001,07/05/2016,09/30/2016
ONE STOP STORE,INACTIVE,1710 S TEXAS AVE # 101C,"BRYAN, TX 77802",32010250713,00004,10/01/2004,11/16/2005
ONEMAIN FIN BRYAN TX,INACTIVE,3001 WILDFLOWER DR,"BRYAN, TX 77802",15221170077,00874,03/01/2014,09/30/2024
ONEMAIN FINANCIAL INC.,INACTIVE,3001 WILDFLOWER DR STE 911,"BRYAN, TX 77802",12743180106,00111,07/01/2011,10/31/2015
ONEMAIN GENERAL SERVICES CORPORATION,ACTIVE,3001 WILDFLOWER DR STE 911 C/O BRYAN TOWNE CTR,"BRYAN, TX 77802",32051243619,00022,02/01/2020,
"ONEY HERVEY PROPERTIES, L.L.C.",INACTIVE,4103 S TEXAS AVE STE 1000,"BRYAN, TX 77802",17426837849,00001,04/01/2014,04/01/2014
ONLY IMPULSE INC,INACTIVE,4103 S TEXAS AVE STE 220,"BRYAN, TX 77802",17524726340,00003,09/01/1998,10/31/1998
OPTIMUM,ACTIVE,4114 E 29TH ST,"BRYAN, TX 77802",32019880734,00008,05/05/2006,
ORB-WEAVER MEDIA INC,INACTIVE,2521 MANCHESTER DR,"BRYAN, TX 77802",17429625472,00001,10/01/2001,08/23/2004
ORIENTAL FOOD INC,INACTIVE,3409 S TEXAS AVE,"BRYAN, TX 77802",17604734198,00001,07/01/1995,01/31/1996
ORIENTAL FOOD MARKET,INACTIVE,3409 S TEXAS AVE,"BRYAN, TX 77802",17604018303,00002,01/01/1999,04/30/2000
ORIENTAL MARKET,INACTIVE,3409 S TEXAS AVE,"BRYAN, TX 77802",32010837428,00001,05/01/2000,12/31/2003
ORIENTAL MARKET,INACTIVE,3409 S TEXAS AVE,"BRYAN, TX 77802",32040427281,00001,11/01/2009,02/29/2016
ORIENTAL MARKET,INACTIVE,3409 S TEXAS AVE,"BRYAN, TX 77802",32032981329,00001,02/01/1996,04/01/1999
ORSAKS,INACTIVE,2511B S TEXAS AVE,"BRYAN, TX 77802",32010246976,00001,03/22/2003,06/30/2004
ORTHORX INC,INACTIVE,3201 UNIVERSITY DR E STE 125,"BRYAN, TX 77802",17529635488,00002,01/03/2002,03/31/2011
OSBORNE,INACTIVE,3902 E 29TH ST APT A11,"BRYAN, TX 77802",32042251697,00001,07/19/2010,12/31/2011
OSLER BOULEVARD FAMILY PRACTICE,INACTIVE,2710 OSLER BLVD,"BRYAN, TX 77802",32001540973,00001,06/30/2005,06/30/2005
OSPREY MOTOR CO,INACTIVE,2801 E VILLA MARIA RD,"BRYAN, TX 77802",30114462382,00002,01/01/2005,12/31/2018
"OTIS INSTRUMENTS, INC.",INACTIVE,2200 E VILLA MARIA RD,"BRYAN, TX 77802",17600713345,00007,05/01/2007,05/31/2020
OUR DAILY BREAD,INACTIVE,VILLA MARIA RD (MANOR EAST MALL),"BRYAN, TX 77802",32011571380,00001,11/12/1998,03/31/1999
"OUR HOTELS, LLC",INACTIVE,3081 UNIVERSITY DR E,"BRYAN, TX 77802",32044329418,00011,06/01/2017,03/31/2024
OUR KID'S CLOSET'S SALE,INACTIVE,3232 BRIARCREST DR,"BRYAN, TX 77802",32041576698,00003,03/29/2014,03/29/2014
OUR TERMINAL,ACTIVE,3705 CRESTON LN,"BRYAN, TX 77802",32074253603,00001,07/01/2022,
OUT OF THE DUST XX,INACTIVE,4107 CARTER CREEK PKWY,"BRYAN, TX 77802",32060616821,00001,06/11/2016,04/05/2018
OUTDOOR MAGIC,INACTIVE,2904 C PRAIRIE FLOWER,"BRYAN, TX 77802",32027386609,00001,10/18/1985,03/31/1988
OUTLAND DESIGN CO. LLC,ACTIVE,742 GARDEN ACRES BLVD,"BRYAN, TX 77802",32092940355,00001,04/03/2024,
OUTLAW SURVIVAL,INACTIVE,2631 TROPHY DR,"BRYAN, TX 77802",32084462996,00001,06/01/2022,09/20/2024
OVAC SERVICES,INACTIVE,3520 CARTER CREEK PKY,"BRYAN, TX 77802",17601971413,00002,01/01/1991,12/31/1996
OVAC SERVICES,INACTIVE,3518 CARTER CREEK,"BRYAN, TX 77802",17601971413,00001,10/01/1986,12/31/1990
OVER THE RAINBOW AND UNDER THE SEA,INACTIVE,1108 E 30TH ST,"BRYAN, TX 77802",32020498203,00001,08/29/2006,12/31/2007
OWEN FAMILY BUILDERS,INACTIVE,5905 KNIGHTSBRIDGE LN,"BRYAN, TX 77802",32068068710,00001,08/23/2018,12/01/2022
P & L SERVICES,INACTIVE,4029 GREEN VALLEY DRIVE,"BRYAN, TX 77802",32030511797,00001,10/01/1987,03/31/1988
P & S FOOD MART,INACTIVE,1101 E VILLA MARIA RD,"BRYAN, TX 77802",32061149772,00001,10/01/2016,10/31/2016
P C K LAWN CARE SERVICE,INACTIVE,HWY 6 5 MI E ON FM 1179 CARGHILL RANCH,"BRYAN, TX 77802",32027016883,00001,07/01/1991,06/30/1992
P C OUTLET,INACTIVE,3006 E 29TH ST STE 600,"BRYAN, TX 77802",32020210269,00001,09/01/1995,12/31/1995
P&H HOLDINGS OF EAST TEXAS LLC,ACTIVE,800 DELLWOOD ST STE 100,"BRYAN, TX 77802",32087298405,00001,12/19/2022,
"P&H SERVICES, LLC",INACTIVE,4103 S TEXAS AVE,"BRYAN, TX 77802",17428148062,00004,01/05/2016,08/03/2018
PAC COM PAGING,INACTIVE,1410 SOUTH TEXAS AVE,"BRYAN, TX 77802",32023237962,00001,03/12/1991,06/10/1995
PACEZONE LLC,INACTIVE,3708 E 29TH ST UNIT 333,"BRYAN, TX 77802",32087779180,00001,03/25/2023,
PACIFIC COAST HIGHWAY RESTAURANT,INACTIVE,3231 E 29TH ST,"BRYAN, TX 77802",17422048847,00001,07/01/1982,06/19/1984
PAGE PRINTS,INACTIVE,4344 CARTER CREEK PKWY,"BRYAN, TX 77802",32034053291,00001,11/02/2007,12/31/2009
PAGE PRINTS,INACTIVE,4344 CARTER CREEK PKWY,"BRYAN, TX 77802",32009460281,00002,01/01/2001,11/01/2007
PAGE PRINTS,INACTIVE,4348 CARTER CREEK PKWY STE 102,"BRYAN, TX 77802",32009460281,00001,01/01/2000,12/31/2000
PAGE SATELLITE SYSTEMS,INACTIVE,1128 VILLA MARIA,"BRYAN, TX 77802",30007200956,00002,07/01/1984,06/30/1987
PAGE 7 PRODUCTIONS LLC,INACTIVE,4475 CARTER CREEK PKWY APT 325,"BRYAN, TX 77802",32048477726,00001,08/13/2012,05/31/2022
PAINTING & MORE CONTRACTORS,INACTIVE,1522 OAKVIEW ST,"BRYAN, TX 77802",32005259182,00001,04/03/1997,12/31/1999
PAINTINGS BY HENRIETTA,INACTIVE,3412 PARKWAY TERRACE,"BRYAN, TX 77802",32005174811,00001,04/15/1983,12/25/1985
PAINTINGS BY IONA,INACTIVE,730 MARY LAKE,"BRYAN, TX 77802",32029468736,00001,05/01/1978,05/11/1988
PAISANO AUTOS,INACTIVE,1803 S TEXAS AVE,"BRYAN, TX 77802",32013624021,00001,02/01/2009,03/30/2009
PAK'S ATA BLACK BELT ACADEMY,INACTIVE,4232 BOONVILLE RD,"BRYAN, TX 77802",12014735786,00001,08/01/2004,12/31/2009
PAL' LTD,INACTIVE,801 SO ROSEMARY DR,"BRYAN, TX 77802",32004567155,00001,06/13/1972,06/30/1973
PALEOKE FOODS,INACTIVE,2000 WAYSIDE DR,"BRYAN, TX 77802",32040737028,00001,11/01/2009,12/31/2010
PALERMO PHOTOGRAPHY,INACTIVE,4605 TREADGOLD LN,"BRYAN, TX 77802",32032056742,00002,04/01/2010,01/01/2012
"PALETAS Y NIEVES ""LA MICHOACANA FUENTE DEL SABOR""",ACTIVE,3203 FREEDOM BLVD,"BRYAN, TX 77802",32081480793,00001,10/01/2021,
PALETTE WORKS,ACTIVE,2304 QUAIL HOLLOW DR,"BRYAN, TX 77802",32082287049,00001,12/16/2021,
PALLET PIRATES B/CS,ACTIVE,2400 BRIAR OAKS DR,"BRYAN, TX 77802",32028528662,00002,09/16/2024,
PAM'S BOOKKEEPING SERVICE,INACTIVE,2318 BRISTOL ST,"BRYAN, TX 77802",32041856199,00001,04/01/2010,09/30/2010
PAMPELL PERSONAL COMPUTERS,INACTIVE,2406A PECAN RIDGE DR,"BRYAN, TX 77802",32004606797,00001,03/15/2002,05/14/2003
PAMPERED PAWS,INACTIVE,822 VILLA MARIA,"BRYAN, TX 77802",32006946076,00002,06/10/1992,03/31/2002
PAMPERED PUP STUDIO,INACTIVE,4150 PENDLETON DR APT 734,"BRYAN, TX 77802",32077807736,00001,02/13/2021,03/30/2022
PANDA EXPRESS # 1120,INACTIVE,725 EAST VILLA MARIA RD,"BRYAN, TX 77802",19543185045,00042,08/01/2005,02/01/2011
PANDA EXPRESS #3306,ACTIVE,2206 BRIARCREST DR,"BRYAN, TX 77802",19543185045,00283,09/01/2020,
PAPA JOHN'S PIZZA #420,INACTIVE,3414 E 29TH ST,"BRYAN, TX 77802",17604240691,00020,05/01/1996,05/31/2002
PAPA MURPHY'S #117,INACTIVE,725 E VILLA MARIA RD STE 300,"BRYAN, TX 77802",12048638907,00001,07/16/2007,07/14/2017
PAPER IMAGES,INACTIVE,2800 BURR OAKS CIR,"BRYAN, TX 77802",32008385513,00001,04/01/1995,12/25/2002
PAPPAS KOLACHE CAFE,INACTIVE,1124 E VILLA MARIA RD,"BRYAN, TX 77802",32053308261,00004,11/14/2018,09/30/2019
PAR UTILITIES INCORPORATED,INACTIVE,738 INWOOD DR,"BRYAN, TX 77802",17416992000,00001,01/01/1972,03/31/1976
PARADISE PARTIES,INACTIVE,4116 WILLOW OAK ST,"BRYAN, TX 77802",32030099785,00001,05/20/1998,10/31/2000
PARAMOUNT TOBACCO INC,ACTIVE,1517 S TEXAS AVE,"BRYAN, TX 77802",32062629251,00002,04/01/2019,
PARK AVENUE HAIR SALON,ACTIVE,3808B S TEXAS AVE,"BRYAN, TX 77802",32059021728,00001,07/01/2016,
"PARK HUDSON PLACE APARTMENTS, LLC",INACTIVE,4050 PENDLETON DR,"BRYAN, TX 77802",32057097878,00001,05/01/2015,05/01/2015
PARS MOTORS,INACTIVE,1708 E 29TH ST,"BRYAN, TX 77802",32017027445,00001,01/01/1996,12/31/1998
PARTINART,INACTIVE,3503 MIDWEST DR,"BRYAN, TX 77802",32022385051,00002,11/08/2006,12/25/2011
PARTLOW PRODUCTIONS,INACTIVE,3920 SIERRA CT,"BRYAN, TX 77802",32006477718,00001,10/01/1991,12/31/1998
PARTNERS IN CRAFTS,INACTIVE,4108 MEADOWBROOK DR,"BRYAN, TX 77802",30116411601,00001,02/16/1995,01/01/1996
PARTY CAKES DELIVERY,INACTIVE,2506 BRIAR OAKS DR,"BRYAN, TX 77802",32014851029,00001,08/02/1995,12/31/1995
PARTY FAVORS PLUS,INACTIVE,2611 E 29TH,"BRYAN, TX 77802",32030798253,00001,08/04/1992,12/31/1994
PARTY GENIE,INACTIVE,1817A WILDE OAK CIR,"BRYAN, TX 77802",32008388160,00002,09/28/2001,12/31/2003
PARTY GENIE,INACTIVE,725 E VILLA MARIA RD STE 208,"BRYAN, TX 77802",32008388160,00001,10/02/1999,06/30/2000
PARTY TIME,INACTIVE,1901 S TEXAS AVE,"BRYAN, TX 77802",17426467308,00001,07/01/1997,03/30/2000
PARTY TIME,INACTIVE,1901 S TEXAS AVE,"BRYAN, TX 77802",17418076166,00011,01/01/1992,06/30/1997
"PARTY TIME RENTALS, INC",INACTIVE,1904 S TEXAS AVE,"BRYAN, TX 77802",16805386030,00004,03/01/2004,01/31/2008
"PARTY TIME RENTALS, INC",INACTIVE,1710A S TEXAS AVE,"BRYAN, TX 77802",16805386030,00002,02/01/2003,02/29/2004
PASSPORT HEALTH OF BRYAN/COLLEGE STATION,INACTIVE,1716 BRIARCREST DR STE 327,"BRYAN, TX 77802",32034270390,00012,08/21/2014,09/30/2015
PASTELITOS CO,INACTIVE,2606 S TEXAS AVE,"BRYAN, TX 77802",32072172284,00001,10/01/2019,12/31/2019
PATH-2-SUCCESS,INACTIVE,3803 WOODMERE DR,"BRYAN, TX 77802",32027392771,00001,01/03/2000,03/31/2000
PATRICIA HOBBS,INACTIVE,3800 TANGLEWOOD DR,"BRYAN, TX 77802",32027045569,00001,10/05/1998,06/01/1999
"PATRICK S. BURCHFIELD, D.D.S., P.C.",INACTIVE,4444 CARTER CREEK PKWY STE 101,"BRYAN, TX 77802",32037039586,00001,10/15/2010,12/31/2014
PATRIOT ARMS CO,INACTIVE,2205 WAYSIDE DR,"BRYAN, TX 77802",30115197284,00001,11/01/1991,11/30/1993
PATTY CAKE,INACTIVE,3105 S TEXAS AVE STE 300,"BRYAN, TX 77802",32038348465,00002,12/06/2008,12/31/2008
PAUL H. BEST - BON DEL,INACTIVE,2527 WILLOWBEND,"BRYAN, TX 77802",32028010182,00001,08/01/1983,12/31/1987
PAULA C WYBLE,INACTIVE,3502 PARKWAY TER,"BRYAN, TX 77802",32018085392,00003,08/30/2005,12/31/2022
PAULA CASTANEDA,INACTIVE,2929 KENT ST APT 212,"BRYAN, TX 77802",32050149031,00002,04/24/2014,06/30/2014
PAULA W BOOTH,INACTIVE,4029 KENWOOD DRIVE,"BRYAN, TX 77802",32032630462,00001,10/07/1991,04/01/1992
PAW PAW'S PARTY TRAIN,INACTIVE,2302 BURTON DR,"BRYAN, TX 77802",32049858361,00002,05/01/2013,12/31/2017
PAX SOLUTIONS,INACTIVE,1007 N EARL RUDDER FWY STE A200,"BRYAN, TX 77802",32006886983,00002,04/01/2001,01/31/2005
PAY-IT-FORWARD MAROON,INACTIVE,5725 CHELSEA CIR,"BRYAN, TX 77802",32029358127,00005,01/01/2018,12/31/2020
PAYLESS SHOESOURCE #270,INACTIVE,725 E VILLA MARIA RD # 3500,"BRYAN, TX 77802",14806740974,00656,12/15/2004,06/01/2019
PC - TELE COM LLC,INACTIVE,2402 BROADMOOR DR STE D2-109,"BRYAN, TX 77802",17428473288,00001,12/01/1997,12/31/2000
PC CAFE,ACTIVE,3201 UNIVERSITY DR E STE 230,"BRYAN, TX 77802",32083087729,00001,01/01/2023,
PC PRESENTATIONS,INACTIVE,913 GORDON,"BRYAN, TX 77802",32026858863,00002,01/01/1993,12/31/1993
PC RENTALS,INACTIVE,3416 OAK HILL DR,"BRYAN, TX 77802",30116325777,00001,07/01/1994,12/31/1995
PCA NATIONAL OF TEXAS LP,INACTIVE,2200 BRIARCREST DR,"BRYAN, TX 77802",15621988821,00045,07/01/2000,06/07/2007
PCW COLLECTIBLES,INACTIVE,4405 S TEXAS AVE,"BRYAN, TX 77802",32009295620,00001,04/01/1995,12/15/2006
PEACE PIPE,INACTIVE,3811 E 29TH ST,"BRYAN, TX 77802",32027301731,00001,08/10/1997,09/30/1997
PEACEWORKS WELLNESS CENTER,INACTIVE,2402 BROADMOOR DR STE A103,"BRYAN, TX 77802",32008985965,00003,02/11/2008,12/25/2010
PEACEWORKS WELLNESS CENTER,INACTIVE,1105 SKRIVANEK DR,"BRYAN, TX 77802",32008985965,00002,10/29/2002,05/31/2004
PEACOCKS AND PONYS,INACTIVE,3605 OLD OAKS DR,"BRYAN, TX 77802",32009880462,00011,01/01/2016,
PEARL SELECT,INACTIVE,2300 BROADMOOR DR APT 2,"BRYAN, TX 77802",32058595490,00001,10/20/2015,06/30/2017
PEARL'S FILM DEVELOPING,INACTIVE,800 OAK ST,"BRYAN, TX 77802",32025598676,00003,09/02/1980,11/30/1986
PEARL'S GREENHOUSE,INACTIVE,102 GORDON,"BRYAN, TX 77802",32025598676,00004,07/01/1980,06/30/1981
PEARL'S PICTURE PALACE,INACTIVE,3509 E 29TH,"BRYAN, TX 77802",32025598676,00001,10/01/1979,10/01/1979
PEARLS PICTURE PALACE,INACTIVE,800 OAK ST,"BRYAN, TX 77802",32025598676,00006,06/01/1987,03/29/1988
PEGGY HARDY,INACTIVE,2401 BRIARGATE,"BRYAN, TX 77802",32028085812,00001,08/19/1992,11/01/1992
PEGGY OSBORNE,INACTIVE,2304 W BRIARGATE DR,"BRYAN, TX 77802",32009649875,00001,10/03/1997,12/31/2003
PEGGY'S ANTIQUES & GIFT SHOP,INACTIVE,3909 CHESHIRE CT,"BRYAN, TX 77802",32009210561,00001,11/12/2002,03/31/2003
PEGGY'S GIFT & ANTIQUE SHOP,INACTIVE,3909 CHESHIRE CT,"BRYAN, TX 77802",32009210561,00002,04/15/2006,06/30/2006
PELT STUDIO,INACTIVE,802 EAGLE PASS ST APT A,"BRYAN, TX 77802",32062677763,00001,03/03/2017,12/31/2017
"PENICK IRRIGATION & LANDSCAPE, LLC",INACTIVE,2213 E BRIARGATE DR,"BRYAN, TX 77802",32078752238,00001,05/01/2021,02/28/2022
"PENNCRO ASSOCIATES, INC.",INACTIVE,3101 UNIVERSITY DR E,"BRYAN, TX 77802",12322384251,00002,04/01/2015,08/17/2015
PENSKE TRUCK LEASING CO,INACTIVE,220 N EARL RUDDER FWY,"BRYAN, TX 77802",12325186182,00080,10/01/2005,10/01/2022
PEP BOYS AUTO SERVICE & TIRES,ACTIVE,3300 S TEXAS AVE,"BRYAN, TX 77802",32052511832,00007,12/13/2013,
PEPSI-COLA METROPOLITAN BOTTLING CO,INACTIVE,EAST HIGHWAY 21,"BRYAN, TX 77802",11315843034,00005,07/01/1976,02/28/1990
PERCEPTION,INACTIVE,3607 OLD OAKS DRIVE,"BRYAN, TX 77802",32027544371,00001,03/01/1990,12/25/1993
PEREZ JEWELERS,ACTIVE,2520 WILLOW BEND DR,"BRYAN, TX 77802",32073897434,00001,04/07/2020,
PEREZ SUSTAITA EVENTS,ACTIVE,3703 HOLLY DR,"BRYAN, TX 77802",32091437387,00001,08/01/2025,
PERFECT BABY GIFTS,INACTIVE,2715 S TEXAS AVE,"BRYAN, TX 77802",32021010247,00001,04/20/1992,12/31/1993
PERFECT BABY GIFTS,INACTIVE,2715 S TEXAS AVE,"BRYAN, TX 77802",17426659805,00001,01/01/1994,12/31/1994
PERFECT FIT,INACTIVE,2401 BRIAR OAKS DR,"BRYAN, TX 77802",32005823599,00002,05/01/2010,07/31/2011
PERFECT IMAGE PHOTOGRAPHY,INACTIVE,1620B BARAK LN,"BRYAN, TX 77802",30115559525,00002,01/01/1995,12/31/1996
PERFECT IMAGE PHOTOGRAPHY,INACTIVE,1620B BARAK LN,"BRYAN, TX 77802",32029443127,00001,01/01/1997,11/30/1997
PERFECT TAN,INACTIVE,4001 E 29TH ST STE 109,"BRYAN, TX 77802",17426300103,00002,09/01/1993,04/20/1998
PERFECTIONS,ACTIVE,3141 BRIARCREST DR STE 526,"BRYAN, TX 77802",32011682195,00002,07/01/2023,
PERFORMANCE MAINTENANCE,INACTIVE,5552 SOMERFORD,"BRYAN, TX 77802",30115352616,00001,08/11/1992,07/31/1993
"PERICEPT, INC.",INACTIVE,4150 PENDLETON DR APT 434,"BRYAN, TX 77802",32058505028,00001,02/08/2016,08/16/2017
PERPETUAL VANILLA,ACTIVE,3800 S TEXAS AVE,"BRYAN, TX 77802",32023073565,00002,10/01/2014,
PERRY ENTERPRISES,INACTIVE,2806 APPLE CREEK,"BRYAN, TX 77802",32004724749,00001,01/02/1985,09/30/1987
PERSONAL INSPIRATIONS,INACTIVE,2709 ALLEN RIDGE DR,"BRYAN, TX 77802",32056125324,00001,06/01/2017,12/31/2017
PERSONAL TOUCH WORD PROCESSING SERVICES,INACTIVE,3210 BARAK LN # C,"BRYAN, TX 77802",32025570212,00001,10/01/1996,02/01/1997
PERSONALIZED PRODUCT LINE,INACTIVE,3611 HOLLY DR,"BRYAN, TX 77802",32020019322,00001,07/01/2006,10/30/2006
PET PARADISE,INACTIVE,1873 BRIARCREST DR,"BRYAN, TX 77802",17427036508,00003,01/01/1998,03/31/2000
PET STYLES,INACTIVE,822 E VILLA MARIA RD,"BRYAN, TX 77802",32008047170,00002,07/09/2001,11/30/2018
PET SUPPLIES PLUS,ACTIVE,3143 WILDFLOWER DR UNIT 700,"BRYAN, TX 77802",32055463775,00001,08/28/2016,
PETE'S AUTO CARE CENTER,INACTIVE,2501 E 29TH ST,"BRYAN, TX 77802",12629022935,00001,07/01/2008,12/31/2016
PETE'S EXXON,INACTIVE,2401 E 29TH ST,"BRYAN, TX 77802",32008437116,00002,01/01/2000,06/30/2008
PETE'S EXXON,INACTIVE,2401 E 29TH ST,"BRYAN, TX 77802",17427554450,00001,10/01/1995,12/31/1999
PETE'S RUSTIC COOLERS,INACTIVE,3821 RAVENWOOD DR,"BRYAN, TX 77802",32040407382,00001,10/02/2009,06/10/2010
PETERS & PETERS,INACTIVE,810 LEE HOLLOW DR,"BRYAN, TX 77802",32006751856,00002,03/22/2002,12/31/2020
PETES AUTO CARE CENTER INC,ACTIVE,2501 E 29TH ST,"BRYAN, TX 77802",32062260776,00001,01/01/2017,
PETTICOATS OF TEXAS,INACTIVE,2207 WAYSIDE,"BRYAN, TX 77802",32029217273,00002,05/01/1985,12/25/1986
PEYTON BRE WITH BELINDA AND ELIA PEREZ,INACTIVE,3703 HOLLY DR,"BRYAN, TX 77802",32069556697,00001,11/01/2018,03/31/2019
PHEBE'S TYPING SERVICE,INACTIVE,2911 PRAIRIE FLOWER APT A,"BRYAN, TX 77802",32029790493,00001,07/02/1993,01/01/1995
PHELPS OFFICE CENTER,INACTIVE,3800 S TEXAS AVE,"BRYAN, TX 77802",17422627657,00001,03/22/1983,05/31/1990
PHELPS OFFICE CENTER,INACTIVE,3505 EAST 29TH ST,"BRYAN, TX 77802",17422627657,00005,06/01/1990,11/30/1994
PHELPS OFFICE CENTER INC,INACTIVE,3505 E 29TH ST,"BRYAN, TX 77802",17422627657,00006,10/01/1995,10/01/1995
PHIL'S FRIENDS,INACTIVE,MANOR EAST MALL #11,"BRYAN, TX 77802",32021539641,00001,07/01/1987,06/01/1988
PHILIP COVINGTON,INACTIVE,2513 PINON CT,"BRYAN, TX 77802",32025901797,00001,03/05/1997,01/31/1999
PHILIP R ALEXANDER,INACTIVE,4738 RENWICK DR,"BRYAN, TX 77802",32009904650,00005,02/15/2001,12/25/2010
PHILLIP R ALEXANDER,INACTIVE,3801 COURTNEY,"BRYAN, TX 77802",32009904650,00002,05/12/1976,12/31/1989
PHILLIPS EVENT CENTER,INACTIVE,1929 COUNTRY CLUB DR,"BRYAN, TX 77802",32051505025,00001,10/01/2013,01/31/2021
PHILLY CONNECTIONS,INACTIVE,3310 E 29TH ST STE A,"BRYAN, TX 77802",32016004411,00001,03/01/2005,09/26/2006
PHONE DOCTOR OF BCS,ACTIVE,3221 S TEXAS AVE,"BRYAN, TX 77802",32050066821,00004,03/08/2023,
PHONE STORE,INACTIVE,3607 S TEXAS AVE,"BRYAN, TX 77802",12601448546,00009,02/03/2014,10/31/2017
PHONES UNLIMITED,INACTIVE,MANOREAST MALL,"BRYAN, TX 77802",17422573380,00001,04/01/1983,06/30/1983
PHOTO KWIK 3121,INACTIVE,1010 TEXAS AVENUE,"BRYAN, TX 77802",17423382567,00075,05/01/1986,09/30/1986
PHOTO SYNTHESIS PHOTOGRAPHY LLC,INACTIVE,2341 W BRIARGATE DR,"BRYAN, TX 77802",32047106938,00001,03/20/2012,06/30/2013
PHOTO-VISUAL AIDS,INACTIVE,1208 SKRIVANEK,"BRYAN, TX 77802",32025860399,00001,07/01/1978,12/25/1985
PHOTOGRAPHY BY DAN KORCZYNSKI,INACTIVE,4708 WARWICK LN,"BRYAN, TX 77802",32029094888,00002,01/01/1997,12/25/2000
PHYL'S KRAFTS,INACTIVE,3403 CARTER CREEK PKY,"BRYAN, TX 77802",32021706414,00002,01/01/1988,01/01/1995
PHYLLIS METZER,INACTIVE,1525 E 29TH ST SUITE 1007,"BRYAN, TX 77802",32029237115,00002,07/01/1991,01/31/1992
PHYSICIAN'S DERMA CARE,INACTIVE,1121 BRIARCREST DR STE 303,"BRYAN, TX 77802",17522417678,00003,07/01/2001,12/31/2004
PHYSICIANS HOME MEDICAL EQUIPMENT INC,INACTIVE,1200 BRIARCREST DR STE B,"BRYAN, TX 77802",17427265230,00002,01/01/1999,03/31/2005
"PHYSICIANS HOME MEDICAL EQUIPMENT, INC.",ACTIVE,1127 E VILLA MARIA RD,"BRYAN, TX 77802",17427265230,00003,01/01/2006,
PIC A TAPE #1,INACTIVE,4600 S TEXAS,"BRYAN, TX 77802",32004827997,00004,05/02/1972,11/08/1972
PICK BEAUTY CO,ACTIVE,3100 WILDFLOWER DR STE 304,"BRYAN, TX 77802",32074521462,00002,09/30/2020,
PICK'S BOUNCE HOUSE RENTAL CO,INACTIVE,1583 WOODBINE CT,"BRYAN, TX 77802",32017395834,00002,01/15/2013,01/28/2013
PICTUREME PORTRAIT STUDIO,INACTIVE,2200 BRIARCREST DR,"BRYAN, TX 77802",14316578757,00113,06/08/2007,05/01/2013
PIECED BY LUCY QUILTED BY ETHEL,INACTIVE,3313 OAK HOLLOW DR,"BRYAN, TX 77802",32024765425,00001,01/11/2007,12/25/2009
PIER 1 IMPORTS ASSOCIATC STORE,INACTIVE,601 VILLA MARIA MANOR EAST MALL,"BRYAN, TX 77802",32029078063,00001,10/15/1983,12/31/1986
PIERCE STACY INC,INACTIVE,2015 S TEXAS AVENUE,"BRYAN, TX 77802",17415996770,00001,04/01/1968,10/12/1983
PIERCING BY SCOTT,INACTIVE,2605 S TEXAS AVE,"BRYAN, TX 77802",32016103106,00001,06/01/2000,12/01/2001
PIGGLY WIGGLY #36,INACTIVE,3516 S TEXAS AVENUE,"BRYAN, TX 77802",17422566400,00001,02/19/1983,11/30/1985
PIGMINT PAPER CO,INACTIVE,801 DELLWOOD ST STE 311,"BRYAN, TX 77802",32055634128,00001,01/01/2015,03/31/2017
PIK PAK PUSH,INACTIVE,2920 KENT ST APT 184,"BRYAN, TX 77802",32052885020,00001,03/01/2014,11/30/2014
PINATERIA LA VICTORIA,INACTIVE,1402 S TEXAS AVE,"BRYAN, TX 77802",32072078374,00004,05/01/2023,01/01/2024
PINATERIA LA VICTORIA LLC,INACTIVE,1402 S TEXAS AVE,"BRYAN, TX 77802",32092162406,00001,11/17/2023,
PINS & NEEDLES,INACTIVE,2802 HILLSIDE DR,"BRYAN, TX 77802",32011043935,00001,04/01/2003,09/30/2007
PIONEER ENGINE TRUCK & EQUIPMENT,INACTIVE,1741 E BYPASS LOOP 6,"BRYAN, TX 77802",17422817548,00001,08/22/1983,09/01/1984
"PIRANHA FITNESS STUDIO, LLC",ACTIVE,3900 E 29TH ST,"BRYAN, TX 77802",32044848250,00002,11/01/2024,
PIXEL PAZ,ACTIVE,5312 DRAYCOTT CT,"BRYAN, TX 77802",32092085755,00001,02/01/2024,
PIXIES,INACTIVE,704 N ROSEMARY DR,"BRYAN, TX 77802",32002072349,00003,01/01/2002,05/01/2002
PIXIES',INACTIVE,MANOR EAST MALL,"BRYAN, TX 77802",32002072349,00001,01/01/2000,12/31/2001
PIZZA GALLERY ETC,INACTIVE,1313SOUTH COLLEGE AVE,"BRYAN, TX 77802",32025022768,00001,03/01/1993,09/22/1993
PIZZA HUT,INACTIVE,3141 BRIARCREST DR STE 526,"BRYAN, TX 77802",10506120285,00019,01/04/2005,03/24/2014
PIZZA HUT # 012032,INACTIVE,2610 S TEXAS AVE,"BRYAN, TX 77802",17428687291,00004,03/12/1998,11/30/2003
PIZZA HUT # 012033,INACTIVE,3141 BRIARCREST DR STE 526,"BRYAN, TX 77802",17428687291,00027,03/12/1998,03/31/2005
PIZZA HUT #313410,INACTIVE,2610 S TEXAS AVE,"BRYAN, TX 77802",17515014177,00232,03/01/1992,03/11/1998
PIZZA HUT DELIVERY-BRIARCREST,INACTIVE,3131 BRIARCREST DR # 526,"BRYAN, TX 77802",17422332159,00003,04/22/1985,03/11/1998
PIZZA HUT OF BRYAN TOWN CENTER,ACTIVE,3001 WILDFLOWER DR,"BRYAN, TX 77802",10506120285,00054,12/01/2013,
PIZZA HUT-BRYAN 311410,INACTIVE,2610 S TEXAS AVE,"BRYAN, TX 77802",17418990382,00004,03/01/1977,03/12/1998
PIZZA INN,INACTIVE,2901 SO TEXAS AVE,"BRYAN, TX 77802",17602191052,00001,11/01/1987,12/31/1987
PIZZA INN OF BRYAN,INACTIVE,1803 GREENFIELD ST,"BRYAN, TX 77802",32005085066,00003,08/12/1974,05/31/1980
PLACIDE JANITORIAL SERVICE,INACTIVE,2000 KAZMEIER PLZ APT 1,"BRYAN, TX 77802",32014801065,00001,06/01/2004,09/30/2004
PLANET FITNESS,INACTIVE,1673 BRIARCREST DR STE A100,"BRYAN, TX 77802",32052076281,00001,04/01/2014,12/01/2016
PLANET FITNESS,ACTIVE,1673 BRIARCREST DR STE A100,"BRYAN, TX 77802",32061746023,00013,11/02/2016,
PLANET FITNESS BRYAN TEXAS,ACTIVE,1673 BRIARCREST DR STE A100,"BRYAN, TX 77802",14109653742,00154,05/01/2014,
PLANET K,ACTIVE,3218 S TEXAS AVE,"BRYAN, TX 77802",15625022973,00024,06/01/2017,
PLANNER ON CALL LLC,INACTIVE,2101 BARAK LN APT 5,"BRYAN, TX 77802",32060783621,00001,07/20/2016,12/31/2017
PLANNING BOARD,INACTIVE,3504 OAKSIDE,"BRYAN, TX 77802",32023726691,00004,01/01/1981,12/25/1985
PLANT EQUIPMENT & SERVICES INC,INACTIVE,1806 WILDE OAK CIR,"BRYAN, TX 77802",17427969245,00002,01/01/2000,09/30/2001
PLANTSCAPES,INACTIVE,1707 E 27TH ST,"BRYAN, TX 77802",17601441391,00001,07/01/1985,02/21/1989
PLANTSCAPES,INACTIVE,3522 MIDWEST DR,"BRYAN, TX 77802",32031311965,00002,05/01/1990,12/31/1990
PLATINUM HITS,INACTIVE,804 OAK ST,"BRYAN, TX 77802",32032831151,00002,10/25/2001,06/06/2002
PLATINUM HITS,INACTIVE,806 OAK ST,"BRYAN, TX 77802",32003616441,00001,08/20/2001,09/30/2001
PLAY ACCESS,INACTIVE,840 S ROSEMARY DR,"BRYAN, TX 77802",32029858621,00001,01/01/1992,12/31/1995
PLAYING TRADE,INACTIVE,3001 WILDFLOWER DR,"BRYAN, TX 77802",12635211159,00001,12/01/2008,01/10/2011
PLAZA CLUB,INACTIVE,3000 BRIARCREST DR,"BRYAN, TX 77802",17523308132,00001,01/01/1994,12/21/1994
PLAZA CLUB,INACTIVE,3000 BRIARCREST STE 600,"BRYAN, TX 77802",17518781988,00002,05/01/1986,12/21/1994
PLAZA CLUB,INACTIVE,1735 BRIARCREST SUITE 204,"BRYAN, TX 77802",17518781988,00001,04/02/1985,04/30/1986
PLEASURE NOVELTIES,INACTIVE,4121 KENWOOD DR,"BRYAN, TX 77802",32010757618,00001,03/01/2003,04/01/2004
PLECO'S,INACTIVE,3607 PARKWAY TER,"BRYAN, TX 77802",14316653204,00004,07/01/1998,12/25/2013
"PMG AUTO SALES OF BRAZOS VALLEY, LLC",INACTIVE,728 N EARL RUDDER FWY,"BRYAN, TX 77802",32049571337,00001,12/21/2012,12/31/2018
POLARHIDE LLC,ACTIVE,4401 BROMPTON LN,"BRYAN, TX 77802",32040222021,00004,10/20/2021,
POLARHIDE LLC,INACTIVE,3708 E 29TH ST STE 151,"BRYAN, TX 77802",32040222021,00002,05/01/2013,03/31/2019
POLARIS FUN CENTER,ACTIVE,1517 S TEXAS AVE,"BRYAN, TX 77802",32042793029,00001,01/08/2011,
POLARIS FUN CENTER,ACTIVE,1515 S TEXAS AVE,"BRYAN, TX 77802",32042793029,00004,08/28/2025,
POLARIS FUN CENTER,INACTIVE,1501 S TEXAS AVE,"BRYAN, TX 77802",32042793029,00002,08/01/2016,08/27/2025
POLKA DOTS BOUTIQUE,ACTIVE,4002 GLENN OAKS DR,"BRYAN, TX 77802",32084709925,00001,08/01/2022,
POLLO TOTE 1,INACTIVE,3227 S TEXAS AVE,"BRYAN, TX 77802",32056758587,00001,05/21/2015,10/31/2016
POLLY'S QUILT COTTAGE,INACTIVE,3705 E 29TH ST STE A,"BRYAN, TX 77802",32027591828,00005,09/01/1996,12/31/1998
POLLY'S QUILT COTTAGE,INACTIVE,3211 S TEXAS AVE,"BRYAN, TX 77802",32001148991,00001,12/01/1998,09/14/2002
POLLYANNA'S QUILT COTTAGE,INACTIVE,3707 E 29TH ST,"BRYAN, TX 77802",32027591828,00004,02/25/1994,08/31/1996
POLLYANNA'S QUILT COTTAGE,INACTIVE,917 STANFIELD CIR,"BRYAN, TX 77802",32027591828,00003,01/01/1991,04/01/1996
PONCHITO'S MEXICAN RESTAURANT,INACTIVE,1714 S TEXAS AVENUE,"BRYAN, TX 77802",32005543148,00001,08/28/1981,12/17/1983
PONISH SEWING MACHINE SERVICE,INACTIVE,1301 E 29TH ST,"BRYAN, TX 77802",32018512700,00003,01/01/1984,12/31/1997
POOL PRODUCTION SERVICES CO,INACTIVE,8 MI W FM 2818,"BRYAN, TX 77802",17510461985,00073,01/01/1986,12/31/1988
POOL PRODUCTION SERVICES CO,INACTIVE,1737 BRIARCREST SUITE #11,"BRYAN, TX 77802",17510461985,00033,06/01/1982,12/31/1985
POP-ABILITIES,INACTIVE,3737 E 29TH ST,"BRYAN, TX 77802",32006921574,00002,09/01/2001,03/31/2003
POP-ABILITIES UNLIMITED,INACTIVE,3737-A E 29TH ST,"BRYAN, TX 77802",32023477626,00001,10/15/1985,08/28/1995
"POPCORN FLAVORS, LLC",INACTIVE,3121 WILDFLOWER DR STE 400,"BRYAN, TX 77802",32055584612,00001,05/01/2015,03/31/2020
POPE WORLDWIDE VENTURES INC,INACTIVE,1701 WOODLAND DR,"BRYAN, TX 77802",32040249669,00001,10/01/2009,12/31/2010
POPEYE'S #23,ACTIVE,890 N EARL RUDDER FWY,"BRYAN, TX 77802",32039770576,00082,01/16/2015,
POPEYES,INACTIVE,2501 S STATE HIGHWAY 6,"BRYAN, TX 77802",17521973846,00004,04/30/1997,10/31/2000
POPEYES CHICKEN & BISCUITS,INACTIVE,2501 S STATE HIGHWAY 6,"BRYAN, TX 77802",17429393816,00003,01/14/2000,10/02/2011
POPPIN'R KETTLE CORN,ACTIVE,3604 MIDWEST DR,"BRYAN, TX 77802",32068739229,00001,11/16/2018,
POPPY DOT,ACTIVE,2104 BRIAR OAKS DR,"BRYAN, TX 77802",32062158905,00001,02/02/2018,
POPPYS' APOTHECARY,INACTIVE,2888 NASH ST UNIT 1021,"BRYAN, TX 77802",32075682727,00001,08/01/2022,12/31/2024
POPS CONCESSIONS & MORE,INACTIVE,2602 PRISCILLA CT,"BRYAN, TX 77802",32014514023,00009,01/01/2016,10/07/2019
POPSHELF STORE #25521,ACTIVE,3163 WILDFLOWER DR,"BRYAN, TX 77802",16111931362,02607,08/15/2023,
PORCELAIN PARADISE GIFTS & ANTIQUES,INACTIVE,2505 RIVER FOREST,"BRYAN, TX 77802",32026397953,00001,07/09/1980,12/31/1981
PORT-A-LABS,INACTIVE,2703 VILLA MARIA RD,"BRYAN, TX 77802",32025838635,00001,04/01/1979,12/25/1985
PORTMARQ,ACTIVE,1770 BRIARCREST DR,"BRYAN, TX 77802",32045882274,00001,11/01/2014,
POSEIDON,INACTIVE,2909 WOODMEADOW,"BRYAN, TX 77802",32009448419,00002,10/01/1973,06/30/1974
POSH PAPERS,INACTIVE,4001 E 29TH ST #108,"BRYAN, TX 77802",17421703301,00002,09/01/1986,07/25/1989
POST SCRIPT PUBLISHING,INACTIVE,2201 QUAIL HOLLOW DR,"BRYAN, TX 77802",32007381216,00001,08/09/2002,12/25/2005
POSTAL PLUS,INACTIVE,3723 E 29TH ST,"BRYAN, TX 77802",32028316316,00002,01/01/1991,12/31/2001
POSTAL PLUS,INACTIVE,3708 E 29TH ST,"BRYAN, TX 77802",12600301977,00001,01/01/2002,01/15/2017
POT HEADS PLANT SHOP,INACTIVE,1513 HOLLOWHILL DR APT A,"BRYAN, TX 77802",32080321717,00001,12/01/2021,
POTATO SHACK,INACTIVE,3414 E 29TH ST,"BRYAN, TX 77802",13001254732,00001,01/10/2003,06/01/2007
POTPOURRI & PETALS,INACTIVE,3902 E 29TH ST APT R-16,"BRYAN, TX 77802",32021639698,00001,10/01/1986,12/31/1994
POTTER ENTERPRISES,INACTIVE,3534-D MIDWEST,"BRYAN, TX 77802",32009742068,00001,09/27/1993,01/01/1994
POWER KIDS,INACTIVE,4001 E 29TH ST STE 1701D,"BRYAN, TX 77802",17427270719,00001,07/01/1994,12/31/1995
POWER UP COMPUTERS,INACTIVE,4418 KIRKWOOD DR,"BRYAN, TX 77802",32022059359,00001,01/01/1993,01/01/1997
POWERWARE SOLUTIONS INC,INACTIVE,4001 E 29TH ST STE 170N,"BRYAN, TX 77802",17427052018,00002,12/01/1996,12/31/2000
POWERWARE SOLUTIONS INC,INACTIVE,719 MEADOW LN,"BRYAN, TX 77802",17427052018,00001,03/22/1994,09/30/1996
POWERWARE SOLUTIONS INC,INACTIVE,719 MEADOW LN,"BRYAN, TX 77802",17427052018,00001,10/01/1996,11/30/1996
POWP.BIZ,INACTIVE,5600 HAMPTON CT,"BRYAN, TX 77802",32011119958,00001,04/10/2003,06/30/2003
PRACTICE TECHNOLOGY SOLUTIONS INC,INACTIVE,3780 COPPERFIELD DR APT 1227,"BRYAN, TX 77802",13202347921,00001,08/01/2008,06/30/2009
PRAVNA LLC,INACTIVE,4103 S TEXAS AVE STE 204,"BRYAN, TX 77802",32033656847,00001,08/30/2007,12/31/2013
PRAXAIR HEALTHCARE SERVICES,INACTIVE,3030 E 29TH ST STE 112,"BRYAN, TX 77802",17427180371,00002,11/01/1999,02/29/2012
PRECAST CONCRETE PRODUCTS,INACTIVE,3780 COPPERFIELD DR APT 618,"BRYAN, TX 77802",32018849748,00001,01/06/2006,12/25/2014
PRECIOUS MEMORIES MEMORIAL CO,INACTIVE,3604 S TEXAS AVE,"BRYAN, TX 77802",32029077586,00001,01/01/1995,01/01/2001
PRECIOUS MEMORIES MEMORIAL CO,INACTIVE,3604 SOUTH TEXAS AVE,"BRYAN, TX 77802",30113609652,00001,05/15/1989,12/31/1994
PRECISION AESTHETICS,ACTIVE,3201 UNIVERSITY DR E STE 375,"BRYAN, TX 77802",32084026429,00001,04/13/2022,
PRECISION AMMUNITION & SHOOTING SUPPLIES INC,INACTIVE,2402 BROADMOOR DR STE D2-101,"BRYAN, TX 77802",17427536739,00001,11/01/1995,12/31/1997
PRECISION TANK MONITORING,INACTIVE,4521 KENSINGTON RD,"BRYAN, TX 77802",32025142004,00001,09/05/1994,11/01/1996
PREFERENCE INN,INACTIVE,1601 S TEXAS AVE,"BRYAN, TX 77802",17425277930,00001,04/06/1989,12/31/2004
PREMIER CABLE,INACTIVE,1673 BRIARCREST DR STE 106-B,"BRYAN, TX 77802",17425564667,00003,03/15/1993,03/31/1996
PREMIER CONCEPTS,INACTIVE,402 JUNE ST,"BRYAN, TX 77802",32039571743,00001,05/22/2009,03/31/2010
PREMIER CONTRACTING SERVICE,INACTIVE,1011 EDGEWOOD DR,"BRYAN, TX 77802",16805181209,00001,07/01/2002,06/30/2003
PREMIER GRAPHICS,INACTIVE,1673 BRIARCREST--TRAVIS LANDING,"BRYAN, TX 77802",32005259596,00001,01/01/1992,07/29/1994
PREMIER GRAPHICS & SIGNS,INACTIVE,1673 BRIARCREST,"BRYAN, TX 77802",30117353356,00001,08/04/1994,11/30/1994
PREMIER IMAGES,INACTIVE,5901 KNIGHTSBRIDGE LN,"BRYAN, TX 77802",32029344655,00001,07/24/1992,06/01/1996
PREMIER LANDSCAPE SERVICES INC,INACTIVE,902 KASSERMAN ST,"BRYAN, TX 77802",17429024775,00001,02/01/1999,06/05/2000
"PREMIER PLUS MEDICAL HOLDINGS-1, LLC",INACTIVE,3201 UNIVERSITY DR E STE 135,"BRYAN, TX 77802",32053861939,00002,04/01/2022,04/01/2022
PREMIER PRINTING & SIGNS,INACTIVE,1673 BRIARCREST DR # 105,"BRYAN, TX 77802",17427320274,00001,01/03/1995,12/31/1995
PREMIER SIGNS,INACTIVE,1673 BRIARCREST SUITE A104,"BRYAN, TX 77802",30115353481,00001,01/01/1993,07/29/1994
PREMIER VIDEO,INACTIVE,3808 S TEXAS AVE,"BRYAN, TX 77802",30007269662,00005,02/22/1984,06/30/1984
PREMIERE CAFE BISTRO,INACTIVE,950 N EARL RUDDER FWY,"BRYAN, TX 77802",17428814291,00005,12/11/2009,01/01/2011
PREMIUM PRINTS,INACTIVE,4400 CARTER CREEK PKWY APT 301,"BRYAN, TX 77802",32005529154,00001,05/08/2002,12/25/2004
PRESTIGE CLEANERS,INACTIVE,3617A ELLIOT,"BRYAN, TX 77802",32028898529,00001,03/01/1991,07/01/1992
PRESTINE CONTRACTING,INACTIVE,2532 PINON CT,"BRYAN, TX 77802",32016888284,00001,02/09/1999,09/15/1999
PRESTWICK CAPITAL CORPORATION,INACTIVE,1716 BRIARCREST DR STE 400,"BRYAN, TX 77802",17426205427,00001,01/01/1992,01/01/2003
"PRETTY GOOD DANCING, LLC",ACTIVE,4616 PEMBROOK LN,"BRYAN, TX 77802",32074456743,00001,06/01/2022,
PRETTY STUFF,INACTIVE,2301 BROADMOOR #227,"BRYAN, TX 77802",32027964223,00001,05/10/1990,12/31/1990
PRETTY STUFF TOO,INACTIVE,2301 BROADMOOR #227,"BRYAN, TX 77802",32027964223,00002,12/01/1991,12/31/1992
PRICE GIRLS DESIGNS,INACTIVE,1509 PRAIRIE DR,"BRYAN, TX 77802",32004400738,00001,03/01/2002,09/30/2003
PRICO BUILDING SYSTEMS,INACTIVE,508 AVONDALE,"BRYAN, TX 77802",32005653046,00001,05/22/1984,06/30/1987
PRIDE AND TRADITION,INACTIVE,3700 PLAINSMAN # 37,"BRYAN, TX 77802",32021254548,00002,01/01/1993,03/31/1994
PRIDE AND TRADITION,INACTIVE,3601 E 29TH #10,"BRYAN, TX 77802",32021254548,00001,05/28/1992,12/31/1992
PRIDE AND TRADITON,INACTIVE,3806 COURTNEY CIR,"BRYAN, TX 77802",32021254548,00003,04/01/1994,03/10/1998
PRIDE CLEANERS,INACTIVE,4031 E 29TH ST STE 100,"BRYAN, TX 77802",17427056654,00001,10/18/1994,01/01/2022
PRIDE CLEANERS,ACTIVE,4031 E 29TH ST,"BRYAN, TX 77802",32081591870,00001,01/03/2022,
PRIDE CLEANERS,ACTIVE,4031 E 29TH ST STE 100,"BRYAN, TX 77802",32094350850,00001,08/01/2024,
PRIMAVERA HAIR STUDIO,INACTIVE,3100 WILDFLOWER DR STE 304,"BRYAN, TX 77802",32075679269,00001,10/01/2020,
PRIME MEDICAL WEAR LLC,INACTIVE,4607 LOCKSFORD DR,"BRYAN, TX 77802",32081745005,00001,10/01/2021,06/30/2022
PRIME TIME,INACTIVE,1525 E 29TH ST APT 602,"BRYAN, TX 77802",32028051491,00001,01/01/1990,01/01/1998
PRIME TIME EXECUTIVE WEAPONS,INACTIVE,3807 SPRING HOLLOW,"BRYAN, TX 77802",32028050758,00001,07/11/1991,07/01/1994
PRIMO'S STREET TEES,INACTIVE,3902 E 29TH ST APT D5,"BRYAN, TX 77802",32045385500,00001,10/25/2011,12/31/2011
PRINTABLES,INACTIVE,2205 BARAK LN,"BRYAN, TX 77802",32023016168,00001,02/01/1997,12/25/2000
PRINTED TULIP,INACTIVE,4726 TIFFANY PARK CIR,"BRYAN, TX 77802",32063404795,00001,05/01/2017,12/31/2017
PRINTING PLUS,INACTIVE,3729 EAST 29TH ST,"BRYAN, TX 77802",32028316316,00003,10/14/1991,06/30/1992
PRISTINE POOL SERVICE,INACTIVE,4501 LITTLETON CT,"BRYAN, TX 77802",32011508267,00003,01/01/2013,01/31/2014
PRIVATE GARDEN,INACTIVE,4120 KNIGHTSBRIDGE LN,"BRYAN, TX 77802",32016785134,00002,11/20/1993,01/01/1994
PRN MEDICAL ELECTRONIC BILLING SOLUTIONS,INACTIVE,804 A EAGLE PASS,"BRYAN, TX 77802",32032564133,00002,07/01/1996,03/31/1997
PRO-TEX MOBILE ELECTRONICS,INACTIVE,4405 CARTER CREEK PKWY APT 3,"BRYAN, TX 77802",32010117862,00003,11/19/1997,12/25/1998
PRO-TEX STAIN AND SEAL LLC,INACTIVE,3801 BARNSLEY CT,"BRYAN, TX 77802",32063674215,00001,05/10/2017,03/31/2019
PROBLEM-STOCK-LIQUIDATOR.COM,INACTIVE,3811 COURTNEY CIR,"BRYAN, TX 77802",32036623885,00001,03/28/2008,12/19/2008
PRODUCTION & DESIGN,INACTIVE,2100 VILLA MARIA RD SUITE 102,"COLLEGE STATION, TX 77802",17427346444,00001,10/01/1994,06/30/1995
PRODUCTION AND DESIGN BRYAN,INACTIVE,2100 VILLA MARIA STE 102,"BRYAN, TX 77802",32028366865,00001,09/01/1995,12/30/1995
PROFESSIONAL BLUELINE SERVICES,INACTIVE,3702 OLD OAKS DR,"BRYAN, TX 77802",32009384028,00002,01/01/1999,12/31/2003
PROFESSIONAL BUSINESS COMPUTER SERVICE,INACTIVE,2300 BROADMOOR,"BRYAN, TX 77802",32024342928,00001,01/14/1993,09/30/1994
PROFESSIONAL BUSINESS SERVICES,INACTIVE,3608-A MAJOR,"BRYAN, TX 77802",32025218267,00002,07/22/1988,02/28/1992
PROFESSIONAL CAR SERVICES INC,INACTIVE,1101 VILLA MARIA,"BRYAN, TX 77802",17423121049,00002,05/16/1983,08/02/1984
PROFESSIONAL CHOICE CLEANING AND SUPPLY,ACTIVE,3416 PARKWAY TER,"BRYAN, TX 77802",32091223597,00001,08/01/2023,
PROFESSIONAL CULINARY DESIGNS & MANAGEMENT SERV,INACTIVE,1207 BROADMOOR DR,"BRYAN, TX 77802",32016988118,00001,04/01/2005,12/31/2007
PROFESSIONAL DRILLING FLUIDS INC,INACTIVE,HWY 58 BOONEVILLE ACROSS FROM CEMETARY,"BRYAN, TX 77802",17421470349,00003,02/01/1981,09/30/1981
PROFESSIONAL FLOOR SERVICES & JANITORIAL,INACTIVE,4714 TIFFANY PARK CIR,"BRYAN, TX 77802",32030518214,00003,01/01/2000,12/31/2001
PROFESSIONAL PC SERVICES,INACTIVE,2904 HILLSIDE,"BRYAN, TX 77802",17423303183,00001,09/21/1984,03/01/1986
PROFESSIONAL PEST CONTROL,ACTIVE,4711 HUNINGTON DR,"BRYAN, TX 77802",17429266525,00001,01/01/2000,
PROFESSIONAL PEST CONTROL,INACTIVE,3606 OAK RIDGE DR,"BRYAN, TX 77802",32028060021,00002,04/01/1990,12/31/1999
PROFESSIONAL PRINTS,INACTIVE,4400 CARTER CREEK PKWY APT 301,"BRYAN, TX 77802",32011149013,00001,04/08/2003,06/30/2003
PROFITLINE COLLECTION SERVICES INC,INACTIVE,1713 BROADMOOR DR STE 200,"BRYAN, TX 77802",12022710334,00001,06/01/2005,12/31/2006
PROGRESS SUPPLY,INACTIVE,1242 VILLA MARIA,"BRYAN, TX 77802",32012965193,00001,10/23/1978,03/31/1981
PROGRESS SUPPLY INC,INACTIVE,1242 E VILLA MARIA RD,"BRYAN, TX 77802",17421856802,00001,04/01/1981,07/31/2007
PROGRESSIVE AUTOMOTIVE,INACTIVE,1611 S COLLEGE,"BRYAN, TX 77802",32030075090,00002,11/01/1991,06/30/1993
PROGRESSIVE COMPUTING SERVICES,INACTIVE,3529-A MIDWEST DR,"BRYAN, TX 77802",32031764908,00001,02/01/1993,09/30/1994
PROGRESSIVE PIERCINGS,INACTIVE,2715 S TEXAS AVE,"BRYAN, TX 77802",32032032933,00001,09/07/1997,03/31/1998
PROJECT: YOGURT,INACTIVE,725 E VILLA MARIA RD STE 2700,"BRYAN, TX 77802",32041050652,00001,09/01/2010,10/31/2013
"PRONTO SERVICES, LLC",ACTIVE,1733 BRIARCREST DR STE 210,"BRYAN, TX 77802",32050868325,00001,08/01/2015,
PROPELLER-HEAD,INACTIVE,801 DELLWOOD ST # 372,"BRYAN, TX 77802",32069888777,00001,03/04/2019,03/25/2021
PROPERTY DAMAGE APPRAISERS,INACTIVE,3501 S TEXAS AVE,"BRYAN, TX 77802",32022750767,00001,12/15/1994,05/28/1999
PROSCAPES,INACTIVE,3805 WOODMERE DR,"BRYAN, TX 77802",32026386170,00001,07/05/2000,10/01/2000
PROTECH SERVICES,INACTIVE,3900 KELLI LN,"BRYAN, TX 77802",32028032814,00001,05/29/2001,09/30/2001
PROTEINALICIOUS,INACTIVE,3609 E 29TH ST STE A,"BRYAN, TX 77802",32087653898,00002,05/01/2024,06/01/2025
"PROVIDENCE SUPPLY, LLC",INACTIVE,3910 WINDOWMERE ST,"BRYAN, TX 77802",32042863178,00001,11/08/2010,06/30/2012
PROWAY COMPUTER SERVICES,INACTIVE,2510B PECAN RIDGE DR,"BRYAN, TX 77802",32006888260,00004,10/01/1997,08/22/1999
PRUITT'S QUILT SHOP,INACTIVE,3803C S TEXAS AVE,"BRYAN, TX 77802",32008390943,00001,04/01/1993,07/04/1997
PS PARTIES AND EVENTS LLC,INACTIVE,4050 PENDLETON DR APT 427,"BRYAN, TX 77802",32040024112,00002,07/01/2010,12/31/2010
PS SALON & SPA,ACTIVE,4091 EASTCHESTER DR,"BRYAN, TX 77802",32047104552,00048,12/12/2019,
PSYCHONAUTS,INACTIVE,3518 GREEN RIDGE CIR,"BRYAN, TX 77802",12648082472,00001,04/01/2010,09/30/2010
PTR SERVICES,INACTIVE,1322 LYNDHURST,"BRYAN, TX 77802",17600302636,00001,10/01/1986,10/01/1986
PUBLIC & MAIN THE SOCIAL KITCHEN,INACTIVE,4401 S TEXAS AVE,"BRYAN, TX 77802",12620287255,00002,07/01/2014,01/31/2023
PULGUITA TOOLS,ACTIVE,1418 S TEXAS AVE,"BRYAN, TX 77802",32101890633,00001,09/25/2025,
PURE ENERGY DANCE,INACTIVE,1865 BRIARCREST DR,"BRYAN, TX 77802",32056456711,00006,01/01/2016,12/31/2024
PURE HOME TECHNOLGIES,INACTIVE,3505 CURTIS ST # A,"BRYAN, TX 77802",32008399860,00005,02/18/2003,10/05/2005
PURE ROMANCE BY CAROL,INACTIVE,3535 PLAINSMAN LN APT F73,"BRYAN, TX 77802",32020777440,00001,10/21/2006,05/10/2007
PURPLE CACTUS,INACTIVE,710 ROSEMARY,"BRYAN, TX 77802",32006128329,00002,10/01/1995,12/18/1995
PURPLE PECAN,INACTIVE,2319 W BRIARGATE DR,"BRYAN, TX 77802",32027825952,00002,01/01/2011,06/30/2014
PURPLE TURTLE ART STUDIO,INACTIVE,800 MATOUS DR,"BRYAN, TX 77802",32004420942,00001,03/07/2002,03/31/2009
PURPOSEFUL DESIGN,ACTIVE,2907 BROADMOOR DR,"BRYAN, TX 77802",32078371526,00001,03/26/2021,
PURRFECTIONS,INACTIVE,3810 COURTNEY CIR,"BRYAN, TX 77802",32011682195,00001,07/01/2003,06/30/2023
PURVIS BEARING SERVICE,ACTIVE,1418 S TEXAS AVE,"BRYAN, TX 77802",17529054128,00031,03/01/2004,
PURVIS BEARING SERVICE,INACTIVE,1412 S TEXAS AVE,"BRYAN, TX 77802",17416868523,00032,08/01/2000,12/31/2000
PURVIS BEARING SERVICE,INACTIVE,1412 S TEXAS AVE,"BRYAN, TX 77802",17529054128,00021,01/01/2001,02/29/2004
PUT ONS BY JULE & CO,INACTIVE,730 MARY LAKE DR,"BRYAN, TX 77802",32008214671,00003,07/01/1996,12/31/1999
PUT ONS BY JULE & CO,INACTIVE,805 S GORDON ST,"BRYAN, TX 77802",32008214671,00004,01/01/2000,12/31/2002
PUTZ AND COMPANY,INACTIVE,3210 O C BARAK LANE,"BRYAN, TX 77802",30114360032,00001,06/14/1991,12/31/1991
PYLON GRAPHICS,INACTIVE,3219 S TEXAS AVE,"BRYAN, TX 77802",32006762937,00001,08/01/2000,12/31/2001
PYRAMIDS,INACTIVE,3700 S TEXAS AVE,"BRYAN, TX 77802",32095182443,00001,06/01/2024,
PYRO,INACTIVE,3700 S TEXAS AVE,"BRYAN, TX 77802",32033125132,00001,01/28/2008,04/14/2009
PYRO,INACTIVE,3700 S TEXAS AVE,"BRYAN, TX 77802",32011500785,00001,04/14/2009,04/14/2009
PYT CRAFT CUSTOM DESIGN,INACTIVE,3130 E 29TH ST APT 414,"BRYAN, TX 77802",32081178736,00001,10/01/2021,06/30/2024
Q I D LTD,INACTIVE,2316 DEVONSHIRE,"BRYAN, TX 77802",32023589461,00003,10/01/1987,10/01/1987
Q-TIME PROFESSIONAL SERVICES,INACTIVE,1503 BROADMOOR DR,"BRYAN, TX 77802",32021671378,00001,02/02/1995,11/21/1995
QLYNK COMMUNICATIONS INC,INACTIVE,4001 E 29TH ST # 170-0,"BRYAN, TX 77802",17429599099,00001,04/01/2001,12/31/2003
QREW LLC,ACTIVE,1908 GREENFIELD PLZ,"BRYAN, TX 77802",32067531973,00002,02/01/2024,
QUAD-TEX CONSTRUCTION INC,INACTIVE,3600 PARK MEADOW LN,"BRYAN, TX 77802",17426625970,00002,01/01/2004,12/31/2011
QUALITECH,INACTIVE,3131 F E 29TH ST SUITE 150,"BRYAN, TX 77802",17423788466,00001,12/01/1985,09/30/1988
QUALITECH,INACTIVE,3131 F EAST 29TH SUITE 150,"BRYAN, TX 77802",17421595798,00001,05/14/1987,09/30/1987
QUALITY AIR,INACTIVE,3207 WLIDLIFE CIRCLE,"BRYAN, TX 77802",32022635729,00001,05/11/1993,12/31/1993
QUALITY AUTOMOTIVE,INACTIVE,4206 AUTUMN CIR,"BRYAN, TX 77802",32039061901,00001,04/01/2009,12/31/2014
QUALITY CHECK,INACTIVE,1200 BRIARCREST DR STE 3300,"BRYAN, TX 77802",17427740612,00001,04/01/1996,07/01/1999
QUALITY CLEANERS,ACTIVE,3135 BRIARCREST DR,"BRYAN, TX 77802",32009775258,00001,01/02/2003,
QUALITY DOORS AND MORE,INACTIVE,3613 RAVENWOOD DR,"BRYAN, TX 77802",32032340591,00001,01/19/1999,12/31/1999
QUALITY INN & SUITES,INACTIVE,1027 N EARL RUDDER FWY,"BRYAN, TX 77802",32048289600,00001,07/02/2012,12/31/2018
QUALITY INN & SUITES,ACTIVE,1027 N EARL RUDDER FWY,"BRYAN, TX 77802",32044378928,00001,01/11/2019,
QUALITY JANITORIAL SERVICE,INACTIVE,3810 CRAIG,"BRYAN, TX 77802",32029505065,00001,02/08/1990,01/31/1991
QUALITY JANITORIAL SVC,INACTIVE,3810 CRAIG,"BRYAN, TX 77802",32029505065,00002,10/01/1991,12/31/1993
QUALITY LICENSING CORP STORE #4126,INACTIVE,1901 S TEXAS AVE,"BRYAN, TX 77802",17106365988,00505,08/01/2012,01/28/2016
QUALITY LICENSING CORP. (STORE #322),ACTIVE,2200 BRIARCREST DR,"BRYAN, TX 77802",17106365988,00059,09/01/1993,
QUALITY METAL PRODUCTS,INACTIVE,202 DELLWOOD,"BRYAN, TX 77802",32032270210,00001,12/28/1987,12/31/1988
QUALITY SALES & SERVICE,INACTIVE,1818 GREENFIELD PLAZA,"BRYAN, TX 77802",30004083819,00004,01/01/1991,12/31/1993
QUALITY SERVICES,INACTIVE,4604 PEMBROOK LN,"BRYAN, TX 77802",32045161380,00001,09/28/2011,09/30/2012
QUALITY TAXIDERMY,INACTIVE,3735 RAVENWOOD DR,"BRYAN, TX 77802",32006816063,00001,07/16/1993,12/31/1995
QUALITY USED FURNITURE,INACTIVE,2213 S TEXAS AVE,"BRYAN, TX 77802",32007065124,00004,07/01/2006,01/02/2013
QUANTUM TECTONICS,INACTIVE,715 EAGLE PASS,"BRYAN, TX 77802",32006647740,00001,09/01/1992,06/23/1993
QUANTUM TECTONICS,INACTIVE,715 EAGLE PASS ST,"BRYAN, TX 77802",32006647740,00003,03/29/2001,12/25/2004
QUANTUM TECTONICS,INACTIVE,715 EAGLE PASS ST,"BRYAN, TX 77802",17426731083,00001,07/01/1993,12/31/1996
QUESADILLAS PEKE Y ANTOJITOS MEXICANOS,ACTIVE,1124 E VILLA MARIA RD,"BRYAN, TX 77802",32084793309,00001,06/01/2022,
QUESADILLAS PEKE'S,INACTIVE,1124 E VILLA MARIA RD,"BRYAN, TX 77802",32040381975,00002,02/15/2021,05/31/2022
QUEST MARKETING INTERNATIONAL,INACTIVE,2301 BROADMOOR #267,"BRYAN, TX 77802",32031907994,00004,01/01/1992,01/01/1994
QUICK AS A FLASH,INACTIVE,1673 BRIARCREST #102-A,"BRYAN, TX 77802",17422450266,00007,08/01/1991,08/26/1993
QUICK AS A FLASH,INACTIVE,614 VILLA MARIA,"BRYAN, TX 77802",17422450266,00006,09/01/1990,09/15/1995
QUICK AS A FLASH,INACTIVE,614 VILLA MARIA,"BRYAN, TX 77802",17422450266,00002,08/15/1983,08/31/1990
QUICK AS A FLASH,INACTIVE,3514 E 29TH ST,"BRYAN, TX 77802",17421208202,00039,09/15/1995,12/31/1995
QUICK AS A FLASH,INACTIVE,614 VILLA MARIA,"BRYAN, TX 77802",17421208202,00038,09/15/1995,12/31/1995
QUICK AS A FLASH,INACTIVE,3514 E 29TH ST,"BRYAN, TX 77802",17427303338,00007,01/01/1996,11/30/1996
QUICK AS A FLASH (209),INACTIVE,614 E VILLA MARIA RD,"BRYAN, TX 77802",17427303338,00010,01/01/1996,10/26/1998
QUICK CASH,INACTIVE,1673 BRIARCREST DR STE A102,"BRYAN, TX 77802",17430194609,00010,06/01/2003,06/30/2003
QUICK CASH PAWN,INACTIVE,3200 S TEXAS AVE,"BRYAN, TX 77802",17427922244,00001,06/01/1998,03/31/2000
QUICK CASH PAWN & JEWELRY,INACTIVE,3200 S TEXAS AVE,"BRYAN, TX 77802",32007120119,00002,04/01/2000,07/01/2003
QUICK CASH PAWN & JEWELRY,INACTIVE,3219 S TEXAS AVE,"BRYAN, TX 77802",32026020738,00001,05/01/1996,05/31/1998
QUICK CLIPS,INACTIVE,3001 WILDFLOWER DR STE 811,"BRYAN, TX 77802",32059527401,00001,02/05/2016,04/28/2017
QUICK DEPOT FOOD MART,INACTIVE,3611 S TEXAS AVE,"BRYAN, TX 77802",32052791590,00001,04/01/2017,06/30/2018
QUICK DEPOT FOOD MART,INACTIVE,3611 S TEXAS AVE,"BRYAN, TX 77802",32067650872,00001,07/01/2018,05/30/2020
QUICK DEPOT STORE #12,INACTIVE,3611 S TEXAS AVE,"BRYAN, TX 77802",32056055067,00001,08/01/2015,08/31/2018
QUICKER STICKER,INACTIVE,1621B BRIARCREST DR,"BRYAN, TX 77802",32006527850,00003,04/01/2001,08/01/2025
QUICKSURANCE,INACTIVE,3221 S TEXAS AVE,"BRYAN, TX 77802",17427677061,00043,02/01/2000,09/30/2007
QUILTER'S HAVEN,INACTIVE,4 MI E ON FM 1179 (STEEPHOLLOW),"BRYAN, TX 77802",32010198425,00001,11/06/1981,12/31/2005
QUIN-WATSON INTERIORS,ACTIVE,2400 BROADMOOR DR,"BRYAN, TX 77802",32006291143,00003,07/01/1990,
QUINN-WATSON INTERIORS,INACTIVE,2100 RED RIVER DR,"BRYAN, TX 77802",32006291143,00002,07/01/1982,06/30/1990
QUIZNO'S CLASSIC SUBS,INACTIVE,3203 FREEDOM BLVD STE 700,"BRYAN, TX 77802",17429879970,00001,03/16/2001,02/29/2004
QUIZNO'S CLASSIC SUBS,INACTIVE,3203 FREEDOM BLVD STE 700,"BRYAN, TX 77802",17428826469,00003,07/02/1999,03/31/2001
QUIZNOS #10799,INACTIVE,3203 FREEDOM BLVD STE 100,"BRYAN, TX 77802",32019570335,00001,10/20/2006,07/31/2012
R & B CUSTOM CLUBS,INACTIVE,3616A CHOCTAW ST,"BRYAN, TX 77802",30118749768,00001,09/15/1996,12/13/1997
R & F ENTERPRISES,INACTIVE,3523 MIDWEST DR,"BRYAN, TX 77802",32030390556,00002,04/27/2000,12/31/2001
R & F ENTERPRISES,INACTIVE,3523 MIDWEST DR,"BRYAN, TX 77802",32030390556,00001,01/01/1995,05/31/1998
R & G LAWN SERVICE,INACTIVE,4015 GREEN VALLEY DR,"BRYAN, TX 77802",32024358734,00001,04/01/1996,06/30/1996
R & J ROOFING & REMODELING,INACTIVE,2302 SANDY LANE,"BRYAN, TX 77802",32028131897,00001,02/02/1993,02/03/1993
R & L BIRDS,INACTIVE,2309 WINDSOR DR,"BRYAN, TX 77802",32005872075,00002,04/27/2000,12/31/2007
R & L BIRDS,INACTIVE,2309 WINDSOR DR,"BRYAN, TX 77802",32005872075,00001,04/01/2000,12/31/2002
R & M CUSTOM PRINTS,INACTIVE,2142 KAZMEIER PLZ,"BRYAN, TX 77802",12617214932,00001,03/01/2008,03/30/2010
R & M FRAMES,INACTIVE,3725 E 29TH ST,"BRYAN, TX 77802",32021824480,00005,01/01/2007,06/30/2007
R & R EXPRESS,INACTIVE,104 N BREWER DR,"BRYAN, TX 77802",30118104642,00001,10/01/1995,06/30/1996
R & W COMPUTING AND CONSULTING,INACTIVE,726 EAGLE PASS ST,"BRYAN, TX 77802",32010390071,00007,12/01/2000,11/30/2002
R B BUTLER INC,INACTIVE,1504 S TEXAS AVENUE,"BRYAN, TX 77802",17410603249,00001,09/01/1961,10/07/1988
R B STEWART,INACTIVE,1311 BROADMOOR DR,"BRYAN, TX 77802",32006848447,00004,01/01/2004,12/31/2005
R D M,INACTIVE,3602 E 29TH ST STE A,"BRYAN, TX 77802",32008550181,00003,01/01/1991,04/30/2010
R GRIMES CONSULTING,INACTIVE,2300 BROADMOOR DR APT 2,"BRYAN, TX 77802",32058595714,00001,10/20/2015,06/30/2016
R KENNETH BONNET PC,INACTIVE,3000 BRIARCREST DR STE 416,"BRYAN, TX 77802",17428516433,00001,10/01/1997,12/31/2004
R M LINDSAY-ARTIST & INT DECORATOR,INACTIVE,3500 SPRING LN,"BRYAN, TX 77802",32008645502,00001,10/01/1973,12/31/2012
R REZAK & ASSOCIATES,INACTIVE,3600 STILLMEADOW DR,"BRYAN, TX 77802",32014444841,00002,01/01/2004,12/31/2004
R REZAK & ASSOCIATES,INACTIVE,3600 STILLMEADOW DR,"BRYAN, TX 77802",32014444841,00001,08/08/1995,12/31/2000
R T KELLEY CO,INACTIVE,3902 E 29TH ST APT G3,"BRYAN, TX 77802",32050627887,00002,04/01/1996,12/31/1998
R V EXPRESS,ACTIVE,4121 BEDFORD CT,"BRYAN, TX 77802",32009369664,00001,04/01/1998,
R&B INDUSTRIES INC,INACTIVE,4709 WARWICK LN,"BRYAN, TX 77802",17429749009,00001,04/05/2001,06/30/2002
R&H SOLUTIONS LLC,INACTIVE,3091 UNIVERSITY DR E STE 310,"BRYAN, TX 77802",32052274555,00001,05/13/2014,10/14/2015
R-K GARNER CO,INACTIVE,2506 RUSTLING OAKS DR,"BRYAN, TX 77802",32007710133,00002,09/01/1990,12/31/2024
R-K GARNER CO,INACTIVE,1304 E 30TH ST,"BRYAN, TX 77802",32007710133,00001,10/01/1987,08/30/1990
R-N-L OILFIELD SERVICES,INACTIVE,2426B PECAN RIDGE DR,"BRYAN, TX 77802",17427401892,00001,01/14/2013,05/31/2014
R/T CRAFTS,INACTIVE,2100 WINDSOR DR APT 33,"BRYAN, TX 77802",30009191351,00005,01/01/2008,12/31/2016
R/T CRAFTS,INACTIVE,4235 BOONVILLE RD APT 307,"BRYAN, TX 77802",30009191351,00004,01/01/2006,12/31/2007
R/T CRAFTS,INACTIVE,4607 PARK STONE,"BRYAN, TX 77802",30009191351,00003,01/01/2000,12/31/2005
R~N~L BLING'N COUNTRY CHARM,INACTIVE,2426B PECAN RIDGE DR,"BRYAN, TX 77802",32047213809,00001,03/10/2012,12/31/2013
RABE INTERPRISES,INACTIVE,3609B COMANCHE ST,"BRYAN, TX 77802",32008083381,00002,01/01/2007,12/25/2009
RACE RUNNER,ACTIVE,890 N EARL RUDDER FWY,"BRYAN, TX 77802",32099435243,00001,06/01/2025,
RACETRAC #6934,ACTIVE,2105 E WM J BRYAN PKWY,"BRYAN, TX 77802",16306429594,00243,09/01/2013,
RACEWAY EAST BRYAN,INACTIVE,2105 E WM J BRYAN PKWY,"BRYAN, TX 77802",32051556077,00001,09/01/2013,01/31/2021
RACHEL BROWN DESIGN,INACTIVE,4475 CARTER CREEK PKWY APT 817,"BRYAN, TX 77802",32079023605,00001,01/01/2021,
RACING AUTHORITY,INACTIVE,4513 WARWICK LN,"BRYAN, TX 77802",32010902149,00001,03/04/2003,12/31/2003
RACK ROOM SHOES #583,ACTIVE,3121 WILDFLOWER DR STE 200,"BRYAN, TX 77802",15610600536,00059,07/24/2008,
RADIO SHACK,INACTIVE,1125 VILLAMARIA,"BRYAN, TX 77802",17416250862,00001,02/25/1971,08/20/1979
RADIO SHACK #9256,INACTIVE,3203 FREEDOM BLVD STE 200,"BRYAN, TX 77802",32056825782,00140,04/01/2015,12/31/2017
RADIO SHACK #9281,INACTIVE,614 E VILLA MARIA RD,"BRYAN, TX 77802",32056825782,00146,04/01/2015,12/31/2017
RADIO SHACK #9281,INACTIVE,1125 VILLA MARIA,"BRYAN, TX 77802",17510477106,00570,09/01/1979,03/31/2015
RADIO SHACK 01-9256,INACTIVE,3201 FREEDOM BLVD STE 200,"BRYAN, TX 77802",17510477106,01364,06/01/1999,03/31/2015
RAFFLES CANINE CONFECTIONS AND BOUTIQUES,INACTIVE,3503 OLD OAKS DR,"BRYAN, TX 77802",32022063989,00001,07/12/1999,12/25/2000
RAGSDALE RESIDENTIAL RESOURCES LLC,INACTIVE,3007 RUSTLING OAKS DR,"BRYAN, TX 77802",32057264163,00001,01/01/2015,12/31/2021
RAINBOW CONCESSION,INACTIVE,2314 BRISTOL ST,"BRYAN, TX 77802",32030658333,00003,03/06/1997,09/30/1997
RAINBOW ENTERPRISES,INACTIVE,2701 KENT ST APT 8,"BRYAN, TX 77802",32047095362,00001,03/10/2012,03/31/2012
RAINBOW PLUMBING,INACTIVE,1708 EAST 29TH ST,"BRYAN, TX 77802",17424983942,00001,12/01/1990,12/01/1990
RAINBOW PLUMBING REPAIR,INACTIVE,1708 EAST 29TH,"BRYAN, TX 77802",32006707460,00001,01/01/1991,01/01/1992
RAINBOWS END TREASURES,INACTIVE,2300 BROADMOOR DR APT 99,"BRYAN, TX 77802",32022006624,00002,09/12/1997,12/31/2000
RAINBOWS OF HAIRBOWS,INACTIVE,2205 BARAK LN,"BRYAN, TX 77802",32073635685,00001,03/05/2020,06/30/2022
RAISING CANE'S #627,ACTIVE,2204 BRIARCREST DR,"BRYAN, TX 77802",17214654869,00184,09/07/2021,
RALPH R DAVILA,INACTIVE,4221 WILLOW OAK ST,"BRYAN, TX 77802",32008567326,00001,08/02/1990,12/31/2014
RAM NETWORK SERVICES,INACTIVE,4605 PARK STONE,"BRYAN, TX 77802",32019976409,00001,06/09/2006,03/23/2007
RAM REPAIR SERVICE,INACTIVE,4515 MEADOWBROOK,"BRYAN, TX 77802",32024701107,00001,01/01/1993,09/30/1993
RAM REPAIR SERVICE INC,INACTIVE,4515 MEADOWBROOK,"BRYAN, TX 77802",17426851428,00001,10/01/1993,03/24/1995
RAMAPO,INACTIVE,4508 WINCHESTER DR,"BRYAN, TX 77802",32021008985,00001,09/13/1999,12/31/1999
RAMIREZ CONCESSIONS #2,INACTIVE,BRYAN AQUADIC CENTER ON OAKRIDGE,"BRYAN, TX 77802",32004912930,00002,05/28/1989,09/30/1992
RAMOS BARBER SHOP,INACTIVE,3141 BRIARCREST DR STE 518,"BRYAN, TX 77802",32084155814,00001,04/20/2022,09/30/2022
RAMOS BARBERSHOP,ACTIVE,3141 BRIARCREST DR STE 518,"BRYAN, TX 77802",32089739034,00001,07/12/2024,
RANDALL L SIMS,INACTIVE,4022 KENWOOD DR,"BRYAN, TX 77802",32007844429,00001,02/15/1999,12/31/1999
RANDALL'S GUN SHOP,INACTIVE,1403 E 28TH,"BRYAN, TX 77802",32027916975,00002,01/01/1987,12/31/1987
RANDY PAZZAGLIA,ACTIVE,3500 OAK RIDGE DR,"BRYAN, TX 77802",32007338174,00003,09/13/2012,
RANDY PAZZAGLIA,INACTIVE,3500 OAK RIDGE DR,"BRYAN, TX 77802",32007338174,00002,01/01/1997,12/25/2010
RANDY PAZZAGLIA INVESTIGATION SERVICES,INACTIVE,3500 OAK RIDGE DR,"BRYAN, TX 77802",32007338174,00001,02/20/1990,12/31/1996
RANDY STUART PIANO BROKER,INACTIVE,4014 STILLMEADOW DR,"BRYAN, TX 77802",32005018851,00002,01/01/1992,07/01/1993
RANDY STUART PIANO BROKER,INACTIVE,3122 CAMELOT #43,"BRYAN, TX 77802",32005018851,00001,01/16/1991,12/31/1991
RANEY-DAY SYSTEMS INC,INACTIVE,2315 BRISTOL,"BRYAN, TX 77802",17421811468,00001,04/01/1982,12/25/1985
RASCO I LLC,INACTIVE,3743 S TEXAS AVE,"BRYAN, TX 77802",17428143659,00001,05/01/1999,12/31/2003
RASPAS & SNACKS EL PINGUINO,INACTIVE,307 EMMETT ST,"BRYAN, TX 77802",32045020834,00001,10/01/2011,03/31/2013
RATTLER'S COUNTRY STORE #8,INACTIVE,2901 E 29TH ST # 8,"BRYAN, TX 77802",17421030168,00023,05/15/2007,06/21/2016
RATTLERS COUNTRY STORES #3,INACTIVE,891 N EARL RUDDER FWY,"BRYAN, TX 77802",17421030168,00009,11/01/1999,06/21/2016
RAVING PANDA,INACTIVE,2512 WILLOW BEND DR,"BRYAN, TX 77802",32020219187,00001,07/18/2006,12/31/2008
RAWHIDE UNLIMITED,INACTIVE,2509 WHISPERING OAKS CIRCLE,"BRYAN, TX 77802",32031182820,00001,01/27/1994,03/31/1995
RAY VESS JEWELRY,INACTIVE,MANOR EAST MALL,"BRYAN, TX 77802",30002612049,00001,11/01/1975,10/19/1977
RAZOR'S EDGE,INACTIVE,4018 STILLMEADOW & 29TH,"BRYAN, TX 77802",30000234465,00001,08/01/1968,12/31/2006
RAZOR'S EDGE,INACTIVE,4018 STILLMEADOW DR,"BRYAN, TX 77802",32013184125,00001,01/01/2007,12/31/2014
RAZZY'S,ACTIVE,2603 S TEXAS AVE,"BRYAN, TX 77802",32095177088,00001,07/01/2024,
RBCS FOODS LLC,INACTIVE,2606 S TEXAS AVE,"BRYAN, TX 77802",32068422412,00001,11/01/2018,06/30/2020
"RCH DYNAMIC INNOVATIVE SOLUTIONS, LLC",ACTIVE,1716 BRIARCREST DR STE 300,"BRYAN, TX 77802",32090777155,00001,07/16/2023,
RDM AUDIO LP,INACTIVE,3602 E 29TH ST,"BRYAN, TX 77802",32069677907,00002,12/31/2018,12/31/2018
"RDM AUDIO, LP",INACTIVE,3602 E 29TH ST,"BRYAN, TX 77802",32069998337,00001,12/31/2018,12/31/2018
"RDM AUDIO, LP",INACTIVE,3602 E 29TH ST,"BRYAN, TX 77802",32041579338,00001,05/01/2010,12/31/2018
"RDM AUDIO, LP",INACTIVE,3602 E 29TH ST,"BRYAN, TX 77802",32041579247,00001,12/31/2018,12/31/2018
READFIELD MEATS,INACTIVE,2130 E WM JOEL BRYAN PKWY,"BRYAN, TX 77802",17426616375,00001,04/01/1993,12/31/1996
READFIELD MEATS AND FREEZER SERVICE,ACTIVE,2701 S TEXAS AVE,"BRYAN, TX 77802",17420163788,00003,04/01/1993,
READFIELD MEATS INC,INACTIVE,2130 E WILLIAM JOEL BRYAN PARKWAY,"BRYAN, TX 77802",17420163788,00002,04/01/1983,03/31/1993
REBECCA CLAIRE ADAMEK,ACTIVE,1522 HOLLOWHILL DR APT 515,"BRYAN, TX 77802",32102066050,00001,08/27/2025,
REBECCA FIRTH PHOTOGRAPHY & DESIGN,ACTIVE,3519 GREEN RIDGE CIR,"BRYAN, TX 77802",32073786488,00001,04/16/2020,
REBECCA LYN MCGARR,INACTIVE,2003 VINEWOOD DR,"BRYAN, TX 77802",32009546485,00001,01/01/2003,12/31/2004
REBEL WELL TESTING & RENTAL,INACTIVE,3608 E 29TH ST STE 208,"BRYAN, TX 77802",12033056578,00001,03/03/2006,03/31/2008
REBELLIOUS REBA,ACTIVE,4010 SHAWNEE CIR,"BRYAN, TX 77802",32084179368,00001,05/01/2022,
REBELS RESTAURANT & BAR,INACTIVE,4501 S TEXAS AVENUE,"BRYAN, TX 77802",30005161028,00001,09/10/1980,05/23/1984
RECORDS & TAPES MOBILE,INACTIVE,607 ESTHER,"BRYAN, TX 77802",32021761823,00004,11/01/1979,11/19/1979
RECREATIONAL SERVICES,INACTIVE,1403 BENNETT,"BRYAN, TX 77802",32031806451,00001,07/01/1978,12/31/1994
RED WING SHOE COMPANY INC,INACTIVE,3810 S TEXAS AVE,"BRYAN, TX 77802",14104982203,00015,07/07/1986,11/30/2003
RED WING SHOE STORE,INACTIVE,3810 S TEXAS AVE,"BRYAN, TX 77802",32017395834,00001,05/24/2005,10/31/2005
RED WING SHOE STORE,INACTIVE,3700 S TEXAS AVE STE 500,"BRYAN, TX 77802",32017012546,00002,07/01/2007,03/04/2010
RED WING SHOE STORE,INACTIVE,3810 S TEXAS AVE,"BRYAN, TX 77802",32017012546,00001,11/01/2005,06/30/2007
RED WING SHOE STORE # 110,INACTIVE,3810 S TEXAS AVE,"BRYAN, TX 77802",14119751940,00008,12/01/2003,01/31/2006
RED WING SHOES,ACTIVE,3700 S TEXAS AVE STE 500,"BRYAN, TX 77802",32041331995,00001,03/05/2010,
REDBOX AUTOMATED RETAIL LLC,INACTIVE,3000 S TEXAS AVE,"BRYAN, TX 77802",12601004364,03396,10/15/2010,07/10/2024
REDBOX AUTOMATED RETAIL LLC,INACTIVE,3312 E 29TH ST,"BRYAN, TX 77802",12601004364,02427,09/27/2009,07/10/2024
REDBOX AUTOMATED RETAIL LLC,INACTIVE,610 E VILLA MARIA RD,"BRYAN, TX 77802",12601004364,02426,09/27/2009,07/10/2024
REDBOX AUTOMATED RETAIL LLC,INACTIVE,4609 E 29TH ST,"BRYAN, TX 77802",12601004364,02161,06/23/2009,07/10/2024
REDBOX AUTOMATED RETAIL LLC,INACTIVE,725 E VILLA MARIA RD,"BRYAN, TX 77802",12601004364,02092,06/19/2009,07/10/2024
"REDBOX AUTOMATED RETAIL, LLC",INACTIVE,1901 S TEXAS AVE,"BRYAN, TX 77802",12601004364,04365,06/18/2013,07/10/2024
REDBOX AUTOMATED RETAILL LLC,INACTIVE,2200 BRIARCREST DR,"BRYAN, TX 77802",12601004364,00649,09/07/2007,07/10/2024
REDINKRABBIT,ACTIVE,403 EMMETT ST,"BRYAN, TX 77802",32085749953,00001,09/02/2022,
REDKIN DISTRIBUTOR ASSOCIATES,INACTIVE,3141 BRIARCREST DR STE 518,"BRYAN, TX 77802",32006838570,00001,08/01/2000,07/31/2004
REDNECK WINE GLASSES BY MB,INACTIVE,2221 E BRIARGATE DR,"BRYAN, TX 77802",32044885989,00001,08/19/2011,12/31/2012
"REECE SUPPLY, LLC",ACTIVE,1242 E VILLA MARIA RD,"BRYAN, TX 77802",32033405088,00049,04/01/2018,
REED TOOL COMPANY,INACTIVE,1627 HIGHWAY 21 EAST,"BRYAN, TX 77802",17602199907,00004,05/01/1987,12/30/1988
"REED TOOL COMPANY, A DIVISION OF CAMCO",INACTIVE,1627 HIGHW3AY 21 EAST,"BRYAN, TX 77802",17410383107,00014,01/01/1989,12/31/1989
REEL OUTDOORS,INACTIVE,1915 PINETREE DR # B,"BRYAN, TX 77802",32028979527,00001,04/01/1997,12/31/1997
REGENERATION,INACTIVE,4201 GREEN VALLEY DR,"BRYAN, TX 77802",32022554078,00001,08/12/1994,12/31/1997
REGINO GARCIA,INACTIVE,905 DELLWOOD ST,"BRYAN, TX 77802",32007472817,00005,10/01/1998,12/31/2004
REGIO'S RESTAURANT,INACTIVE,1601 S TEXAS AVE BLDG A,"BRYAN, TX 77802",30118105243,00001,06/19/1996,04/30/1997
REGMUND'S REFRIGERATION SERVICE,INACTIVE,3805 KELLI LN,"BRYAN, TX 77802",32008430376,00001,10/11/1985,12/31/2005
"REGUS MANAGEMENT GROUP, LLC",ACTIVE,1716 BRIARCREST DR FL 3,"BRYAN, TX 77802",32016394416,00093,12/01/2013,
RELIANCE MINISTRIES,INACTIVE,736 MEADOW LN,"BRYAN, TX 77802",32008194741,00001,04/01/1995,12/25/2012
RENAISSANCE COMPUTING,INACTIVE,3616 BROCKHAMPTON DR,"BRYAN, TX 77802",32006848447,00001,01/01/1995,03/31/1997
RENAISSANCE CREATIONS,INACTIVE,3616 BROCKHAMPTON DR,"BRYAN, TX 77802",32006848447,00002,10/17/1996,12/31/2003
RENAISSANCE FABRICS,INACTIVE,2306 LONG DR,"BRYAN, TX 77802",30007931022,00003,10/01/1995,12/31/1995
RENAISSANCE FABRICS,INACTIVE,2306 LONG DR,"BRYAN, TX 77802",32019937831,00001,01/01/1996,12/31/1996
RENEE'S CREATIONS,INACTIVE,3901 SIOUX CIR,"BRYAN, TX 77802",32030973765,00001,08/25/1999,01/01/2001
RENEGADE BAKERY & CULINARY STUDIO,ACTIVE,2606 S TEXAS AVE,"BRYAN, TX 77802",32089304953,00001,07/01/2023,
RENEGADE BAKERY & CULINARY STUDIO LLC,INACTIVE,2606 S TEXAS AVE,"BRYAN, TX 77802",32068236697,00001,11/01/2018,03/31/2024
RENEWABLERAIN,INACTIVE,4902 WINCHESTER DR,"BRYAN, TX 77802",32044959727,00001,08/30/2011,12/25/2014
RENT A CHEF,INACTIVE,1110 SKRIVANEK DR,"BRYAN, TX 77802",32039470037,00001,05/07/2009,09/30/2009
RENT A STORK,INACTIVE,4322 MEADOWBROOK DR,"BRYAN, TX 77802",30114358929,00001,08/01/1990,12/31/1996
RENT BUY,INACTIVE,1919 S TEXAS AVE,"BRYAN, TX 77802",17426133827,00002,10/01/1993,06/30/1996
RENT BUY,INACTIVE,1919 S TEXAS AVE,"BRYAN, TX 77802",32028829680,00001,08/01/1996,11/30/1996
RENT CITY,INACTIVE,2011 S TEXAS AVE,"BRYAN, TX 77802",17528275765,00021,04/01/2005,10/31/2006
RENT CITY,INACTIVE,725 E VILLA MARIA RD # B102,"BRYAN, TX 77802",17528275765,00017,11/07/2003,03/31/2005
RENT-A-TIRE,ACTIVE,3514 S TEXAS AVE,"BRYAN, TX 77802",10304536559,00064,01/20/2014,
RENT-BY BRYAN,INACTIVE,1919 S TEXAS AVE,"BRYAN, TX 77802",32004535319,00013,07/01/1996,07/31/1996
RENTAL SERVICE CO #29,INACTIVE,1904 S TEXAS AVE,"BRYAN, TX 77802",13303789807,00013,01/01/1996,12/31/1998
RENTAL SERVICE CORPORATION #29,INACTIVE,1904 S TEXAS AVE,"BRYAN, TX 77802",32049030995,00007,01/01/1999,09/30/2004
REPAIR FORCE,INACTIVE,2114-B BOONVILLE RD,"BRYAN, TX 77802",32025799936,00002,10/02/1984,04/01/1990
REPEAT BOUTIQUE,INACTIVE,2101 BARAK LN APT 12,"BRYAN, TX 77802",32051257551,00001,07/01/2013,12/25/2015
REPUBLICAN WOMEN OF BRAZOS VALLEY,ACTIVE,1640 BRIARCREST DR STE 122,"BRYAN, TX 77802",17423049026,00002,04/01/2020,
REPUBLICAN WOMEN OF BRAZOS VALLEY,INACTIVE,4020 STILLMEADOW DR,"BRYAN, TX 77802",17423049026,00001,01/22/2003,03/31/2020
REQUIRED MATERIALS,ACTIVE,1401 E 29TH ST,"BRYAN, TX 77802",32076225187,00001,10/15/2020,
RESALE & IMPORTS,INACTIVE,1200 ESTHER BLVD,"BRYAN, TX 77802",32010714973,00002,10/16/2004,12/31/2004
RESALE & IMPORTS,INACTIVE,1702A S TEXAS AVE,"BRYAN, TX 77802",32010714973,00001,07/01/1999,06/30/2004
RESALE & MORE,INACTIVE,3620 E 29TH ST,"BRYAN, TX 77802",32012598457,00001,11/01/2003,03/31/2008
RESALE TRENDS,INACTIVE,3733 E 29TH ST,"BRYAN, TX 77802",32010612334,00005,07/05/2012,03/30/2020
RESALE WAREHOUSE FOR MEN,INACTIVE,3808 S TEXAS AVE STE B,"BRYAN, TX 77802",32009087803,00002,03/01/2002,09/30/2002
RESEARCH INFORMATION SERVICES,INACTIVE,2700A WILDFLOWER DR,"BRYAN, TX 77802",32008250097,00002,09/10/1996,12/31/1996
RESEARCH SUPPORT SERVICES INC,INACTIVE,3833 TEXAS AVE SUITE 285,"BRYAN, TX 77802",17422421317,00001,04/01/1989,03/31/1990
RESTAURANTE DOS AMIGOS MEXICAN FOOD,INACTIVE,1601 SOUTH TEXAS AVE,"BRYAN, TX 77802",32032757109,00002,06/01/1994,11/22/1994
RESTAURANTE DOS AMIGOS MEXICAN FOOD,INACTIVE,1601 SOUTH TEXAS AVE,"BRYAN, TX 77802",32027194094,00001,11/22/1994,03/09/1995
RESTORATIVE PHYSICAL THERAPY,ACTIVE,2714 OSLER BLVD,"BRYAN, TX 77802",32094528711,00001,01/01/2025,
RESTORE HYPER WELLNESS - BCS,ACTIVE,3121 UNIVERSITY DR E STE 125,"BRYAN, TX 77802",32072096160,00001,08/03/2020,
REVCO DISCOUNT DRUG CENTER #2301,INACTIVE,"1859 BRIARCREST, STE 106","BRYAN, TX 77802",13804563651,00258,03/30/1986,10/22/1988
REVEILLE'S #2,INACTIVE,1401 BRIARCREST DR,"BRYAN, TX 77802",17420673794,00005,01/09/1983,03/31/1999
REX WARDEN,INACTIVE,3814 PLAINSMAN LN,"BRYAN, TX 77802",32029805705,00001,03/02/1998,12/25/1998
RF STUDIOS,INACTIVE,1716 BRIARCREST DR STE 300,"BRYAN, TX 77802",32060049429,00001,02/01/2018,12/31/2018
RHEA'S CREATIONS,INACTIVE,2809 APPLE CREEK CIR,"BRYAN, TX 77802",32009039507,00001,10/01/1987,10/01/1990
RIALDON DIAGNOSTICS,INACTIVE,2300 VALLEY VIEW,"BRYAN, TX 77802",32032092101,00001,07/01/1987,08/13/1987
RIALDON DIAGNOSTICS,INACTIVE,2300 VALLEY VIEW DR,"BRYAN, TX 77802",32032092101,00003,06/26/1990,12/31/1990
RIALDON DIAGNOSTICS,INACTIVE,3609 E 29TH ST SUITE A,"BRYAN, TX 77802",32032092101,00002,08/14/1987,06/25/1990
RICARDO S LEMOS MD,INACTIVE,2716 OSLER BLVD,"BRYAN, TX 77802",17430156103,00001,06/30/2005,06/30/2005
RICE FENCING,ACTIVE,3806 OAK RIDGE DR,"BRYAN, TX 77802",32093892035,00001,02/25/2024,
RICE GARDEN,INACTIVE,4001 E 29TH ST STE 106,"BRYAN, TX 77802",12016821659,00003,11/15/2010,12/16/2011
RICE GARDEN,INACTIVE,4001 E 29TH ST STE 106,"BRYAN, TX 77802",14540577948,00001,12/19/2011,08/31/2012
"RICHARD A. SMITH, M.D.",INACTIVE,3201 UNIVERSITY DR E STE 430,"BRYAN, TX 77802",12003975054,00001,05/30/2005,05/30/2005
RICHARD TAQUERIA,INACTIVE,1403 BRIARCREST DR,"BRYAN, TX 77802",32044999830,00001,07/01/2011,10/16/2011
RICHARD Y'BARBO,INACTIVE,3711 TANGLEWOOD DR,"BRYAN, TX 77802",32025212070,00001,03/20/1992,01/01/1994
RICHARDS APPRAISAL SERVICE,INACTIVE,FM 1179 E,"BRYAN, TX 77802",32025861363,00002,10/01/1987,12/31/1993
RICK'S SPORTING GOODS,ACTIVE,2212 E BRIARGATE DR,"BRYAN, TX 77802",32009330799,00002,01/01/2016,
RICK'S TRUCK LUBE - GOLF CAR REPAIR,INACTIVE,4229 WARWICK LN,"BRYAN, TX 77802",32006955036,00003,06/10/2002,03/31/2003
RICOS SHAVED ICE,INACTIVE,3509 GREEN RIDGE CIR,"BRYAN, TX 77802",32006472883,00005,01/01/2015,12/25/2016
RIDGECREST BARBER SHOP & STYLING SALON,INACTIVE,3605 S TEXAS AVE,"BRYAN, TX 77802",32019014557,00001,03/24/1990,12/25/1993
RIDGECREST CLEANERS,INACTIVE,3502 S TEXAS AVE,"BRYAN, TX 77802",17427482660,00010,07/01/1999,12/20/2002
RIDGECREST LAUNDRY,INACTIVE,3205 S TEXAS AVE,"BRYAN, TX 77802",17427127083,00001,06/30/1994,11/01/1995
RIDGECREST STATION,INACTIVE,3413 S TEXAS AVE,"BRYAN, TX 77802",17421278007,00005,04/15/1983,06/30/1997
RIDGECREST WASHATERIA,INACTIVE,3502 TEXAS AVE,"BRYAN, TX 77802",17418785360,00008,10/02/1984,10/26/1995
"RIGHT WHALE MEDIA, LLC.",INACTIVE,1400 HOPPESS ST,"BRYAN, TX 77802",32080053336,00001,10/01/2021,07/01/2023
RIKARD S NITSCHKE,INACTIVE,1115 BRIARCREST DR,"BRYAN, TX 77802",32008221254,00002,02/10/1998,12/25/2004
RIKE INTERIORS,INACTIVE,2210 E BRIARGATE DR,"BRYAN, TX 77802",32021340701,00003,04/01/1996,06/30/1999
RILEY CO,INACTIVE,1313 BRIARCREST DR,"BRYAN, TX 77802",32005060655,00001,07/29/1986,12/31/1986
RIMCO CW019,INACTIVE,3514 S TEXAS AVE,"BRYAN, TX 77802",15806876304,00271,10/01/2006,01/28/2014
RISING F BARBER STUDIO,ACTIVE,3001 WILDFLOWER DR STE C-3,"BRYAN, TX 77802",32092995797,00001,01/02/2024,
RITZ CAMERA ONE HOUR PHOTO/QUICK-AS-A-FLASH #878,INACTIVE,614 E VILLA MARIA RD,"BRYAN, TX 77802",15301760250,00083,10/26/1998,04/01/2006
RIVER & RUE,ACTIVE,4225 PENDLETON DR APT 1104,"BRYAN, TX 77802",32101959495,00001,10/01/2025,
RIVER BASIN TRADING COMPANY,INACTIVE,802 AVONDALE AVE,"BRYAN, TX 77802",32006625506,00003,01/01/2003,05/31/2005
RIVER VALLEY COMMUNICATIONS INC,INACTIVE,3833 S TEXAS AVE STE 150,"BRYAN, TX 77802",17428147601,00001,08/18/1997,12/31/1999
RIVIERA SHADES,INACTIVE,2707 ARBOR DR,"BRYAN, TX 77802",32006885779,00001,08/10/1999,09/15/1999
RMC TEXAS,INACTIVE,2721 OSLER BLVD,"BRYAN, TX 77802",32047078095,00001,02/24/2012,12/31/2012
RMS GROUP,INACTIVE,3011 GLENEAGLES CT,"BRYAN, TX 77802",32007435574,00003,10/01/2012,12/25/2018
RMS GROUP,INACTIVE,3300 OAK HOLLOW,"BRYAN, TX 77802",32007435574,00002,07/01/1998,12/25/2003
RMS GROUP,INACTIVE,3923 OLD OAKS DR APT 26,"BRYAN, TX 77802",32007435574,00001,01/09/1997,06/30/1998
RNR MEDICAL ELECTRONICS,INACTIVE,3902 E 29TH ST #N8,"BRYAN, TX 77802",17426804773,00001,05/25/1993,10/01/1994
"ROADGUARD INTERLOCK, LLC",ACTIVE,3410 S TEXAS AVE,"BRYAN, TX 77802",32078904821,00061,06/01/2023,
ROADHOUSE ANTIQUES,INACTIVE,3011 RED ROBIN LOOP,"BRYAN, TX 77802",32006160751,00005,01/01/2004,09/30/2005
ROADRUNNER AUTO SALES,INACTIVE,2715 S TEXAS AVE,"BRYAN, TX 77802",32011957969,00001,09/10/2003,07/31/2009
ROADRUNNER AUTO SALES,ACTIVE,2700 S TEXAS AVE,"BRYAN, TX 77802",32036612128,00002,06/20/2011,
ROADRUNNER AUTO SALES,INACTIVE,2715 S TEXAS AVE,"BRYAN, TX 77802",32036612128,00001,08/01/2009,06/20/2011
ROADRUNNER SEALE INC,INACTIVE,2807 WILDFLOWER #29,"BRYAN, TX 77802",17423339542,00001,08/21/1984,10/28/1984
ROADRUNNERR WOOD PRODUCTS,INACTIVE,819 ENFIELD ST,"BRYAN, TX 77802",32022959780,00001,01/01/1996,12/31/1997
ROBBINS RECHARGING,INACTIVE,3614A CHOCTAW ST,"BRYAN, TX 77802",32022527181,00001,07/27/1994,12/31/1995
ROBERT B RUTH,INACTIVE,3131 BRIARCREST DR STE 112,"BRYAN, TX 77802",32027572752,00001,08/01/2000,12/31/2000
ROBERT C VENTURES,INACTIVE,2909D PRAIRIE FLOWER CIR,"BRYAN, TX 77802",32026830201,00001,03/01/1998,08/01/1999
ROBERT E MURRY JR,INACTIVE,4756 BROMPTON LANE,"BRYAN, TX 77802",32023030581,00001,02/12/1987,12/31/1987
ROBERT E SHUTES JEWELRY,INACTIVE,1113 SUL ROSS DR,"BRYAN, TX 77802",32022389186,00002,01/01/1994,12/27/1996
ROBERT E SHUTES JEWELRY,INACTIVE,2405 BRIARGATE DRIVE,"BRYAN, TX 77802",32022389186,00001,07/27/1988,12/16/1993
ROBERT L JONES JR,INACTIVE,2905 PAR DRIVE,"BRYAN, TX 77802",32032560289,00001,08/01/1991,07/31/1994
"ROBERT L. HORTON, INC.",ACTIVE,801 N ROSEMARY DR,"BRYAN, TX 77802",17430024756,00001,07/01/2001,
ROBERT STUBBLEFIELD,INACTIVE,2307 W BRIARGATE DR,"BRYAN, TX 77802",32029866459,00001,08/16/2010,12/31/2010
ROBERTS HAIR BOUTIQUE INC,INACTIVE,2611 E 29TH ST,"BRYAN, TX 77802",17423292741,00001,08/14/1984,12/31/1986
ROBIN D CUSTER,INACTIVE,3232 BRIARCREST DR,"BRYAN, TX 77802",32040495940,00001,10/16/2009,10/16/2009
ROBIN ROBERTS CH,INACTIVE,2402 BROADMOOR DR STE 101,"BRYAN, TX 77802",32048916780,00001,09/07/2012,09/30/2012
ROBINSON ENTERPRISES,INACTIVE,2218 E BRIARGATE,"BRYAN, TX 77802",32028007592,00001,09/15/1987,11/30/1990
ROCKEN RADIOS,INACTIVE,21 GRAMERCY PARK DR APT 514,"BRYAN, TX 77802",32079340199,00002,11/01/2023,03/31/2024
ROCKIN E BOUTIQUE,INACTIVE,2319 OXFORD ST,"BRYAN, TX 77802",32050423097,00001,01/01/2013,09/30/2013
ROCKIN REBELS,INACTIVE,724 EAGLE PASS ST,"BRYAN, TX 77802",32044222803,00001,05/11/2011,06/30/2011
ROCKIN' E FENCING,INACTIVE,608 ETHEL BLVD,"BRYAN, TX 77802",32045203141,00001,10/01/2011,09/30/2012
ROCKING B CATTLE CO,INACTIVE,1104 E 31ST ST,"BRYAN, TX 77802",32019632358,00001,05/01/2006,12/31/2006
ROCKSON APPLIANCES,INACTIVE,700 BURNETT,"BRYAN, TX 77802",32024787023,00001,01/20/1992,05/31/1994
ROCKSTAR RESUMES,ACTIVE,2908 RIVER OAKS CIR,"BRYAN, TX 77802",32090957831,00001,08/01/2023,
RODRIGUEZ WHEEL ALIGNMENT AND AUTO REPAIR INC,INACTIVE,3505 GREEN RIDGE CIR,"BRYAN, TX 77802",17428528602,00001,01/02/1998,03/31/1998
ROGER P WAGNER,INACTIVE,2515 RHAPSODY CT,"BRYAN, TX 77802",32008608898,00002,06/01/2003,09/22/2003
ROGER RIVES,INACTIVE,1612 BARAK LN,"BRYAN, TX 77802",32011716407,00001,07/03/2003,05/03/2004
ROGUE & SHADOW,ACTIVE,4304 APPALACHIAN TRL,"BRYAN, TX 77802",32102006791,00001,11/01/2025,
ROJO SURVEYING,ACTIVE,3803 TANGLEWOOD DR,"BRYAN, TX 77802",32085188111,00001,07/01/2022,
ROLLING THUNDER,INACTIVE,1673-A-100 BRIARCREST DR,"BRYAN, TX 77802",17602738332,00001,08/28/1989,08/01/1994
ROLLING VIDEO GAMES OF BRAZOS VALLEY,INACTIVE,2316 OXFORD ST,"BRYAN, TX 77802",32050524670,00002,05/26/2017,03/23/2020
ROMAN PRESCRIPTION SHOP,INACTIVE,2601 OSLER BLVD,"BRYAN, TX 77802",32029505081,00001,01/01/1985,05/07/1996
ROMANTIC NOTIONS,INACTIVE,724 -B E VILLA MARIA,"BRYAN, TX 77802",32009237770,00002,07/01/1995,12/31/2006
ROMANTIC NOTIONS,INACTIVE,MANOR EAST MALL--701 E VILLA MARIA,"BRYAN, TX 77802",32009237770,00001,11/05/1993,09/30/1995
ROMERO ENTERPRISES,INACTIVE,4100 MEADOWBROOK DR,"BRYAN, TX 77802",32030724150,00001,01/27/1994,12/25/2000
RONALD DAY ASSOCIATES,INACTIVE,2527 WILLOW BEND DR,"BRYAN, TX 77802",32010215005,00001,02/10/1997,01/01/2016
RONALD G HAMBRIC,INACTIVE,3901 SUNNYBROOK LN,"BRYAN, TX 77802",32025898621,00001,06/17/1994,01/01/1999
RONDA SMITH,INACTIVE,3923 OLD OAKS DR APT 4,"BRYAN, TX 77802",32009117626,00001,04/01/2001,05/31/2003
RONDA'S FLORAL UNLIMITED,INACTIVE,725 E VILLA MARIA RD # 207,"BRYAN, TX 77802",32032002639,00001,10/01/1998,03/31/1999
ROOTS LANDSCAPING,ACTIVE,2303 BARAK LN,"BRYAN, TX 77802",32045911446,00003,07/01/2015,
ROSA SALAZAR,ACTIVE,501 SOUTHERN LN,"BRYAN, TX 77802",32034372618,00002,07/01/2014,
ROSANNA'S BOWTIQUE,INACTIVE,3232 BRIARCREST DR,"BRYAN, TX 77802",32040334529,00001,10/17/2009,10/17/2009
ROSCO CEDAR PRODUCTS,INACTIVE,1512 S TEXAS AVE,"BRYAN, TX 77802",32008773270,00001,09/14/2000,12/31/2002
ROSE BURDA BASSETT,INACTIVE,4100 KNIGHTSBRIDGE LN,"BRYAN, TX 77802",32038052042,00003,01/01/2021,12/31/2024
ROSE COTTAGE CREATIONS,INACTIVE,INT OF GRASSBUR RD AND SHIRLEY RD,"BRYAN, TX 77802",17426994830,00001,01/01/1992,03/31/1997
ROSE ENTERPRISES,INACTIVE,714 NORTH AVE E,"BRYAN, TX 77802",32031435947,00001,02/01/1989,09/30/1989
ROSE LEATHER,INACTIVE,2913 WOODMEADOW DR,"BRYAN, TX 77802",32009863955,00002,01/01/1990,12/25/2002
ROSE'S AFFORDABLE HAIR STYLE,INACTIVE,2008 S TEXAS AVE,"BRYAN, TX 77802",32008593710,00001,04/01/1995,12/31/2003
ROSIE ELDERS'S DELTAIL,INACTIVE,6865 HWY 21 W,"BRYAN, TX 77802",32014246352,00001,02/01/2004,02/01/2004
ROSIE'S SPECIALTIES,INACTIVE,3612 PLAINSMAN LN,"BRYAN, TX 77802",32025838528,00003,09/01/2012,12/25/2014
ROSS DRESS FOR LESS #2555,ACTIVE,725 E VILLA MARIA RD STE 4300,"BRYAN, TX 77802",12005943332,00326,10/01/2023,
ROSS SCANLIN,INACTIVE,901 ESTHER BLVD,"BRYAN, TX 77802",32023495388,00005,01/09/1985,12/31/1995
ROTHER'S BOOKSTORE,INACTIVE,2008 E 29TH ST,"BRYAN, TX 77802",14705498195,00028,08/01/1999,10/31/2008
ROTHER'S BOOKSTORE,INACTIVE,2008 E 29TH ST,"BRYAN, TX 77802",17419866938,00023,01/01/1997,08/31/1999
ROWDY COWGIRLS,INACTIVE,4412 KINGSDALE DR,"BRYAN, TX 77802",32017903066,00001,08/01/2005,12/31/2005
ROWDY'S TACTICAL ADVENTURE GAMES,INACTIVE,3601 E 29TH ST STE 11,"BRYAN, TX 77802",17421459540,00003,11/01/1994,04/30/1996
ROWDY'S TACTICAL ADVENTURE GAMES INC,INACTIVE,3601 E 29TH ST SUITE 11,"BRYAN, TX 77802",17412777579,00001,04/01/1996,09/30/1996
ROWENA PHILBECK,INACTIVE,4504 LITTLETON CT,"BRYAN, TX 77802",32008521778,00002,12/04/2010,12/25/2012
ROXANNA DICAMILLO,INACTIVE,1505 CARTER CREEK PKWY,"BRYAN, TX 77802",32082946958,00001,05/05/2022,06/30/2022
ROY LEE FRANKLIN,INACTIVE,303 GORDON,"BRYAN, TX 77802",32025582886,00001,04/17/1978,12/31/1991
ROYAL CONCESSIONS INC,INACTIVE,FM 1774 WESTSIDE 6.5 MILES S INT HWY 105 SHOP 13,"TODD MISSION, TX 77802",17603095559,00003,01/01/1995,12/31/2004
ROYAL DESIGN & FRAME INC,INACTIVE,3601 E 29TH ST #10,"BRYAN, TX 77802",17523122418,00002,01/01/1992,01/01/1993
ROYAL DRILLING FLUIDS,INACTIVE,1105 DONA,"BRYAN, TX 77802",17421872288,00001,07/23/1981,06/30/1982
ROYAL HONEY BEARS & BUNNIES,INACTIVE,6059 HEARNE LN,"BRYAN, TX 77802",32028059635,00002,04/01/1993,12/25/1993
ROYAL OAKS PRO SHOP,INACTIVE,4455 CARTER CREEK,"BRYAN, TX 77802",32025076517,00003,02/17/1981,12/31/1988
ROYAL OAKS RACQUET CLUB INC,INACTIVE,4455 CARTER CREEK PKY,"BRYAN, TX 77802",17421136627,00001,07/10/1980,12/23/1998
ROYAL TELEVISION,INACTIVE,816 VILLA MARIA,"BRYAN, TX 77802",32030906476,00002,07/01/1982,12/31/1989
ROYAL TELEVISION,INACTIVE,816 VILLA MARIA,"BRYAN, TX 77802",30113839333,00001,01/01/1990,06/30/1993
ROYAL TELEVISION,INACTIVE,804 VILLA MARIA,"BRYAN, TX 77802",32030906476,00001,08/15/1975,06/30/1982
ROYALS,INACTIVE,1505 MAGLOTHIN CT,"BRYAN, TX 77802",32095482231,00001,07/04/2024,09/30/2024
ROYALTY PROMOTIONS CO INC,INACTIVE,1322-C BARAK LN,"BRYAN, TX 77802",17423543002,00001,10/01/1985,03/31/1986
ROYALXRICH,INACTIVE,4050 PENDLETON DR APT 1022,"BRYAN, TX 77802",32071788817,00001,10/01/2019,12/31/2019
RPP IMAGINATIONS,INACTIVE,401 EMMETT ST,"BRYAN, TX 77802",32018068067,00002,08/01/1998,03/15/2000
RPP IMAGINATIONS,INACTIVE,401 EMMETT ST,"BRYAN, TX 77802",32018068067,00001,02/01/1996,01/01/1998
RS TECHNOLOGY CONSULTING,INACTIVE,4202 WOODCREST DR,"BRYAN, TX 77802",32037521534,00001,07/15/2008,12/25/2012
RSH NETWORKING,INACTIVE,4909 PARK LAND DR,"BRYAN, TX 77802",32043386781,00001,01/14/2011,12/31/2017
RSVP EVENT MANAGEMENT,INACTIVE,1118 BRIAR CLIFF DR,"BRYAN, TX 77802",32016072624,00001,10/26/2004,09/01/2006
RT MONTGOMERY III,INACTIVE,4762 TIFFANY PARK CIR,"BRYAN, TX 77802",32009168181,00002,03/22/2004,09/30/2005
RT'S PERSONAL TOUCH,INACTIVE,3601 A WESTERN,"BRYAN, TX 77802",32004723808,00001,05/06/1995,11/05/1995
RTM3,INACTIVE,4762 TIFFANY PARK CIR,"BRYAN, TX 77802",32009168181,00004,02/28/2006,05/21/2007
RUBIN'S HAIR SALON,INACTIVE,2010 S TEXAS AVE,"BRYAN, TX 77802",32005679272,00001,05/13/2002,12/25/2004
RUBY CROWN STUDIO,ACTIVE,2400 BRIAR OAKS DR,"BRYAN, TX 77802",32064858551,00002,04/01/2021,
RUCKERLABEL,INACTIVE,21 GRAMERCY PARK DR APT 1636,"BRYAN, TX 77802",32057034509,00001,04/24/2015,06/30/2015
RUDOLPH'S WORKSHOP,INACTIVE,4608 TREADGOLD LN,"BRYAN, TX 77802",32007075164,00005,03/25/2015,09/30/2016
RUDY¬S APPLIANCE SERVICE,INACTIVE,1904 CARTER CREEK,"BRYAN, TX 77802",32032390919,00001,01/01/1984,06/30/1989
RUE21 STORE #640,INACTIVE,3121 WILDFLOWER DR STE 100,"BRYAN, TX 77802",12513116454,00068,07/01/2008,10/31/2019
RUFFINO ENTERPRISES,INACTIVE,3506 OAK HOLLOW DR,"BRYAN, TX 77802",17421668967,00003,08/10/2002,06/30/2003
RUFFINO LAWN MAINTENANCE,ACTIVE,4729 HUNINGTON DR,"BRYAN, TX 77802",32049854568,00001,01/01/2013,
RUFFINO LAWN MAINTENANCE,INACTIVE,4729 HUNTINGTON DR,"BRYAN, TX 77802",32008303029,00003,07/01/2004,12/31/2012
RUFFINO LAWN MAINTENANCE,INACTIVE,4609 WARWICK LN,"BRYAN, TX 77802",32008303029,00002,07/03/2000,06/30/2004
RUFFINO LAWN MAINTENANCE II,INACTIVE,4915 PARK ROW PL,"BRYAN, TX 77802",32018324676,00001,07/01/2005,06/30/2008
RUFFINO MEATS & FOOD SERVICE,ACTIVE,2130 E WM J BRYAN PKWY,"BRYAN, TX 77802",17420163788,00004,02/01/2012,
RUSS WELCH HARLEY DAVIDSON,INACTIVE,2112 E WM J BRYAN PKWY,"BRYAN, TX 77802",17427864180,00001,08/01/1996,02/28/2003
RUSS WELCH MOTOR CYCLE SERVICE,INACTIVE,2112 E WM J BRYAN PKY,"BRYAN, TX 77802",32017029078,00003,01/01/1991,07/31/1996
RUSSELL GROUP,INACTIVE,800 N ROSEMARY DR,"BRYAN, TX 77802",32010804519,00002,01/01/1998,12/31/2017
RUSSELL GROUP,INACTIVE,4400 CARTER CREEK PKWY APT 303,"BRYAN, TX 77802",32010804519,00001,01/23/1996,12/31/1997
RUSSELL GROUP INTERNATIONAL LLC,ACTIVE,800 N ROSEMARY DR,"BRYAN, TX 77802",32063756731,00001,05/29/2017,
RUSTIC WHISKEY BOUTIQUE,INACTIVE,3908 SEMINOLE CT,"BRYAN, TX 77802",32074923825,00001,07/10/2020,12/15/2021
RUSTLERS DEN,ACTIVE,2411 E 29TH ST,"BRYAN, TX 77802",32069584632,00001,03/01/2019,
RUSTY LACE DESIGNS,INACTIVE,1401 CARTER CREEK PKWY,"BRYAN, TX 77802",32030447604,00002,10/18/2013,12/25/2019
RUSTY ROSE CANDY,INACTIVE,1504 PRAIRIE DR,"BRYAN, TX 77802",32074553275,00001,06/30/2020,09/20/2022
RUTH & BOAZ,INACTIVE,501 SOUTHERN AVE,"BRYAN, TX 77802",32024536677,00001,10/10/1997,12/31/2000
RUTH CALLAWAY,INACTIVE,2131 KAZMEIER PLAZA,"BRYAN, TX 77802",32029156125,00001,05/13/1986,12/31/1987
RUTH'S FASHIONS,INACTIVE,3616 E 29TH,"BRYAN, TX 77802",17417060815,00002,11/26/1984,06/30/1987
RWA COMPUTER SERVICES,INACTIVE,2521 MANCHESTER DR,"BRYAN, TX 77802",32033481139,00001,08/07/2007,12/31/2021
RWL LANDSCAPING,ACTIVE,4117 BEDFORD DR,"BRYAN, TX 77802",32033449904,00001,08/02/2007,
RYAN MEMORIAL CO INC,INACTIVE,1425 S TEXAS AVENUE,"BRYAN, TX 77802",30003923031,00001,01/01/1981,03/31/1985
RYANS MEMORIALS,INACTIVE,1425 S TEXAS AVE,"BRYAN, TX 77802",14120972352,00003,08/01/2003,12/17/2004
S & B TRADING CO,INACTIVE,24 LONGVIEW,"BRYAN, TX 77802",32028120213,00003,08/01/1990,12/31/1991
S & F BEVERAGE COMPANY #720,INACTIVE,1805 BRIARCREST,"BRYAN, TX 77802",17418290643,00170,11/13/1977,10/30/1988
S & F BEVERAGE OF TEXAS INC,INACTIVE,1010 SOUTH COLLEGE,"BRYAN, TX 77802",17602534962,00081,10/09/1988,04/01/1992
S & F BEVERAGE OF TEXAS INC,INACTIVE,1760 BRIARCREST DR,"BRYAN, TX 77802",17602534962,00092,10/09/1988,12/31/2009
S & G PARTS,INACTIVE,2920 KENT ST APT 210,"BRYAN, TX 77802",32028113655,00001,09/01/1998,12/31/1998
S & H KRESS CO,INACTIVE,725 VILLA MARIA ROAD,"BRYAN, TX 77802",16202113409,00070,10/01/1970,09/30/1974
S & R ANTIQUES,INACTIVE,1300 HOPPESS,"BRYAN, TX 77802",32027087165,00002,02/21/1984,12/25/1985
S & R SPECIALTIES LLC,INACTIVE,801 DELLWOOD ST STE 100,"BRYAN, TX 77802",32064078523,00001,08/15/2017,12/31/2017
S & S CLEANING SERVICE,INACTIVE,1510 HOLLOWHILL DR APT 305,"BRYAN, TX 77802",32015180964,00001,06/09/2004,09/30/2004
S & S DISTRIBUTING CO,INACTIVE,1618 S TEXAS AVENUE,"BRYAN, TX 77802",17418742429,00001,09/01/1963,08/31/1991
S & S SURVEYING,INACTIVE,3912 PARK HURST DR,"BRYAN, TX 77802",30118104618,00002,10/01/2001,12/31/2007
S AND D ENTERPRISES,INACTIVE,261M RUSTLING OAKS,"BRYAN, TX 77802",32029086314,00002,01/01/1979,12/31/1983
S BEAUTY,ACTIVE,508 AVONDALE AVE,"BRYAN, TX 77802",17429818358,00003,03/01/2023,
S D NEFF CONSTRUCTION,INACTIVE,919 PARK LN,"BRYAN, TX 77802",32006959673,00002,10/01/1997,09/30/2002
S E A PRODUCTIONS INC,INACTIVE,2425 BRIARGATE DR,"BRYAN, TX 77802",17424803363,00001,10/02/1991,03/31/1996
S FASHION & BEAUTY,INACTIVE,2007 S TEXAS AVE,"BRYAN, TX 77802",17429818358,00002,10/01/2001,02/28/2023
S JACOB & WOLF. L.P.,INACTIVE,4103 S TEXAS AVE STE 219,"BRYAN, TX 77802",12700692846,00005,04/01/2011,03/31/2016
S O S MINISTRIES,ACTIVE,1318 MEMORIAL DR # 207,"BRYAN, TX 77802",30117083870,00001,07/17/2007,
S R C,INACTIVE,1435 OAK FOREST DR (OAK FOREST SUB),"BRYAN, TX 77802",32029183871,00001,08/22/1988,12/31/1989
S R C - T'S BY TRISH,INACTIVE,3618 E 29TH,"BRYAN, TX 77802",32029183871,00002,01/01/1990,12/31/1992
S Y'VONNE EVANS UNLIMITED,INACTIVE,1525 E 29TH STREET SUITE 709,"BRYAN, TX 77802",32005719094,00001,02/15/1991,12/31/1993
"S&M, LLC",INACTIVE,4103 S TEXAS AVE STE 101,"BRYAN, TX 77802",32041883250,00001,02/01/2020,
S&P GUNSMITHS,INACTIVE,4206 WINCHESTER DR,"BRYAN, TX 77802",32024747712,00001,03/16/2012,09/20/2012
S/B CAR DOC,INACTIVE,2114-A BOONEVILLE RD,"BRYAN, TX 77802",32032105150,00002,07/15/1983,11/09/1990
S/G FAMILY HUSTLE LLC,INACTIVE,3535 PLAINSMAN LN APT C47,"BRYAN, TX 77802",32077526021,00001,02/10/2021,06/30/2021
SAENZ APARTMENT CLEANING SERVICE,INACTIVE,2621 PECAN KNOLL APT C,"BRYAN, TX 77802",32005541613,00002,01/01/1993,06/30/1993
SAENZ JANITORIAL SERVICE,INACTIVE,4404 ROBIN HOOD,"BRYAN, TX 77802",32005069730,00001,07/01/1988,12/31/1994
SAFETY QUEST INC,INACTIVE,1805B BRIAR OAKS DR,"BRYAN, TX 77802",17427836170,00002,07/01/1999,06/30/2000
SAFEWAY STORES INC #720,INACTIVE,1805 BRIARCREST,"BRYAN, TX 77802",19408264547,00391,11/13/1977,11/29/1986
SAGO DESIGN GROUP,INACTIVE,4019 GREEN VALLEY DR,"BRYAN, TX 77802",32042102635,00001,06/01/2010,06/30/2019
SAINTS & SINNERS CAFE,INACTIVE,3700 S TEXAS AVE STE 300,"BRYAN, TX 77802",32073491519,00002,10/30/2022,12/31/2023
SALES EXPO,INACTIVE,725 E VILLA MARIA RD NO 47,"BRYAN, TX 77802",32031972634,00030,02/01/1993,10/01/1993
SALLY BEAUTY SUPPLY # 3257,ACTIVE,725 E VILLA MARIA RD STE 5100,"BRYAN, TX 77802",13626832581,00402,01/17/2005,
SALLY BEAUTY SUPPLY #125,INACTIVE,4415 S TEXAS AVE,"BRYAN, TX 77802",13626832581,00025,07/01/1981,11/01/1996
SALLY LAMPO,INACTIVE,412 MADELEINE,"BRYAN, TX 77802",32028194408,00001,10/02/1984,12/31/1992
SALON ESSENTIALS,INACTIVE,3614 E 29TH ST,"BRYAN, TX 77802",32011672378,00001,07/01/2003,12/31/2021
SALON ESSENTIALS,INACTIVE,3614 E 29TH ST,"BRYAN, TX 77802",32008729736,00001,04/01/2000,06/30/2003
SALVATION ARMY,INACTIVE,2606 S TEXAS AVE,"BRYAN, TX 77802",17508006784,00166,03/02/1998,12/31/2009
SAM HOUSTON CAMP ALLEN,INACTIVE,4501 CANTERBURY DR,"BRYAN, TX 77802",30118105946,00001,01/01/1997,05/29/1997
SAM HOUSTON ELEMENTARY PTO,ACTIVE,4501 CANTERBURY DR,"BRYAN, TX 77802",30010592191,00001,08/08/1988,
SAM RAYBURN MIDDLE SCHOOL,INACTIVE,2901 PAR DRIVE,"BRYAN, TX 77802",30115353358,00002,04/05/1993,04/05/1993
SAM RAYBURN MIDDLE SCHOOL,INACTIVE,2901 PAR DRIVE,"BRYAN, TX 77802",30115353358,00001,12/01/1992,12/01/1992
SAM RAYBURN PTO,INACTIVE,1048 N EARL RUDDER FWY,"BRYAN, TX 77802",12606724446,00001,09/01/2009,
SAM'S SMOKE SHOP,INACTIVE,3707 E 29TH,"BRYAN, TX 77802",32026598113,00010,02/06/1985,09/30/1988
SAMMY FOOD MART,INACTIVE,3500 E 29TH ST,"BRYAN, TX 77802",17428950749,00001,10/25/1998,06/30/2015
SAMMYE'S,INACTIVE,5704 TIMBERTON DR,"BRYAN, TX 77802",32029238493,00001,09/08/2000,01/10/2001
SAMUEL PONZIO,INACTIVE,4505 LITTLETON CT,"BRYAN, TX 77802",32042496284,00001,07/01/2010,07/01/2010
SAMUEL'S DEALS ONLINE,ACTIVE,3780 COPPERFIELD DR APT 212,"BRYAN, TX 77802",32059978810,00001,07/01/2015,
SAN ANGEL PHOTO,ACTIVE,501 SOUTHERN LN,"BRYAN, TX 77802",32052259176,00001,10/21/2013,
SAN ANTONIO RETAIL MERCHANTS ASSN INC,INACTIVE,3000 BRIARCREST DR STE 414,"BRYAN, TX 77802",17408797300,00012,11/01/1996,06/30/1997
SANDRA EDWARDS,INACTIVE,3007 CAMELOT,"BRYAN, TX 77802",32021644789,00001,11/01/1991,12/31/1993
SANDRA NOVOSAD,INACTIVE,2613 B PECAN RIDGE,"BRYAN, TX 77802",32023686523,00001,08/30/1993,01/01/1994
SANDY'S TREASURES,INACTIVE,2307 MORNINGSIDE DR,"BRYAN, TX 77802",32094300871,00001,05/01/2024,06/30/2024
SANDYCO ENTERPRISES INC,INACTIVE,4012 STILLMEADOW DR,"BRYAN, TX 77802",17423206006,00002,09/12/1995,12/31/1999
SANTA'S ATTIC & COLLECTIBLES,INACTIVE,4125 WILLOW OAK,"BRYAN, TX 77802",32029876383,00002,07/29/1986,12/31/1987
SANTA'S ATTIC & COLLECTIBLES,INACTIVE,4125 WILLOW OAK,"BRYAN, TX 77802",32029876383,00001,01/06/1984,12/31/1984
SANTA'S WAREHOUSE,INACTIVE,800 VILLA MARIA,"BRYAN, TX 77802",32007345633,00006,10/01/1987,12/31/1987
SANTRONICS,INACTIVE,4008 GLEN OAKS,"BRYAN, TX 77802",32030906419,00002,01/01/1975,06/30/1979
SARA'S ALTERATIONS,INACTIVE,3601 E 29TH ST STE 12,"BRYAN, TX 77802",30116412559,00002,07/01/2004,09/30/2005
SARA'S ALTERATIONS,INACTIVE,3601 E 29TH ST STE 12,"BRYAN, TX 77802",32010668765,00002,04/20/2001,06/30/2004
SARAH BEST PHOTOGRAPHY,INACTIVE,1504 CARTER CREEK PKWY,"BRYAN, TX 77802",32043327751,00001,07/15/2014,12/31/2017
SARAH BEST PHOTOGRAPHY,INACTIVE,1504 CARTER CREEK PKWY,"BRYAN, TX 77802",32043327751,00001,01/01/2011,07/14/2014
SARAH ELI PHOTOS,INACTIVE,2309 OXFORD ST,"BRYAN, TX 77802",32097324340,00001,10/26/2024,04/01/2025
SARGE'S CLUB,INACTIVE,617 E MARTIN LUTHER KING JR,"BRYAN, TX 77802",32004685817,00001,02/14/1988,01/02/1992
SARITA'S SMOKE SHOP,INACTIVE,3707 E 29TH ST,"BRYAN, TX 77802",32025729156,00003,04/01/1976,02/06/1985
SARMA CENTRAL TEXAS INC,INACTIVE,3000 BRIARCREST DR STE 414,"BRYAN, TX 77802",17425339748,00004,01/01/1996,10/31/1996
SARRONG SWAIN PHOTOGRAPHY,INACTIVE,2708 ARBOR DR,"BRYAN, TX 77802",32091794449,00001,09/30/2023,09/06/2024
SASSY SYDNE'S,INACTIVE,4325 BROMPTON LN,"BRYAN, TX 77802",32012560309,00001,10/27/2003,05/01/2004
SATA DEVELOPMENT LLC,INACTIVE,3708 E 29TH ST # 1015,"BRYAN, TX 77802",32086017897,00001,10/19/2022,
SATELLITE KING,INACTIVE,2017 S TEXAS AVE,"BRYAN, TX 77802",32023369708,00003,02/01/2000,02/28/2001
SATTERWHITE'S,INACTIVE,810 E VILLA MARIA RD,"BRYAN, TX 77802",32009879597,00001,10/01/1996,01/01/1997
SATURN OF AGGIELAND,INACTIVE,197 N EARL RUDDER FWY,"BRYAN, TX 77802",17417168683,00003,09/01/2004,05/01/2009
SATURN OF COLLEGE STATION,INACTIVE,197 N EARL RUDDER FWY,"BRYAN, TX 77802",17606497356,00001,09/01/2000,08/27/2004
SAV PRINT STUDIO,INACTIVE,1607 BURT ST,"BRYAN, TX 77802",32081343074,00001,10/08/2021,06/30/2024
SAV PRINT STUDIO,ACTIVE,1607 BURT ST,"BRYAN, TX 77802",32080607982,00001,07/01/2024,
SAV-ON OFFICE SUPPLIES #6863,INACTIVE,2009 S TEXAS AVE,"BRYAN, TX 77802",17528861143,00008,07/01/2000,05/30/2006
SAV-ON OFFICE SUPPLIES LLC 6863,INACTIVE,2009 S TEXAS AVE,"BRYAN, TX 77802",15712367083,00021,06/01/2006,05/16/2008
SAVE A LOT #3007,INACTIVE,4300 S TEXAS AVE,"BRYAN, TX 77802",39000002434,00126,01/21/1996,03/31/1997
SAVE-A-LOT,INACTIVE,4300 S TEXAS AVE,"BRYAN, TX 77802",14312832968,00024,05/01/1994,02/01/1996
SAVE-A-LOT #3007,INACTIVE,4300 S TEXAS AVE,"BRYAN, TX 77802",17526928399,00072,04/01/1997,01/01/1999
SCARMARDO STAINED GLASS & SPECIALTIES,INACTIVE,3603 CEDAR OAK CIR,"BRYAN, TX 77802",32008300751,00001,12/01/1994,12/25/2003
SCG CYBER,INACTIVE,1733 BRIARCREST DR STE 108,"BRYAN, TX 77802",15624851802,00001,07/01/2017,03/31/2018
SCHATZIE VENDING,INACTIVE,801 AVONDALE AVE,"BRYAN, TX 77802",32016245147,00001,11/23/2004,12/31/2014
SCHERFF APPLIANCES,INACTIVE,1805 BOONEVILLE RD,"BRYAN, TX 77802",32026162050,00005,04/01/1989,09/30/1991
SCHERTZ WRITING,ACTIVE,3530 MIDWEST DR APT D,"BRYAN, TX 77802",32064367330,00001,07/24/2017,
SCHIFFS SHOES #766,INACTIVE,MANOR EAST SHOPPING CENTER,"BRYAN, TX 77802",30000604212,00020,10/01/1970,12/31/1971
SCHLEIDER ELECTRONICS,INACTIVE,717 EDGEWOOD,"BRYAN, TX 77802",32007098257,00001,07/01/1982,12/25/1986
SCHLEIDER ENTERPRISES,INACTIVE,717 EDGEWOOD DR,"BRYAN, TX 77802",32007098257,00002,01/01/1988,
SCHLOTZSKY'S,INACTIVE,808 VILLA MARIA,"BRYAN, TX 77802",17418817601,00003,05/27/1977,07/31/1979
SCHLOTZSKY'S,INACTIVE,808 VILLA MARIA,"BRYAN, TX 77802",17420600771,00002,08/14/1979,06/30/1980
SCHOEPF BRIARCREST WASHATERIA,INACTIVE,3131 BRIARCREST DR,"BRYAN, TX 77802",17418785360,00011,10/02/1984,11/30/1986
SCHOOL OF RURAL PUBLIC HEALTH,INACTIVE,3000 BRIARCREST DR STE 300,"BRYAN, TX 77802",14120674750,00001,10/01/2003,12/31/2005
SCHULMAN PARTNERS,ACTIVE,2109 VINEWOOD DR,"BRYAN, TX 77802",32059758246,00001,04/01/2016,
SCHULMAN VI THEATRES,INACTIVE,2000 E 29TH ST,"BRYAN, TX 77802",17423525728,00002,08/01/1985,09/30/1997
SCHULTEA SERVICES,INACTIVE,2920 KENT ST APT 188,"BRYAN, TX 77802",32006780814,00002,01/01/1996,12/31/1996
SCHULTZ'S HANDYMAN SERVICES,INACTIVE,714 MARY LAKE DR,"BRYAN, TX 77802",32041878946,00001,05/01/2010,09/30/2010
SCI-CAREER APPAREL,INACTIVE,4001 E 29TH ST STE 103,"BRYAN, TX 77802",17427613926,00003,12/01/2002,04/30/2005
SCI-CAREER APPAREL,INACTIVE,1702A S TEXAS AVE,"BRYAN, TX 77802",17427613926,00001,11/01/1995,08/31/2002
SCK KIOSK # 015066,INACTIVE,3061 WILDFLOWER DR,"BRYAN, TX 77802",12015892206,00121,10/21/2010,04/01/2013
SCOA INDUSTRIES SHOE DEPT,INACTIVE,% BRITTS 801 VILLA MARIA RD,"BRYAN, TX 77802",30000604212,00021,10/08/1970,12/31/1970
SCOOTER BROWN'S INC,INACTIVE,3100 BRIARCREST DR,"BRYAN, TX 77802",30010210034,00002,02/01/1989,12/31/1989
SCOOTER COMPUTER,INACTIVE,1803 GREENFIELD PLAZA,"BRYAN, TX 77802",32021166866,00002,10/01/1992,09/09/1993
SCOOTER COMPUTER,INACTIVE,3130 E-29TH ST SUITE A-155,"BRYAN, TX 77802",32021166866,00001,02/26/1992,09/30/1992
SCOTT LAURIE NEWSPAPER CARRIER,INACTIVE,3534 B MIDWEST,"BRYAN, TX 77802",32021318798,00001,10/01/1985,10/31/1985
SCOTT LOEHR DESIGNS,INACTIVE,2126 KAZMEIER PLZ,"BRYAN, TX 77802",32087949916,00001,01/01/2023,
SCOTTY'S HOUSE BRAZOS VALLEY CHILD ADVOCACY CENTER,INACTIVE,2424 KENT ST,"BRYAN, TX 77802",17426506162,00001,04/30/2016,04/30/2016
SCRAPBOOK PLAYHOUSE,INACTIVE,2605 HOLLOW OAK CIR,"BRYAN, TX 77802",32043814311,00001,03/16/2011,12/31/2015
SCRAPPIN HEAVEN,INACTIVE,2505 WHISPERING OAKS CIR,"BRYAN, TX 77802",32050594939,00001,04/01/2013,01/01/2017
SCRAPS'N PATCHES,INACTIVE,3903 GLENN OAKS DR,"BRYAN, TX 77802",32018608094,00001,05/15/1973,12/31/1976
"SCREENED IMAGES, INC.",ACTIVE,725 E VILLA MARIA RD STE 2300,"BRYAN, TX 77802",17428861011,00004,05/01/2014,
SCRIPTURE HAVEN CHRISTIAN SUPPLY,INACTIVE,4301 CARTER CREEK,"BRYAN, TX 77802",17421788914,00004,09/03/1985,10/31/1987
"SDD ENTERPRISE, INC.",INACTIVE,1101 E VILLA MARIA RD,"BRYAN, TX 77802",32038765197,00001,02/15/2009,03/31/2020
SEA LIFE AQUATIC SPECIALIST,INACTIVE,2414B PECAN RIDGE,"BRYAN, TX 77802",32027431371,00001,05/01/1993,01/31/1994
SEA TROLL ENGINEERING INC,INACTIVE,703 E VILLA MARIA RD,"BRYAN, TX 77802",17600864932,00002,11/01/1998,03/31/2000
SEA-LIFE AND FRIENDS,INACTIVE,2414-B PECAN RIDGE,"BRYAN, TX 77802",32031023032,00001,10/07/1993,12/31/1993
SEAFOOD MAMA'S,INACTIVE,1710 BRIARCREST DR,"BRYAN, TX 77802",32042440605,00002,09/01/2011,06/28/2012
SEAL CONTRACTING,INACTIVE,4426 MEADOWBROOK DR,"BRYAN, TX 77802",32014724051,00002,04/01/2004,07/01/2006
SEAL ENTERPRISES,INACTIVE,4426 MEADOWBROOK DR,"BRYAN, TX 77802",32014724051,00003,11/01/2005,06/30/2006
SEAMLESS HOME PRODUCTS INC,INACTIVE,2911 E VILLA AMRIA RD,"BRYAN, TX 77802",17426944041,00002,04/01/1995,12/31/2004
SEAMS TOGETHER,INACTIVE,717 LAWRENCE ST,"BRYAN, TX 77802",32025923577,00001,11/21/1995,07/01/1996
SEAMS TOO PERFECT,INACTIVE,4050 PENDLETON DR APT 918,"BRYAN, TX 77802",32070814168,00001,06/01/2019,12/31/2019
SEASCORP INC,INACTIVE,2511 S TEXAS AVE,"BRYAN, TX 77802",17426510438,00001,11/01/1992,04/30/1995
SEASON'S PAST,INACTIVE,3213 RED ROBIN LOOP,"BRYAN, TX 77802",32007681516,00001,08/04/1994,12/31/1996
SECOND GLANCE,INACTIVE,3616 E 29TH,"BRYAN, TX 77802",32007012860,00001,08/01/1992,09/30/1992
SECOND GLANCE,INACTIVE,3616 E 29TH,"BRYAN, TX 77802",32004941806,00001,10/01/1992,03/31/1993
SECOND GLANCE,INACTIVE,3616 E 29TH ST,"BRYAN, TX 77802",32025651616,00001,05/25/1993,12/31/1993
SECOND HAND MERCHANDISE,INACTIVE,2708 VILLA MARIA,"BRYAN, TX 77802",32008844626,00002,07/09/1990,12/31/2003
SECRETLY SASSY BOUTIQUE,INACTIVE,4202 WINCHESTER DR,"BRYAN, TX 77802",32047249506,00001,03/09/2012,01/01/2013
SECTION 8 PERFORMANCE & RACING,INACTIVE,3224 RED ROBIN LOOP,"BRYAN, TX 77802",32012628643,00001,10/27/2003,12/31/2003
SEE W-9,INACTIVE,4413 S TEXAS AVE,"BRYAN, TX 77802",17606956781,00001,12/02/2002,12/14/2006
SEEKING PEACE COACHING,ACTIVE,1114 LAMAR DR,"BRYAN, TX 77802",32092669814,00001,01/06/2025,
SEIDEL SCHROEDER & CO,INACTIVE,4340 CARTER CREEK PKWY STE 103,"BRYAN, TX 77802",17420523536,00003,08/15/1999,12/31/2021
SELECT FURNISHINGS & RENTALS,INACTIVE,2919 S TEXAS AVE,"BRYAN, TX 77802",17429314085,00004,09/01/2000,05/20/2004
SENECA TELEPHONE COMMUNICATIONS INC.,INACTIVE,1920 WAYSIDE DR.,"BRYAN, TX 77802",17515727984,00002,12/31/1982,12/31/1982
SERENDIPITY,INACTIVE,3602 TANGLEWOOD,"BRYAN, TX 77802",30114360313,00001,08/07/1991,12/31/1992
SERENDIPITY GRILL & BAR,INACTIVE,3700 S TEXAS AVE STE 100,"BRYAN, TX 77802",32040119151,00001,11/13/2009,03/31/2010
SERENE WATERBEDS,INACTIVE,1919 S TEXAS AVENUE,"BRYAN, TX 77802",32004810274,00003,04/01/1983,07/26/1985
SERENE WATERBEDS,INACTIVE,1683 BRIARCREST DR,"BRYAN, TX 77802",32004810274,00002,05/25/1982,04/30/1984
SERIOUS MOONLIGHT,INACTIVE,704 INWOOD DR,"BRYAN, TX 77802",32008720834,00001,06/24/1993,12/31/2006
SERIOUSLY CLUED CONSULTING,INACTIVE,709 GARDEN ACRES BLVD,"BRYAN, TX 77802",32014546280,00001,01/01/2004,12/25/2016
SERVICE MAINTENANCE,INACTIVE,4520 MEADOWBROOK,"BRYAN, TX 77802",17424912479,00001,10/01/1987,11/01/1992
SERVICE SATELLITE SYSTEMS,INACTIVE,816 VILLA MARIA,"BRYAN, TX 77802",32030052313,00002,01/01/1986,03/31/1995
SEVCIK'S TEXACO S/S,INACTIVE,3901 E 29TH ST,"BRYAN, TX 77802",32006887411,00001,02/25/1975,06/01/1993
SEW BEE IT,INACTIVE,1857 BRIARCREST DR,"BRYAN, TX 77802",32023346193,00001,03/02/1995,12/25/1999
SEW CUTE!!,INACTIVE,1408 E 31ST ST,"BRYAN, TX 77802",32039822161,00001,09/11/2009,02/01/2013
SEW MUCH SEWN,INACTIVE,3311 BROADMOOR DR,"BRYAN, TX 77802",32071873544,00001,11/15/2019,01/01/2025
SEW SASSY,INACTIVE,3908 SEMINOLE CT,"BRYAN, TX 77802",32017123863,00002,10/20/2008,12/31/2012
SEW-N-SO,INACTIVE,1212 GARDEN LANE,"BRYAN, TX 77802",32009750293,00002,08/10/1992,01/01/1993
SEW'N SEW INC,INACTIVE,1119 VILLA MARIA RD,"BRYAN, TX 77802",17509391367,00009,10/01/1971,05/31/1974
SEWING BY KAREN,INACTIVE,3519 MIDWEST DR,"BRYAN, TX 77802",32030842937,00003,01/01/1992,05/20/1992
SEWING BY KAREN,INACTIVE,3702 VALLEY OAKS DR,"BRYAN, TX 77802",32030842937,00002,08/01/1985,01/01/1992
SEWING SOLUTIONS,INACTIVE,4012 STILLMEADOW,"BRYAN, TX 77802",32028491473,00001,03/02/1992,05/31/1993
SEWLY YOURS,INACTIVE,3620B CHOCTAW ST,"BRYAN, TX 77802",32014822814,00001,04/14/2004,12/31/2007
SEWN-BY SISTERS,INACTIVE,2603 S TEXAS AVE,"BRYAN, TX 77802",32050698730,00001,04/15/2013,12/31/2016
"SEZER ENTERPRISES, LLC",ACTIVE,4103 S TEXAS AVE STE 1000,"BRYAN, TX 77802",32066363154,00001,03/13/2021,
"SHABBAT HOLDINGS, LLC",ACTIVE,608 CACHE CV # B,"BRYAN, TX 77802",32067581630,00001,08/14/2018,
SHADES ATELIER,ACTIVE,3001 WILDFLOWER DR STE 811,"BRYAN, TX 77802",32086744912,00001,01/15/2023,
SHADES OF ENVIROMENT,INACTIVE,2411 DE LEE ST APT 21,"BRYAN, TX 77802",32005975928,00001,05/28/2002,03/31/2004
SHADOW SUPPLIERS LLC,INACTIVE,2414 LONG DR UNIT B,"BRYAN, TX 77802",32092198434,00001,11/01/2023,07/25/2025
SHAKLEE EXCHANGE & SALES,INACTIVE,2/10 MI N PEACH CREEK RODEO ARENA,"BRYAN, TX 77802",32005141968,00001,03/01/1976,09/30/1978
SHAKLEE EXCHANGE & SALES,INACTIVE,2507 OAK CIR,"BRYAN, TX 77802",32005141968,00003,10/01/1978,11/01/2010
SHALA'S SHOES,INACTIVE,3725 E 29TH ST,"BRYAN, TX 77802",32009070221,00002,08/18/1975,03/17/1976
SHAMMY CAR WASH,ACTIVE,3301 S TEXAS AVE,"BRYAN, TX 77802",17425588286,00001,04/01/1990,
SHANGHAI WOK,INACTIVE,725 E VILLA MARIA RD,"BRYAN, TX 77802",32006005071,00003,04/01/2008,12/31/2010
SHANGHAI WOK,INACTIVE,725 E VILLA MARIA RD,"BRYAN, TX 77802",32033478523,00002,11/21/2007,02/28/2008
SHANGHAI WOK,INACTIVE,725 E VILLA MARIA RD # HEB,"BRYAN, TX 77802",32043164899,00001,01/01/2011,09/30/2011
SHANGHAI WOK,INACTIVE,725 E VILLA MARIA RD,"BRYAN, TX 77802",32044816786,00001,08/21/2011,12/31/2015
SHANNON'S COMICS,INACTIVE,4233 WARWICK LN,"BRYAN, TX 77802",32015727202,00001,07/25/1995,12/31/1996
SHAPERS HAIR PRODUCTION,INACTIVE,1673 BRIARCREST DR # 109,"BRYAN, TX 77802",32012259423,00001,09/05/2001,12/31/2001
SHAPEWAY INC,INACTIVE,3710 EAST 29TH ST,"BRYAN, TX 77802",17422251839,00001,10/02/1984,06/30/1988
SHARON BANISTER,INACTIVE,1117 EDGEWOOD DR,"BRYAN, TX 77802",32006275971,00002,01/01/2005,12/31/2008
SHARON BANISTER,ACTIVE,1117 EDGEWOOD DR,"BRYAN, TX 77802",32006275971,00001,11/26/2001,
SHARON'S DANCE CENTER,INACTIVE,3805 S TEXAS AVE,"BRYAN, TX 77802",32006721149,00002,01/01/2002,06/30/2005
SHARON'S DANCE CENTER,INACTIVE,3805 S TEXAS AVE,"BRYAN, TX 77802",32006721149,00002,04/01/2007,04/01/2007
SHARON'S DANCE CENTER,INACTIVE,3709 E 29TH ST,"BRYAN, TX 77802",32006721149,00001,08/01/2000,12/31/2001
SHARON'S GARDEN CENTER,INACTIVE,3410 S TEXAS AVE,"BRYAN, TX 77802",32008047469,00001,10/01/1992,10/01/1992
SHARON'S SUNSHINE,INACTIVE,3232 BRIARCREST DRIVE BRAZOS CENTER,"BRYAN, TX 77802",32027132961,00001,08/03/1982,12/31/1984
SHARP CARS & TRUCKS,INACTIVE,3300 S TEXAS AVE,"BRYAN, TX 77802",32009289524,00005,04/04/1994,05/01/1997
SHAWN A RAKOWITZ,INACTIVE,2607A PECAN RIDGE DR,"BRYAN, TX 77802",32028578550,00001,08/24/2000,03/31/2001
SHAWN NEER,INACTIVE,3801 E CREST DR APT 6205,"BRYAN, TX 77802",32053122951,00002,11/01/2024,12/31/2024
SHELLY'S CLEANING SERVICE,INACTIVE,2625C PECAN KNOLL ST,"BRYAN, TX 77802",32022811320,00002,02/03/1999,06/30/1999
SHEPLER EQUIPMENT CO,INACTIVE,1701 S COLLEGE AVE,"BRYAN, TX 77802",17602552493,00007,11/01/1990,07/01/1994
SHERILYN GILMORE,INACTIVE,1716 BRIERCREST STE 101,"BRYAN, TX 77802",32005006245,00004,01/01/1989,12/31/1991
SHERILYN GILMORE,INACTIVE,1716 BRIERCREST STE #101,"BRYAN, TX 77802",32005006245,00003,07/01/1988,04/01/1989
SHERILYN GILMORE,INACTIVE,2367 BRIARGATE,"BRYAN, TX 77802",32005006245,00001,05/01/1981,12/31/1987
SHERMAN ZHANG LLC,ACTIVE,1514 OAKVIEW ST,"BRYAN, TX 77802",32065721790,00001,04/05/2025,
SHERRIE'S JEWELRY,INACTIVE,4703 TIFFANY PARK CIR,"BRYAN, TX 77802",32009492342,00003,01/01/1995,12/30/2000
SHERRIE'S JEWELRY,INACTIVE,3224 RED ROBIN LOOP,"BRYAN, TX 77802",32009492342,00001,06/15/1982,12/31/1990
SHERRY'S SHOP,INACTIVE,1602 E 28TH ST,"BRYAN, TX 77802",32008162011,00003,07/01/2001,12/31/2006
SHERWOOD HEALTH CARE INC,INACTIVE,1401 MEMORIAL DR,"BRYAN, TX 77802",17420064648,00001,01/01/1979,12/31/2001
SHIELD ENTERPRISES,INACTIVE,1410 EAST 28TH ST,"BRYAN, TX 77802",32031273728,00002,07/01/1988,07/01/1989
SHINE OFFICE CLEANING,INACTIVE,2426A PECAN RIDGE DR,"BRYAN, TX 77802",32058079263,00001,07/01/2015,03/31/2022
SHIPLEY DONUTS,ACTIVE,3301 WILDFLOWER STE 101,"BRYAN, TX 77802",17426407767,00003,09/13/2008,
SHIPLEY DONUTS,ACTIVE,210 W VILLA MARIA,"BRYAN, TX 77802",17426407767,00001,07/21/1992,
SHIRLEY J,INACTIVE,3923 OLD OAKS DR APT 2,"BRYAN, TX 77802",32044318213,00001,06/01/2011,12/31/2011
SHIRLEY J DANE,INACTIVE,2609 RUSTLING OAKS DR,"BRYAN, TX 77802",32009874119,00001,02/01/2001,04/20/2009
SHIRLEY M COLEMAN,INACTIVE,1702 LUZA ST,"BRYAN, TX 77802",32015425641,00002,07/17/2004,12/31/2007
SHIRLEY'S PARADISE,INACTIVE,2620 MANCHESTER DR,"BRYAN, TX 77802",32011289488,00003,05/02/2003,12/31/2003
SHIVERS,INACTIVE,3703 E 29TH ST,"BRYAN, TX 77802",32008256912,00006,09/23/2004,12/31/2006
SHIVERS,INACTIVE,CORNER OF BRIARCREST & BROADMOOR,"BRYAN, TX 77802",32030279460,00001,04/08/1996,08/25/1997
SHOE DEPARTMENT #3548,INACTIVE,% BRITTS MANOR EAST SHPG CTR,"BRYAN, TX 77802",30000604212,00029,04/01/1972,04/30/1976
SHOE GALLERY,INACTIVE,3607 S TEXAS AVE,"BRYAN, TX 77802",32008121603,00005,02/21/2006,04/30/2006
SHOE MAN,INACTIVE,2603 S TEXAS AVE,"BRYAN, TX 77802",32020097799,00003,10/01/2007,06/30/2008
SHOE OUTLET #29,INACTIVE,1673 BRIARCREST DR #200,"BRYAN, TX 77802",17422245294,00024,12/01/1984,04/30/1986
SHOE SHACK,INACTIVE,2022 S TEXAS AVE,"BRYAN, TX 77802",32008121603,00004,03/20/2004,03/31/2004
SHOP CIRCUIT INC,INACTIVE,4712 PEMBROOK LN,"BRYAN, TX 77802",14216513839,00002,11/22/2004,12/31/2005
SHOPPE FOR ALL,INACTIVE,4303 WOODBRIAR DR,"BRYAN, TX 77802",32009596076,00001,09/01/2007,03/31/2008
SHORTEE'S,INACTIVE,4248 BOONVILLE RD,"BRYAN, TX 77802",32029667592,00002,11/01/2010,11/25/2011
SHYRLEY.ARTS. AND.CRAFTS,ACTIVE,4050 EASTCHESTER DR,"BRYAN, TX 77802",32100916645,00001,08/01/2025,
SIEGERT RADIATOR,INACTIVE,604 VILLA MARIA,"BRYAN, TX 77802",32008550025,00001,06/01/1982,06/30/1984
SIEGERT SERVICE CO,ACTIVE,989 N EARL RUDDER FWY,"BRYAN, TX 77802",17421281217,00002,04/01/2000,
SIEGERT SERVICE CO,INACTIVE,1606 EAST-BY-PASS SOUTH,"BRYAN, TX 77802",17421281217,00001,02/01/1983,03/31/2000
SIELKEN INC,INACTIVE,3833 S TEXAS AVE STE 230,"BRYAN, TX 77802",30008783851,00001,04/01/1994,05/03/2002
SIG WEAR,INACTIVE,4010 MEADOWWOOD DR,"BRYAN, TX 77802",32047894798,00001,05/09/2012,12/31/2012
SIGMOR NUMBER 511 INC,INACTIVE,3611 S TEXAS AVENUE,"BRYAN, TX 77802",17416778698,00001,11/20/1972,03/31/1986
SIGN A RAMA,INACTIVE,4403 S TEXAS AVE,"BRYAN, TX 77802",17429364924,00001,01/24/2000,12/31/2000
SIGN GYPSIES BRYAN- COLLEGE STATION,INACTIVE,2303 AVON ST,"BRYAN, TX 77802",32068461204,00001,05/01/2018,05/11/2020
SIGN PRO OF BRYAN TEXAS,INACTIVE,2112 E WM J BRYAN PKWY,"BRYAN, TX 77802",17427354414,00002,06/01/2014,12/31/2020
SIGN SOURCE,INACTIVE,1200 BRIARCREST DR STE 1100,"BRYAN, TX 77802",17429397056,00001,01/01/2000,11/30/2001
SIGN SOURCE,INACTIVE,1200 BRIARCREST DR STE 1100,"BRYAN, TX 77802",32022551132,00007,11/08/1999,02/29/2000
SIGNATURE BROW #1,ACTIVE,808 E VILLA MARIA RD,"BRYAN, TX 77802",32048504180,00002,12/01/2012,
SIGNATURE DESIGNERS,INACTIVE,1623 WOODLAND DR,"BRYAN, TX 77802",32031214847,00004,07/16/1987,07/17/1987
SIGNATURE DRESSING,INACTIVE,1730 BRIARCREST DR,"BRYAN, TX 77802",17423015555,00002,07/01/1994,01/01/1997
SIGNS BY KACIE,INACTIVE,1810 BRIAR OAKS DR,"BRYAN, TX 77802",32019167272,00001,02/23/2006,03/31/2007
SIGNS BY SERGIO,INACTIVE,3501 S TEXAS AVE,"BRYAN, TX 77802",17529888665,00003,03/01/2005,05/31/2007
SIGNS PLUS BANNERS & MORE,INACTIVE,2603 S TEXAS AVE,"BRYAN, TX 77802",32028445677,00001,07/19/1999,12/31/2001
SIGNWORKS,INACTIVE,1607 CAVITT AVE,"BRYAN, TX 77802",32007989315,00004,08/20/1992,02/01/1996
SILKS BY LOUAN,INACTIVE,1865 BRIARCREST DR,"BRYAN, TX 77802",32007474961,00003,01/01/2000,12/31/2005
SILVER LILLIE'S DESIGNS,ACTIVE,3500 CARTER CREEK PKWY,"BRYAN, TX 77802",32092967036,00001,01/01/2024,
SILVER SHELL,INACTIVE,3902 E 29TH ST APT E2,"BRYAN, TX 77802",32040218789,00001,09/02/2009,12/25/2014
SILVER STATION,INACTIVE,4403 S TEXAS AVE,"BRYAN, TX 77802",32026091580,00007,02/01/1994,12/31/1998
SILVER STATION,INACTIVE,4403 S TEXAS AVE,"BRYAN, TX 77802",32026091580,00008,09/01/1999,10/02/1999
SILVER THIMBLE ALTERATIONS,INACTIVE,2018 S TEXAS AVE,"BRYAN, TX 77802",32009083612,00003,01/09/2003,03/31/2003
SILVER THIMBLE ALTERATIONS,INACTIVE,2018 S TEXAS AVE,"BRYAN, TX 77802",32011100610,00002,04/01/2003,06/30/2012
SILVER THIMBLE ALTERATIONS,ACTIVE,910 N EARL RUDDER FWY STE 250,"BRYAN, TX 77802",32044218405,00004,07/01/2021,
SILVER THIMBLE ALTERATIONS,INACTIVE,2018 S TEXAS AVE,"BRYAN, TX 77802",32044218405,00003,07/01/2012,06/30/2021
SILVER THREADS & GOLDEN NEEDLES QUILTING COMPANY,INACTIVE,2911 WOODMEADOW DR,"BRYAN, TX 77802",32013445112,00001,02/01/2004,08/17/2010
SILVERADO RODEO,INACTIVE,3600 SANDY POINT RD,"BRYAN, TX 77802",32010574724,00003,11/01/2000,03/31/2003
SIMCO ADVERTISING SPECIALTY,INACTIVE,3610A MAJOR ST,"BRYAN, TX 77802",32007899423,00002,02/01/1998,12/31/1998
SIMPLE ELEGANCE DESIGNS,INACTIVE,2002 VINEWOOD DR,"BRYAN, TX 77802",32015276218,00001,07/01/2004,12/25/2005
SIMPLY DEBRIS,INACTIVE,2100 WINDSOR DR APT 16,"BRYAN, TX 77802",32008890223,00006,04/01/2017,09/30/2023
SIMPLY IRON,INACTIVE,6101 BASSETT CT,"BRYAN, TX 77802",32009587596,00001,10/04/2001,06/30/2002
SIMPLY SMILES PHOTOGRAPHY,INACTIVE,4001 WOODBRIAR DR,"BRYAN, TX 77802",32053776525,00001,04/15/2014,12/31/2016
SING LEE,INACTIVE,3030 E 29TH STREET,"BRYAN, TX 77802",32030999984,00004,08/01/1986,02/28/1990
SING LEE,INACTIVE,3030 E 29TH ST,"BRYAN, TX 77802",17429952587,00001,04/02/2001,03/31/2007
SING LEE CHINESE RESTAURANT,INACTIVE,3030 E 29TH ST,"BRYAN, TX 77802",32030762812,00002,01/01/1996,03/31/2001
SING LEE CHINESE RESTAURANT,INACTIVE,3030 E 29TH ST SUITE 101,"BRYAN, TX 77802",32030762812,00001,03/01/1990,08/01/1995
SING LEE CHINESE RESTAURANT,INACTIVE,3030 E 29TH ST STE 101,"BRYAN, TX 77802",32031082426,00001,07/01/1995,12/31/1995
SINGLE FLAME CANDLE CO.,ACTIVE,4150 PENDLETON DR APT 514,"BRYAN, TX 77802",32102274720,00001,10/18/2025,
SINGLES CONNECTION,INACTIVE,3833 TEXAS AVE STE 300,"BRYAN, TX 77802",17424945230,00001,04/01/1988,10/01/1988
SINOR FROGS,INACTIVE,1601 S TEXAS AVE,"BRYAN, TX 77802",32026586415,00001,06/01/1997,12/21/1997
SIRVERA OF BRYAN,INACTIVE,3902 E 29TH APT D9,"BRYAN, TX 77802",32013134930,00001,11/21/1973,06/30/1975
SISTER WOLFF CREATIONS,INACTIVE,1607 E 28TH ST,"BRYAN, TX 77802",32078126177,00001,03/01/2021,
SISTER'S TREASURES,INACTIVE,1104 E 31ST ST,"BRYAN, TX 77802",32044981739,00001,09/01/2011,09/30/2011
SITTON VENTURES LLC,INACTIVE,3803 OLD OAKS DR,"BRYAN, TX 77802",32033750582,00002,09/01/2008,07/31/2009
SIZZURP SHAVED ICE,ACTIVE,406 JUNE ST,"BRYAN, TX 77802",32098254009,00001,03/01/2025,
"SKIN, HAIR & NAIL THERAPUTIC CENTER",INACTIVE,4008 STILLMEADOW DR,"BRYAN, TX 77802",32028437609,00001,02/02/1998,12/31/2000
SKIP'S STONES,INACTIVE,804 E VILLA MARIA RD,"BRYAN, TX 77802",32044570359,00001,07/05/2011,12/31/2019
SKR INDUSTRIES INC,INACTIVE,2900C WILDFLOWER,"BRYAN, TX 77802",17519387264,00002,06/01/1988,12/14/1994
SKY EMPORIUM LLC,INACTIVE,3601 E 29TH ST STE 6,"BRYAN, TX 77802",32092998726,00001,01/05/2024,
SKY WAVES,INACTIVE,604 VILLA MARIA,"BRYAN, TX 77802",32023558383,00003,02/01/1984,06/30/1985
SKYDIVE AGGIELAND,INACTIVE,6120 E HWY 21 #W-21,"BRYAN, TX 77802",17108711791,00001,09/03/2002,12/31/2003
SKYE LARKE JEWELRY & GIFTS,INACTIVE,3231 E 29TH ST,"BRYAN, TX 77802",17512546841,00017,01/01/1999,12/31/2013
SKYEPACK INC.,ACTIVE,3833 S TEXAS AVE,"BRYAN, TX 77802",32060385682,00001,01/01/2024,
SL WALDENBROOKE ESTATES LLC,INACTIVE,2410 MEMORIAL DR,"BRYAN, TX 77802",32026942378,00001,05/01/2009,05/01/2009
SLEEP STATION,INACTIVE,1673 BRIARCREST DR STE B108,"BRYAN, TX 77802",32009422166,00001,02/01/1999,10/01/1999
SLEEP STATION,INACTIVE,712 E VILLA MARIA RD,"BRYAN, TX 77802",17429661592,00003,09/01/2000,01/30/2002
SLEEP STATION,INACTIVE,1673 BRIARCREST DR STE B108,"BRYAN, TX 77802",17429661592,00002,09/01/2000,12/30/2001
SLEEP STATION,INACTIVE,1673 BRIARCREST DR STE B108,"BRYAN, TX 77802",32000507874,00002,04/01/1998,01/31/1999
SLEEP STATION INC,INACTIVE,1673 BRIARCREST DR STE B108,"BRYAN, TX 77802",17429304540,00001,10/01/1999,08/31/2000
SLINGSHOT TRADING,INACTIVE,3828 S TEXAS AVE,"BRYAN, TX 77802",32064046314,00001,05/01/2018,09/30/2020
SLIP AWAY INC,INACTIVE,3723 E 29TH ST STE 139,"BRYAN, TX 77802",17428874956,00001,05/27/1998,05/27/1998
SLOPPY JOE'S,INACTIVE,2700 S TEXAS AVE,"BRYAN, TX 77802",32008683875,00010,04/01/1998,01/18/2004
SLOPPY JOE'S,INACTIVE,2700 S TEXAS AVE,"BRYAN, TX 77802",32014691268,00001,06/01/2004,08/31/2006
SLOPPY JOE'S,INACTIVE,2700 TEXAS AVE S,"BRYAN, TX 77802",32014104429,00001,01/12/2004,05/31/2004
SLOPPY JOE'S,INACTIVE,2700 S TEXAS AVE,"BRYAN, TX 77802",32014104403,00001,09/01/2006,05/31/2008
SLOPPY JOE'S CAFE & CATERING,INACTIVE,2700 S TEXAS AVE,"BRYAN, TX 77802",12608943986,00001,06/01/2008,02/28/2010
SLOPPY JOE'S DRIVE INN,INACTIVE,1720 E 29TH ST,"BRYAN, TX 77802",32008683875,00009,12/04/1995,01/10/1999
SLOVACEK CPA,INACTIVE,1722 BROADMOOR DR,"BRYAN, TX 77802",32010119868,00002,01/01/2005,12/25/2005
SLOVACEK CPA,INACTIVE,2805 BRIAR GROVE CIR,"BRYAN, TX 77802",32010119868,00001,01/01/2001,12/31/2004
SMARSTYLE,INACTIVE,2200 BRIARCREST DR,"BRYAN, TX 77802",10436085749,00177,04/01/2002,09/30/2022
SMART START,ACTIVE,3410 S TEXAS AVE,"BRYAN, TX 77802",17524479502,00039,12/01/2005,
SMART START,INACTIVE,300410 TEXAS AVE,"BRYAN, TX 77802",17524479502,00012,06/01/1999,11/30/2005
SMART STOP #3,INACTIVE,890 N EARL RUDDER FWY,"BRYAN, TX 77802",32079650126,00001,08/15/2021,01/01/2023
SMART STYLE HAIR SALON,INACTIVE,2200 BRIARCREST DR STE 103,"BRYAN, TX 77802",32066939599,00011,06/15/2021,08/30/2023
SMARTOUCH,INACTIVE,804 E VILLA MARIA RD,"BRYAN, TX 77802",32063826278,00002,12/02/2019,12/31/2023
SMARTSTYLE,INACTIVE,2200 BRIARCREST DR,"BRYAN, TX 77802",32063013851,00002,06/14/2017,07/30/2021
SMARTY SPROUTS KIDS' CLUB,ACTIVE,3100 WILDFLOWER DR STE 300,"BRYAN, TX 77802",32072226536,00001,08/20/2020,
SMC,INACTIVE,1831A WILDE OAK CIR,"BRYAN, TX 77802",32031161162,00001,04/17/2007,04/08/2008
SMELSER CHEMICAL SALES,INACTIVE,1412 ESTHER,"BRYAN, TX 77802",32005640035,00002,11/05/1971,12/30/1971
"SMILEDIRECTCLUB, LLC",INACTIVE,1716 BRIARCREST DR STE 300,"BRYAN, TX 77802",14713639566,00017,02/20/2019,01/01/2024
SMOCKED SURPRISES LLC,INACTIVE,21 GRAMERCY PARK DR APT 428,"BRYAN, TX 77802",32048053246,00002,04/01/2013,09/30/2013
SMOKEFAIR LLC,INACTIVE,4411 S TEXAS AVE,"BRYAN, TX 77802",32092589285,00002,10/30/2025,
SMOKEN JOE'S,ACTIVE,3701 S TEXAS AVE,"BRYAN, TX 77802",32010517665,00002,07/01/1997,
SMOKER'S OUTLET,INACTIVE,3115 S TEXAS AVE,"BRYAN, TX 77802",17526127539,00010,08/15/1997,01/31/2007
SMOKEY ORBIT,ACTIVE,3601 E 29TH ST,"BRYAN, TX 77802",32090108872,00001,06/15/2023,
SMOKEY ORBIT LLC,INACTIVE,3601 E 29TH ST STE 9,"BRYAN, TX 77802",32077433343,00001,03/01/2021,12/06/2023
SMOOTHIE KING #206,INACTIVE,3306 E 29TH ST,"BRYAN, TX 77802",32007989315,00012,01/01/2002,12/31/2003
SNAP FITNESS,INACTIVE,4282 BOONVILLE RD STE 130,"BRYAN, TX 77802",32065318209,00001,01/01/2024,
SNAP FITNESS BCS,INACTIVE,4282 BOONVILLE RD STE 130,"BRYAN, TX 77802",32034454739,00001,05/19/2008,12/31/2012
SNAP-ON DEALER 47H,INACTIVE,2601 ARBOR DRIVE,"BRYAN, TX 77802",13906220408,00199,10/01/1977,03/01/1979
SNAPSHOTBCS,INACTIVE,2701 PINEHURST CIR,"BRYAN, TX 77802",32100612400,00001,06/23/2023,07/04/2025
SNG SNACK FOOD DISTRIBUTORS,INACTIVE,4612 HARROW CT,"BRYAN, TX 77802",32042011521,00001,06/08/2010,12/25/2014
SNIP & CLIP MOWING,INACTIVE,4611 BROMPTON LN,"BRYAN, TX 77802",32027660615,00001,01/01/1998,12/31/1998
SNOBUDDIES SHAVED ICE,ACTIVE,2529 PINON CT,"BRYAN, TX 77802",32042071012,00002,01/01/2014,
SNOW BALL FACTORY,INACTIVE,2814 CHERRY CREEK CIR,"BRYAN, TX 77802",32008515473,00021,05/01/2010,12/31/2013
SNOW MOTION,INACTIVE,907 STANFIELD CIR,"BRYAN, TX 77802",32003053702,00001,06/01/2001,09/30/2001
SNOW TIME,INACTIVE,719 GARDEN ACRES BLVD,"BRYAN, TX 77802",32030279460,00003,05/01/1999,07/19/1999
SNOW TIME AND ROASTED CORN,INACTIVE,725 E VILLA MARIA RD,"BRYAN, TX 77802",32006079753,00003,06/30/2012,07/31/2012
SOAP SACK,INACTIVE,3901 SIOUX CIR,"BRYAN, TX 77802",32057524756,00002,04/01/2018,07/01/2024
SOAP SACK,INACTIVE,3901 SIOUX CIR,"BRYAN, TX 77802",32057524756,00001,06/19/2015,06/30/2016
SOAP WORKS,INACTIVE,2506 MORRIS LN,"BRYAN, TX 77802",32028562141,00001,02/01/2001,09/22/2001
SOCO HEAD SPA & BLOW DRY BAR,ACTIVE,4020 STILLMEADOW DR,"BRYAN, TX 77802",32085520578,00003,06/13/2025,
SODEXO SERVICES OF TEXAS # 15710001,INACTIVE,4235 BOONVILLE RD,"BRYAN, TX 77802",15221170077,01588,10/19/2021,01/31/2022
SODEXO SERVICES OF TEXAS # 32235301,INACTIVE,205 N EARL RUDDER FWY,"BRYAN, TX 77802",15221170077,01640,03/08/2023,09/30/2024
SODEXO SERVICES OF TEXAS # 55197002,INACTIVE,2345 MANOR DR,"BRYAN, TX 77802",15221170077,01557,07/01/2020,09/30/2024
SODEXO SERVICES OF TEXAS LP - 41127527,INACTIVE,3001 TOWNE CENTRE WAY,"BRYAN, TX 77802",15221170077,00993,12/01/2014,08/14/2020
"SODEXO SERVICES OF TEXAS, LP  - 65820001",INACTIVE,2505 E VILLA MARIA RD,"BRYAN, TX 77802",15221170077,01440,11/01/2018,09/30/2024
"SODEXO SERVICES OF TEXAS, LP - 24256001",INACTIVE,2801 FRANCISCAN DR,"BRYAN, TX 77802",15221170077,01317,04/06/2017,09/30/2024
"SODEXO SERVICES OF TEXAS, LP - 24263001",INACTIVE,1600 JOSEPH DR,"BRYAN, TX 77802",15221170077,01355,10/11/2017,09/30/2024
SOFA MART #231,ACTIVE,281 N EARL RUDDER FWY,"BRYAN, TX 77802",18414498453,00006,11/15/2003,
SOFTWARE ASSOCIATES,INACTIVE,801 S ROSEMARY DR,"BRYAN, TX 77802",32029468488,00001,10/01/1993,12/30/1995
SOLO PHOTOGRAPHICS,INACTIVE,2708 E VILLA MARIA RD,"BRYAN, TX 77802",32018257983,00002,01/01/2011,04/01/2018
SOLPUB CO,INACTIVE,3507 OLD OAKS DR,"BRYAN, TX 77802",15210867238,00001,01/26/1979,12/31/1983
"SOLUX CLEAN SOLUTIONS, LLC",INACTIVE,4103 S TEXAS AVE STE 212,"BRYAN, TX 77802",32058074678,00002,05/06/2016,09/30/2017
"SOLUX CLEAN SOLUTIONS, LLC",INACTIVE,4103 S TEXAS AVE STE 212,"BRYAN, TX 77802",32067263502,00001,07/31/2017,07/31/2017
"SOMANI, INC.",INACTIVE,808 E VILLA MARIA RD,"BRYAN, TX 77802",32048504180,00003,07/01/2013,06/30/2017
SOMETHING OLD-SOMETHING NEW,INACTIVE,4010 STILLMEADOW,"BRYAN, TX 77802",32004782556,00005,08/01/1980,09/30/1980
SOMETHING SPECIAL,INACTIVE,2311 WINDSOR DR,"BRYAN, TX 77802",32007819850,00002,07/01/1995,12/31/1998
SONA FOOD MART III,INACTIVE,3413 S TEXAS AVE,"BRYAN, TX 77802",32049652566,00003,05/01/2015,06/02/2016
SONA FOOD MART III,INACTIVE,3413 S TEXAS AVE,"BRYAN, TX 77802",32060030528,00001,04/15/2016,04/01/2025
SONIC DRIVE-IN BRYAN #2,ACTIVE,2400 BRIARCREST DR,"BRYAN, TX 77802",17426972448,00001,05/01/1994,
SONLIGHT AUTO REPAIR,INACTIVE,1821-B SANDY POINT RD,"BRYAN, TX 77802",32021501732,00001,02/02/1993,06/30/1993
SOONOVER RECORDS,INACTIVE,1305 ESTHER BLVD,"BRYAN, TX 77802",32042780190,00001,10/21/2010,10/08/2011
SOS FOOD MARKET INC,INACTIVE,3409 S TEXAS AVE,"BRYAN, TX 77802",12001045330,00001,07/01/2003,09/17/2009
SOUND SOURCE,INACTIVE,3602 E 29TH ST # A,"BRYAN, TX 77802",30115197771,00001,02/18/1992,07/01/1996
SOUND WAES,INACTIVE,2919 S TEXAS,"BRYAN, TX 77802",30008395714,00001,07/01/1985,03/31/1994
SOUTH SYSTEMS CONSULTING,INACTIVE,3700 PLAINSMAN #66,"BRYAN, TX 77802",32031882460,00001,04/16/1992,01/01/1995
SOUTH TEXAS SCIENCES,INACTIVE,3003 RUSTLING OAKS DR,"BRYAN, TX 77802",32027806820,00002,01/01/1998,12/31/2000
SOUTH TEXAS STAMPEDE LLC,ACTIVE,1716 BRIARCREST DR STE 610,"BRYAN, TX 77802",32093927948,00001,03/01/2024,
SOUTHCOM CORPORATION,ACTIVE,3131 E 29TH ST STE F-110,"BRYAN, TX 77802",17425870007,00006,04/01/2017,
SOUTHCOM CORPORATION,INACTIVE,2402 BROADMOOR DR STE B201,"BRYAN, TX 77802",17425870007,00005,06/01/2009,03/31/2017
SOUTHCOM CORPORATION,INACTIVE,4244 BOONVILLE RD,"BRYAN, TX 77802",17425870007,00004,01/01/2008,05/31/2009
SOUTHEAST SERVICE CORP,INACTIVE,2423 BLINN BLVD,"BRYAN, TX 77802",16211017799,00067,08/01/2004,01/31/2016
SOUTHERN GRACES,INACTIVE,4050 PENDLETON DR,"BRYAN, TX 77802",32041245161,00001,02/18/2010,12/31/2011
SOUTHERN ICE CREAM CORPORATION,INACTIVE,3601 E 29TH ST STE 3,"BRYAN, TX 77802",17420308664,00004,11/01/2023,02/28/2025
SOUTHERN LADIES' CO-OP,INACTIVE,1616 WOODLAND DR,"BRYAN, TX 77802",32027964116,00001,12/02/1987,12/25/1999
SOUTHERN LEADERSHIP GROUP,INACTIVE,3517 OAK HOLLOW,"BRYAN, TX 77802",30008131705,00001,10/01/1986,09/30/1987
SOUTHERN MAGNOLIA CHARM,INACTIVE,4109 BROMPTON LN,"BRYAN, TX 77802",32061255876,00001,10/21/2016,12/14/2023
"SOUTHERN OAKS BAPTIST CHURCH OF BRAZOS COUNTY, TEX",INACTIVE,4001 E 29TH ST STE 80,"BRYAN, TX 77802",17423095276,00001,02/01/2023,02/01/2023
SOUTHERN STYLE BOUTIQUE,INACTIVE,1703 E 27TH ST,"BRYAN, TX 77802",32078076125,00001,03/01/2021,12/31/2022
SOUTHWEST JUNCTION,INACTIVE,MANOR EAST MALL--VILLA MARIA,"BRYAN, TX 77802",32007690921,00001,04/15/1993,06/30/1993
SOWELL FAMILY NETWORKING,INACTIVE,3909 WINDWOOD CIR,"BRYAN, TX 77802",32014606860,00001,03/15/2004,10/07/2004
SPARKEY'S PIZZA INC,INACTIVE,1803 TEXAS AVENUE,"BRYAN, TX 77802",17426273151,00001,06/12/1992,06/30/1993
SPARKLES POOL CO,INACTIVE,3613 SOUTHVIEW CIR,"BRYAN, TX 77802",32011341339,00001,05/07/2003,12/31/2004
SPEARMAN IRRIGATION AND LANDSCAPE SOLUTIONS,ACTIVE,1912 CARTER CREEK PKWY,"BRYAN, TX 77802",32009667216,00002,01/01/2007,
SPEARS LAWN & LANDSCAPING SERVICE,INACTIVE,2362 W BRIARGATE DR,"BRYAN, TX 77802",32007526588,00001,01/01/1996,03/31/1998
SPECIAL CREATIONS AND MOORE,INACTIVE,721 MARY LAKE DR,"BRYAN, TX 77802",32029357574,00001,10/25/1997,09/30/2001
SPECIAL DELUXE VINTAGE,INACTIVE,2701 ARBOR DR,"BRYAN, TX 77802",32010200403,00001,05/07/2001,07/31/2002
SPECIAL OCCASIONS & MORE,INACTIVE,2900C PRAIRIE FLOWER CIR,"BRYAN, TX 77802",32026215890,00001,02/13/2007,02/13/2007
SPECIAL-TEEZ,INACTIVE,4613 PEMBROOK LN,"BRYAN, TX 77802",32044347782,00001,05/31/2011,12/25/2021
SPECIALLY FOR YOU,INACTIVE,1512 S TEXAS AVE,"BRYAN, TX 77802",17424218984,00003,02/10/1989,12/31/1989
SPECIALLY FOR YOU ANTIQUES AND GIFTS,INACTIVE,811 VINE ST,"BRYAN, TX 77802",32022080645,00003,01/01/1987,12/31/1997
SPECIALTIES BY QUICK AS A FLASH,INACTIVE,3514 E 29TH ST,"BRYAN, TX 77802",17422450266,00008,08/30/1993,09/15/1995
SPECIALTIES PHOTOGRAPHY,ACTIVE,3644 COPPERCREST DR,"BRYAN, TX 77802",17427998566,00003,01/01/2017,
SPECIALTIES PHOTOGRAPHY,INACTIVE,3514 E 29TH ST,"BRYAN, TX 77802",17427998566,00001,11/01/1996,12/31/2006
SPECIALTY REPAIRS,ACTIVE,2114 WJ BRYAN PARKWAY E STE A,"BRYAN, TX 77802",32007401360,00004,08/13/2002,
SPECIALTY REPAIRS,INACTIVE,2700-A VILLA MARIA,"BRYAN, TX 77802",32007401360,00003,04/01/1983,08/12/2002
"SPECTER DEFENSE SYSTEMS, LLC",INACTIVE,1716 BRIARCREST DR STE 300,"BRYAN, TX 77802",32039626646,00001,01/20/2010,10/31/2013
SPECTRUM AUDIO & VIDEO,INACTIVE,1623 ENLOE CT,"BRYAN, TX 77802",30115560028,00004,02/01/2007,12/25/2009
SPEEDY'S PARTY RENTALS,INACTIVE,4006 OAK BEND DR,"BRYAN, TX 77802",32053398320,00001,03/10/2014,05/30/2016
SPENCO MANAGEMENT SYSTEMS,INACTIVE,2601 S TEXAS AVENUE,"BRYAN, TX 77802",17419018449,00002,04/14/1978,12/31/1989
SPIRIT HALLOWEEN,INACTIVE,3125 S TEXAS AVE,"BRYAN, TX 77802",32037001305,00013,09/04/2023,
SPIRITS OF 313,ACTIVE,3507 CARTER CREEK PKWY,"BRYAN, TX 77802",32098178547,00001,03/15/2025,
SPLAT WARGAMES,INACTIVE,3602 WINDRIDGE,"BRYAN, TX 77802",32024266499,00001,02/16/1991,03/31/1994
SPOOKY POTATO,ACTIVE,4324 FOX RIVER LN,"BRYAN, TX 77802",32095610948,00001,06/23/2024,
SPORT & CLASSIC MOTORCARS INC,INACTIVE,2213 S TEXAS AVE,"BRYAN, TX 77802",17600829760,00004,01/01/1991,05/23/2005
SPORTING GOODS AND MORE,INACTIVE,4217 BEDFORD CT,"BRYAN, TX 77802",32041265045,00001,03/01/2010,09/30/2011
SPOTTED CAT NURSERY,INACTIVE,2318 WAYSIDE DR,"BRYAN, TX 77802",32063430444,00001,04/18/2019,06/30/2019
SPRAY-N-WASH RESTORATION,INACTIVE,2402 BROADMOOR DR BLDG DII,"BRYAN, TX 77802",17425451014,00002,05/09/2008,06/30/2008
SPRING CLEAN,INACTIVE,4137 WILLOW OAK ST,"BRYAN, TX 77802",32007817011,00001,07/17/1996,12/25/2006
SPRINGCO TWO INC,INACTIVE,MANOR EAST MALL,"BRYAN, TX 77802",17419394089,00001,12/28/1977,03/07/1996
SPRINGER BROADCASTING INC,INACTIVE,1240 VILLA MARIA,"BRYAN, TX 77802",17427056274,00001,05/02/1994,12/31/1998
SPRINGS AT UNIVERSITY DRIVE,INACTIVE,4050 EASTCHESTER DR,"BRYAN, TX 77802",32059069248,00001,09/01/2017,09/01/2017
"SPRINTCOM, INC.",INACTIVE,3306 E 29TH ST,"BRYAN, TX 77802",14811875112,00328,08/01/2020,09/26/2021
"SPRINTCOM, INC.",INACTIVE,614 E VILLA MARIA RD,"BRYAN, TX 77802",14811875112,00084,05/12/2015,09/01/2018
"SPRINTCOM, INC.",INACTIVE,3203 FREEDOM BLVD STE 200,"BRYAN, TX 77802",14811875112,00069,04/10/2015,09/01/2018
"SPROCKET DESIGN, LLC",INACTIVE,2807 WILDFLOWER DR APT 11,"BRYAN, TX 77802",32044762824,00001,08/01/2011,06/30/2017
SPURS AND SPIRITS MOBILE EVENT,ACTIVE,4101 S TEXAS AVE,"BRYAN, TX 77802",32085508268,00001,11/16/2024,
SQUARE THRU SHOP,INACTIVE,3821 RAVENWOOD DR,"BRYAN, TX 77802",32021874287,00001,04/01/1991,05/22/1997
SQUEAKY-KLEEN,INACTIVE,519 N COULTER,"BRYAN, TX 77802",32005410470,00001,03/01/1994,03/31/1995
SS ARMS INTERNATIONAL,INACTIVE,3602B MAHAN ST,"BRYAN, TX 77802",32014961612,00001,05/15/2004,08/31/2004
ST JOSEPH HEALTH CARE AUXILIARY / TREASURER,INACTIVE,2801 FRANCISCAN DR,"BRYAN, TX 77802",32001936791,00001,01/01/1999,12/31/1999
"ST JOSEPH HEALTHSOUTH REHABILITATION HOSPITAL, LLC",ACTIVE,1600 JOSEPH DR,"BRYAN, TX 77802",32058906309,00001,08/01/2016,
ST JOSEPH HOSPITAL,ACTIVE,2801 FRANCISCAN ST,"BRYAN, TX 77802",17412826962,00004,10/01/1971,
ST JOSEPH HOSPITAL AUXILIARY,INACTIVE,2801 FRANCISCAN DR,"BRYAN, TX 77802",30000046125,00004,12/15/1991,12/15/1991
ST JOSEPH HOSPITAL AUXILIARY,INACTIVE,2801 FRANCISCAN DR,"BRYAN, TX 77802",30000046125,00003,06/01/1991,06/01/1991
ST JOSEPH HOSPITAL AUXILIARY-JEWELRY SALES,INACTIVE,2801 FRANCISCAN DR,"BRYAN, TX 77802",30000046125,00005,07/01/1992,07/01/1992
ST JOSEPH HOSPITAL AUXILIARY-JEWELRY SALES,INACTIVE,2801 FRANCISCAN DR,"BRYAN, TX 77802",30000046125,00006,11/18/1992,11/18/1992
ST JOSEPH HOSPITAL PHARMACY,ACTIVE,2801 FRANCISCAN ST,"BRYAN, TX 77802",17412826962,00003,04/01/1971,
ST JOSEPH HOSPITAL-OAKS CAMPUS,INACTIVE,1600 JOSEPH DR,"BRYAN, TX 77802",16311559666,00076,08/15/2008,03/31/2017
ST JOSEPH MANOR,INACTIVE,23333 MANOR DR,"BRYAN, TX 77802",17428475945,00001,01/01/2001,09/30/2002
ST JOSEPH REGIONAL HEALTH CARE GIFT SHOP,INACTIVE,2801 FRANCISCAN DR,"BRYAN, TX 77802",30000046125,00002,01/01/1973,08/31/2007
ST JOSEPH REGIONAL HEALTH CENTER,INACTIVE,2801 FRANCISCAN DR,"BRYAN, TX 77802",16311559666,00077,10/01/2008,03/31/2017
ST JOSEPH REGIONAL HEALTH CTR-BRYAN TX,ACTIVE,2801 FRANCISCAN DR,"BRYAN, TX 77802",32039718682,00038,08/01/2009,
ST JOSEPH REGIONAL HEALTH REHAB GIFT SHOP,INACTIVE,1600 JOSEPH DR,"BRYAN, TX 77802",30000046125,00008,05/01/2006,08/31/2007
ST JOSEPH REGIONAL REHABILITATION CENTER,INACTIVE,1600 JOSEPH DR,"BRYAN, TX 77802",17412826962,00010,11/07/1997,05/31/2001
ST JOSEPH REHAB CENTER,ACTIVE,1600 JOSEPH DR,"BRYAN, TX 77802",17412826962,00016,04/01/2002,
ST JOSEPHS MEDICAL EQUIPMENT,INACTIVE,3030 E 29TH ST,"BRYAN, TX 77802",17412826962,00009,08/01/1996,10/31/1999
ST. JAMES APPAREL + COFFEE,INACTIVE,2100 S TEXAS AVE,"BRYAN, TX 77802",32070602514,00001,05/03/2019,07/30/2019
STANFORD ASSOCIATES INC,INACTIVE,3833 S TEXAS AVE STE #100,"BRYAN, TX 77802",17421715677,00001,07/01/1981,06/30/1984
STANLEY RESIDENCE,INACTIVE,2103 QUAIL HOLLOW DR,"BRYAN, TX 77802",32020386937,00001,10/01/2006,03/21/2012
STANLEY STEEMER,INACTIVE,2700-C WILDFLOWER,"BRYAN, TX 77802",30115353119,00001,11/06/1992,09/30/1994
STANS WESTERN WHEELS,INACTIVE,2315 KENT ST,"BRYAN, TX 77802",32024431622,00003,07/01/1995,06/24/2001
STAR ARMORED INC,INACTIVE,1716 BRIARCREST DR STE 601,"BRYAN, TX 77802",17423439938,00005,10/01/1994,12/31/2000
STAR ARMORED INC,INACTIVE,1716 BRIARCREST DRIVE,"BRYAN, TX 77802",17423439938,00001,10/01/1987,11/01/1993
STAR FURNITURE CO #10,ACTIVE,3400 E 29TH ST,"BRYAN, TX 77802",17409200700,00012,10/01/1973,
STAR FURNITURE CO #10B,INACTIVE,1718 BRIARCREST DR,"BRYAN, TX 77802",17409200700,00022,03/01/1988,02/29/2000
STAR HOME SERVICES,INACTIVE,2517 WILLOW BEND DR,"BRYAN, TX 77802",32025861082,00003,09/10/2008,03/31/2009
STAR SALON,INACTIVE,3601 E 29TH ST STE 3,"BRYAN, TX 77802",32010687674,00001,09/13/1999,06/30/2024
STAR SALON,INACTIVE,3601 E 29TH ST STE 3,"BRYAN, TX 77802",32001628919,00001,06/28/1999,08/31/1999
STAR TEL INC,INACTIVE,1313 B BRIARCREST DR,"BRYAN, TX 77802",17422128466,00002,01/01/1984,02/01/1987
STAR VIDEO #2,INACTIVE,3601 E 29TH ST SUITE 2,"BRYAN, TX 77802",32008515473,00017,05/03/1989,09/30/1989
STARBUCKS COFFEE # 10296,ACTIVE,601 E VILLA MARIA RD # 100,"BRYAN, TX 77802",19113256713,00438,09/03/2006,
STARBUCKS COFFEE #82233,ACTIVE,3059 E UNIVERSITY DR,"BRYAN, TX 77802",19113256713,01253,12/30/2024,
STARFIRE,INACTIVE,1673 BRIARCREST DR STE 106-B,"BRYAN, TX 77802",17425564667,00002,04/01/1991,03/31/1996
"STARK STRATEGIES, LLC",INACTIVE,1716 BRIARCREST DR STE 300,"BRYAN, TX 77802",32053149590,00002,08/01/2015,07/31/2018
STARK WELDING & OIL FIELD SERVICE,INACTIVE,1908 HWY 21 EAST,"BRYAN, TX 77802",14601642979,00001,01/01/1981,06/30/1983
STARLINE HOLDINGS COMPANY,INACTIVE,3708 E 29TH ST # 144,"BRYAN, TX 77802",32028668039,00002,01/01/2015,12/31/2018
STATION #0511,INACTIVE,3611 S TEXAS AVE,"BRYAN, TX 77802",17424872723,00321,05/15/1989,06/01/1998
STATION 511,INACTIVE,3611 TEXAS AVENUE,"BRYAN, TX 77802",17422423768,00256,10/30/1985,12/01/1987
STCLAIR TACTICAL,INACTIVE,4205 WOODCREST DR,"BRYAN, TX 77802",32042944689,00001,02/01/2013,03/31/2013
STEAK AND ALE,INACTIVE,1710 BRIARCREST DR,"BRYAN, TX 77802",17514023906,00091,11/09/1984,10/01/1987
STEAMATIC OF BRAZOS VALLEY,INACTIVE,604 ESTHER,"BRYAN, TX 77802",32029518225,00001,03/10/1986,03/31/1986
STEEPHOLLOW BEAUTY SALON,INACTIVE,3 MI S OF FM 1179 ON GRASSBUR RD,"BRYAN, TX 77802",32023842738,00001,09/05/1989,12/31/1989
STEFANIE D MCCOY,INACTIVE,4010 STILLMEADOW DR,"BRYAN, TX 77802",32041617856,00001,04/12/2010,12/25/2019
STEFANIE RUSSELL PHOTOGRAPHY,INACTIVE,4009 WOODBRIAR DR,"BRYAN, TX 77802",32034463870,00001,04/01/2008,12/31/2018
STEHL SERVICES,INACTIVE,2012 S TEXAS AVE,"BRYAN, TX 77802",32009395487,00002,07/02/1996,12/31/1996
STELLA S NOLEN,INACTIVE,3500 OAK RIDGE DR,"BRYAN, TX 77802",32007132874,00001,10/26/1999,12/31/2002
STELLA'S DONUTS,ACTIVE,2100 E WM J BRYAN PKWY,"BRYAN, TX 77802",32065721667,00004,08/01/2019,
STELZRIEDE FBA LLC,ACTIVE,2524 RHAPSODY CT,"BRYAN, TX 77802",32100735409,00001,09/01/2025,
STEPHANIE FAZZINO,INACTIVE,2500 MEMORIAL DR,"BRYAN, TX 77802",32048113644,00001,06/03/2012,12/25/2014
STEPHANIE LEARY,INACTIVE,2625 BRITON DR,"BRYAN, TX 77802",32047134716,00001,03/01/2012,06/30/2021
STEPHANIE W BROCK,INACTIVE,2206 QUAIL HOLLOW,"BRYAN, TX 77802",32008597133,00002,01/01/1995,09/30/1995
STEPHANIE W SALE,INACTIVE,4400 CARTER CREEK PKY APT 301,"BRYAN, TX 77802",32007678520,00001,12/01/1994,12/25/2006
STEPHEN L PEARCE ASSOCIATES,INACTIVE,3709 VALLEY OAK,"BRYAN, TX 77802",32008721121,00002,07/01/1987,12/31/1989
STEPHEN L PEARCE ASSOCIATES,INACTIVE,3709 VALLEY OAKS DR,"BRYAN, TX 77802",32008721121,00003,07/01/1991,12/31/2006
STERILBLUE,INACTIVE,3125 S TEXAS AVE STE 1300,"BRYAN, TX 77802",17429308327,00003,06/01/2010,06/30/2011
STERLING AUTO GROUP VENDING,ACTIVE,205 N EARL RUDDER FWY,"BRYAN, TX 77802",15222080887,00419,09/01/2024,
"STERLING BUICK GMC CADILLAC, INC.",ACTIVE,205 N EARL RUDDER FWY,"BRYAN, TX 77802",17429593662,00002,11/01/2014,
STERLING KIA,ACTIVE,197 N EARL RUDDER FWY,"BRYAN, TX 77802",32040402219,00001,01/01/2010,
STERLING OLDSMOBILE CADILLAC ISUZU,INACTIVE,2401 S TEXAS AVE,"BRYAN, TX 77802",17429593670,00001,06/27/2000,07/31/2002
STEVE CARR FINE ART,ACTIVE,2614 LEILA CT,"BRYAN, TX 77802",32012141050,00001,08/01/2025,
STEVE'S ANTIQUES & COLLECTIBLES,INACTIVE,4609 WARWICK LN,"BRYAN, TX 77802",32006442936,00004,04/15/1996,11/30/1997
STEVENS FURNITURE AND APPLIANCE,INACTIVE,1702 S TEXAS AVE,"BRYAN, TX 77802",17423549819,00004,02/01/1998,08/31/2025
STEWART SECURITY SERVICES INC,INACTIVE,38 HOLLOW HEIGHTS,"BRYAN, TX 77802",17423702814,00001,10/01/1987,05/01/1993
STEWART TOOLS,INACTIVE,3507 OAK VALLEY CIRCLE,"BRYAN, TX 77802",32028338633,00001,04/01/1979,02/28/1983
STEWART TOOLS,INACTIVE,3507 OAK VALLEY CIRCLE,"BRYAN, TX 77802",32028338633,00002,04/01/1985,06/30/1987
"STIFEL, NICOLAUS & COMPANY #65F",ACTIVE,3000 BRIARCREST DR STE 406,"BRYAN, TX 77802",14305387707,00023,06/01/2021,
STILLFLOWER LLC,ACTIVE,4111 CORVALLIS CT,"BRYAN, TX 77802",32099674593,00001,06/21/2025,
STOCKYARD MEDIA,INACTIVE,1912 BRIAR OAKS DR,"BRYAN, TX 77802",32009397855,00001,06/25/2001,12/25/2002
STONE OAK MEDICAL MANAGEMENT INC,INACTIVE,4301 CARTER CREEK PKWY STE 101,"BRYAN, TX 77802",18303599817,00001,09/01/2004,12/25/2005
"STONE OAK, LLC",INACTIVE,3620 PARK OAK DR,"BRYAN, TX 77802",32062156230,00001,06/01/2017,02/28/2019
STONE'S CATERING,INACTIVE,OAK FOREST-OFF FM 1179,"BRYAN, TX 77802",30007201046,00001,12/01/1983,08/31/1984
STONEFLY INDUSTRIES,INACTIVE,2704 BROADMOOR DR,"BRYAN, TX 77802",30010204607,00001,11/01/1987,04/30/2007
"STORE HOUSE STORAGE BRYAN, LLC",ACTIVE,971 N EARL RUDDER FWY,"BRYAN, TX 77802",32080717443,00001,03/06/2023,
STORMIN STUDIOS,INACTIVE,2413 MEMORIAL DR,"BRYAN, TX 77802",32051962952,00001,09/16/2013,12/31/2015
STOVER BOYS BURGERS,INACTIVE,3200 BOONVILLE RD,"BRYAN, TX 77802",32037684340,00001,08/12/2008,01/31/2009
STRANGE CARGO INVERTEBRATES,INACTIVE,1106 E 30TH ST,"BRYAN, TX 77802",32017803555,00001,07/18/2005,12/31/2005
STRANGE DAYS,INACTIVE,2715 S TEXAS AVE,"BRYAN, TX 77802",32024668157,00001,07/01/1997,03/31/1998
STRANGE DAYS,INACTIVE,2715 S TEXAS AVE,"BRYAN, TX 77802",32024920947,00001,03/15/1995,06/30/1997
STRATTMONT GROUP,ACTIVE,3131 E 29TH ST STE F,"BRYAN, TX 77802",32056870168,00001,06/01/2017,
STREET PHARMACY,INACTIVE,3607 S TEXAS AVE,"BRYAN, TX 77802",32015371068,00001,07/09/2004,05/07/2005
STRICTLY BUSINESS PRINTING,INACTIVE,1673 BRIARCREST DR STE 103-A,"BRYAN, TX 77802",32024160312,00006,10/01/1994,12/12/1999
STRICTLY BUSINESS PRINTING,INACTIVE,1908 GREENFIELD PLAZA,"BRYAN, TX 77802",32024160312,00004,10/01/1987,09/30/1994
STRICTLY BUSINESS PRINTING,INACTIVE,1673 BRIARCREST DR STE A103,"BRYAN, TX 77802",32005855880,00001,10/25/1999,08/31/2002
STRICTLY HALLOWEEN INC,INACTIVE,3303 E 29TH ST,"BRYAN, TX 77802",32019666612,00002,08/20/2006,09/14/2007
STRIKING BEAUTY SALON,ACTIVE,3100 WILDFLOWER DR,"BRYAN, TX 77802",32075242092,00003,11/15/2024,
STRINGS & THINGS,INACTIVE,2802 HILLSIDE DR,"BRYAN, TX 77802",32011043935,00002,05/17/2011,12/25/2019
STRIPES NO. 2463,INACTIVE,600 N EARL RUDDER FWY,"BRYAN, TX 77802",17427375724,00651,03/31/2014,01/23/2018
STRIPES NO. 2463,INACTIVE,600 N EARL RUDDER FWY,"BRYAN, TX 77802",17427436674,00500,03/31/2014,12/31/2023
STRIPES NO. 2474,INACTIVE,4300 BOONVILLE RD,"BRYAN, TX 77802",17427375724,00719,09/01/2015,01/23/2018
STRIPES NO. 2474,INACTIVE,4300 BOONVILLE RD,"BRYAN, TX 77802",17427436674,00570,09/01/2015,12/31/2023
STRIPES NO. 5253,INACTIVE,891 N EARL RUDDER FWY,"BRYAN, TX 77802",17427436674,00611,06/01/2016,12/31/2023
STRIPES NO. 5253,INACTIVE,891 N EARL RUDDER FWY,"BRYAN, TX 77802",17427375724,00765,06/01/2016,01/23/2018
STRIPES NO. 5258,INACTIVE,2411 E 29TH ST,"BRYAN, TX 77802",17427375724,00768,06/01/2016,01/23/2018
STRIPES NO. 5258,INACTIVE,2411 E 29TH ST,"BRYAN, TX 77802",17427436674,00614,06/01/2016,12/31/2023
STRIPES STORE 40931H,ACTIVE,600 N EARL RUDDER FWY,"BRYAN, TX 77802",17510851318,03726,10/17/2017,
STRIPES STORE 40931H,ACTIVE,600 N EARL RUDDER FWY,"BRYAN, TX 77802",32065951827,00197,01/23/2018,
STRIPES STORE 40933H,ACTIVE,4300 BOONVILLE RD,"BRYAN, TX 77802",32065951827,00203,01/23/2018,
STRIPES STORE 40933H,ACTIVE,4300 BOONVILLE RD,"BRYAN, TX 77802",17510851318,03728,10/17/2017,
STRIPES STORE 41002H,ACTIVE,891 N EARL RUDDER FWY,"BRYAN, TX 77802",17510851318,03867,10/17/2017,
STRIPES STORE 41002H,ACTIVE,891 N EARL RUDDER FWY,"BRYAN, TX 77802",32065951827,00353,01/23/2018,
STRIPES STORE 41004H,ACTIVE,2411 E 29TH ST,"BRYAN, TX 77802",32065951827,00354,01/23/2018,
STRIPES STORE 41004H,INACTIVE,2411 E 29TH ST,"BRYAN, TX 77802",17510851318,03868,10/17/2017,03/31/2019
STROKE OF INSPIRATION CRAFTS,INACTIVE,2907 RIVER OAKS CIR,"BRYAN, TX 77802",32019308454,00001,04/01/2006,12/31/2006
STRONG SURVEYING,ACTIVE,1722 BROADMOOR DR STE 105,"BRYAN, TX 77802",32007142725,00003,10/01/2002,
STRONG SURVEYING,INACTIVE,1673 BRIARCREST DR STE A102,"BRYAN, TX 77802",32007142725,00002,07/01/1998,09/30/2002
STUART'S PIANO SERVICE,INACTIVE,2714 TODD,"BRYAN, TX 77802",32007401212,00003,07/01/1998,09/30/2016
STUBBORN WRENCH,INACTIVE,5557 SOMERFORD LN,"BRYAN, TX 77802",32051530254,00002,08/01/2013,06/30/2014
"STUBBORN WRENCH, LLC",INACTIVE,2816 VILLAGE DR,"BRYAN, TX 77802",32051530254,00003,07/01/2014,06/11/2015
STUDENT AID SERVICES,INACTIVE,2101 BARAK #23,"BRYAN, TX 77802",32024342472,00001,07/22/1992,01/01/1993
STUDENT COMPANION,INACTIVE,3902 E 29TH ST APT A8,"BRYAN, TX 77802",32015135364,00001,06/01/2004,12/31/2005
STUDENT FINANCIAL AID SERVICES,INACTIVE,4108 KENWOOD,"BRYAN, TX 77802",32028974205,00001,02/18/1992,12/30/1992
STUDIO COUTURE,INACTIVE,4605 PEMBROOK LN,"BRYAN, TX 77802",32041927982,00001,05/26/2010,04/30/2016
STUDIO II,INACTIVE,2384 BRIARGATE,"BRYAN, TX 77802",32008182035,00002,01/01/1985,12/25/1985
STUDIO II,INACTIVE,3008 CAMELOT,"BRYAN, TX 77802",32008182035,00001,10/15/1979,12/31/1984
STUDIO SOPHIE,INACTIVE,1501 WOODLAND DR,"BRYAN, TX 77802",32016537212,00001,01/14/2005,03/03/2006
STUDIO VII,INACTIVE,1919 S TEXAS AVE,"BRYAN, TX 77802",32043330037,00001,01/06/2011,12/31/2011
STUDIO 2026,INACTIVE,2026 S TEXAS AVE,"BRYAN, TX 77802",32044438318,00001,06/21/2011,10/15/2012
STUDIO 2026 HAIR SALON,INACTIVE,2026 S TEXAS AVE,"BRYAN, TX 77802",32037400036,00002,10/15/2012,09/30/2016
STUDIO 2026 HAIR SALON,ACTIVE,1702 S TEXAS AVE # C,"BRYAN, TX 77802",32037400036,00003,10/01/2016,
STUDIO 360 PHOTOGRAPHY,INACTIVE,2517 WILLOW BEND DR,"BRYAN, TX 77802",32033603674,00002,09/16/2008,09/30/2009
STUDIO 6.2 ENTERPRISES,INACTIVE,1010 CARTER CREEK PKWY,"BRYAN, TX 77802",32043767469,00001,03/11/2011,02/28/2013
STYLE & GRACE BY JULIA,INACTIVE,3100 WILDFLOWER DR STE 300,"BRYAN, TX 77802",32095436559,00001,07/01/2024,
STYLECRAFT,INACTIVE,3324 E 29TH ST,"BRYAN, TX 77802",17420389094,00002,11/01/1979,12/31/1980
STYLES FOR HOME & FAMILY/PAPAWS TOYS,INACTIVE,5305 DRAYCOTT CT,"BRYAN, TX 77802",32009987929,00002,01/10/2003,12/31/2004
STYLES FOR LESS,INACTIVE,3121 WILDFLOWER DR STE B-1-01 UNIT 100,"BRYAN, TX 77802",32042064314,00032,10/15/2016,12/31/2017
STYLING EMPORIUM,INACTIVE,806 E VILLA MARIA RD,"BRYAN, TX 77802",32031601159,00001,07/01/1992,12/31/1993
STYLING EMPORIUM,INACTIVE,806 E VILLA MARIA RD,"BRYAN, TX 77802",32031585840,00002,01/01/1989,12/31/1989
STYLING EMPORIUM,INACTIVE,806 E VILLA MARIA RD,"BRYAN, TX 77802",32009733521,00001,11/05/1997,12/31/2010
STYLING EMPORIUM,INACTIVE,804-806 E VILLA MARIA,"BRYAN, TX 77802",30114359323,00001,11/05/1990,06/30/1992
STYLING SALON,INACTIVE,806 E VILLA MARIA RD,"BRYAN, TX 77802",32006752862,00001,02/01/1994,11/01/1997
"SUBURBAN SALES & SERVICE, INC.",INACTIVE,1522 S TEXAS AVE,"BRYAN, TX 77802",12234219991,00025,05/01/2013,05/31/2019
SUBWAY,ACTIVE,3601 E 29TH ST STE 4,"BRYAN, TX 77802",17422334296,00004,01/01/1987,
SUBWAY,INACTIVE,2520 E VILLA MARIA RD,"BRYAN, TX 77802",17422334296,00013,08/25/1997,07/31/2000
SUBWAY,INACTIVE,2500 S TEXAS AVE,"BRYAN, TX 77802",17422334296,00005,05/01/1987,03/14/2005
SUCCESSFUL ENVIRONMENTS,INACTIVE,4301 CARTER CREEK PKWY # 210,"BRYAN, TX 77802",32010659863,00001,11/30/2001,07/11/2002
SUDS UP DETAILING,INACTIVE,4744 RENWICK DR,"BRYAN, TX 77802",32005040285,00003,07/01/2020,
SUGAR AND SPICE BOUTIQUE,INACTIVE,4050 EASTCHESTER DR APT 713,"BRYAN, TX 77802",32077452665,00002,04/01/2025,
SUGARED FIG PAPERIE,ACTIVE,2115 W BRIARGATE DR,"BRYAN, TX 77802",32058854160,00002,01/01/2020,
SUITS U,INACTIVE,4220 WILLOW OAK ST,"BRYAN, TX 77802",32033580310,00001,08/22/2007,01/01/2010
SUL ROSS ELEMENTARY,INACTIVE,PARKWAY TERRACE,"BRYAN, TX 77802",17460004397,00009,09/01/1961,06/30/1974
SUL ROSS ELEMENTARY PTO,INACTIVE,3300 PARKWAY TER,"BRYAN, TX 77802",13002346917,00001,11/03/2005,12/25/2018
SULIK HEALTH CARE SERVICES INC,INACTIVE,3833 S TEXAS AVE STE 201,"BRYAN, TX 77802",17428768257,00002,04/01/2004,12/31/2012
SULIK SHERIDAN ANDERSON INC,INACTIVE,3833 S TEXAS AVE STE 118,"BRYAN, TX 77802",17429705514,00001,09/01/2000,04/30/2008
SULIK SHERIDAN PRO,INACTIVE,3833 S TEXAS AVE STE 118,"BRYAN, TX 77802",10505902931,00001,10/31/2003,12/31/2008
"SULLIVANS UNLIMITED, INC.",INACTIVE,3705 CARTER CREEK PKWY,"BRYAN, TX 77802",17602034187,00002,12/01/2013,12/31/2018
SULTRY TAN,INACTIVE,4001 E 29TH ST STE 109,"BRYAN, TX 77802",32045008656,00001,10/01/2011,10/01/2012
SUMMER BREEZE LEMONADE,ACTIVE,2603 PECAN RIDGE DR,"BRYAN, TX 77802",32097475290,00001,05/02/2025,
SUMMIT MAPS,INACTIVE,2312-B PECAN RIDGE,"BRYAN, TX 77802",32020962729,00004,01/01/1989,12/31/1989
SUN CITY TANNING,INACTIVE,1885 BRIARCREST DR,"BRYAN, TX 77802",32007741054,00003,07/01/2003,11/30/2003
SUN CITY TANNING,INACTIVE,1885 BRIARCREST DR,"BRYAN, TX 77802",13522198426,00003,12/01/2003,12/31/2010
SUN CITY TANNING,INACTIVE,1885 BRIARCREST DR,"BRYAN, TX 77802",32043285397,00001,01/01/2011,02/27/2015
SUN CONTROL SYSTEMS,INACTIVE,843 S ROSEMARY,"BRYAN, TX 77802",32021178481,00001,05/26/1992,03/01/1993
SUN CREEK MEDIA INC,INACTIVE,1850 GREENFIELD PLZ,"BRYAN, TX 77802",17427976067,00001,02/11/1997,01/01/2000
SUN LOAN COMPANY #62,INACTIVE,302 N MAIN,"SAN ANTONIO, TX 77802",17426904664,00001,08/01/2003,12/25/2013
SUNFLOWER CATERERS,INACTIVE,1509 BURT ST,"BRYAN, TX 77802",32005936839,00002,09/04/2001,12/31/2002
SUNG FASHION,INACTIVE,1901 S TEXAS AVE,"BRYAN, TX 77802",17429818358,00001,01/01/2001,09/30/2001
SUNLIGHT RV INSPECTION & REPAIR,INACTIVE,1505 BURT ST,"BRYAN, TX 77802",32080410320,00001,08/01/2022,08/02/2022
SUNNYS FOOD AND FUEL MART,ACTIVE,3500 E 29TH ST,"BRYAN, TX 77802",32057007596,00001,05/15/2015,
SUNRISE BALLOON COMPANY,INACTIVE,4444 CARTER CREEK PKWY STE 105,"BRYAN, TX 77802",17425314378,00003,01/01/2001,12/31/2005
SUNRISE BALLOON COMPANY,INACTIVE,4444 CARTER CREEK PKY STE 110,"BRYAN, TX 77802",17425314378,00002,01/01/1993,12/31/2000
SUNSHINE BOOKS,INACTIVE,1525 E 29TH ST APT 1105,"BRYAN, TX 77802",32006187218,00004,01/01/2005,12/31/2007
SUNSHINE CREATIONS BY A&R,ACTIVE,1506 WOODLAND DR,"BRYAN, TX 77802",32086593020,00001,11/02/2022,
SUNSHINE LAUNDRY,ACTIVE,3815 E 29TH ST,"BRYAN, TX 77802",17215949151,00001,04/01/2005,
SUNSHINE LAUNDRY,INACTIVE,3815 E 29TH ST,"BRYAN, TX 77802",32006417441,00001,01/10/1995,03/31/2005
SUNSHINE LAUNDRYS,INACTIVE,3815 EAST 29TH,"BRYAN, TX 77802",17424040255,00001,01/01/1987,02/01/1995
"SUPER ""B""",INACTIVE,1403 BRIARCREST DR,"BRYAN, TX 77802",17429073251,00001,06/01/1999,05/15/2001
SUPER B FOOD MART,INACTIVE,1403 BRIARCREST DR,"BRYAN, TX 77802",17429073251,00003,08/01/2005,05/03/2009
SUPER B FOOD MART,INACTIVE,1403 BRIARCREST DR,"BRYAN, TX 77802",32005725877,00002,05/14/2001,01/31/2002
SUPER B FOOD MART,INACTIVE,1403 BRIARCREST DR,"BRYAN, TX 77802",32005115988,00002,01/01/2002,08/31/2004
SUPER DONUTS,INACTIVE,2100 E WM J BRYAN PKWY,"BRYAN, TX 77802",32055165263,00002,04/01/2015,07/31/2019
SUPER DONUTS,INACTIVE,2100 E WM J BRYAN PKWY,"BRYAN, TX 77802",32058639801,00001,11/01/2015,04/30/2018
SUPER DONUTS,INACTIVE,2100 E WM J BRYAN PKWY,"BRYAN, TX 77802",32065721667,00002,01/01/2018,07/31/2019
SUPER DONUTS,INACTIVE,2100 E WM J BRYAN PKWY,"BRYAN, TX 77802",32045081265,00001,10/15/2011,07/01/2015
SUPER PLUMBER,INACTIVE,2603 MORRIS LN,"BRYAN, TX 77802",32009617047,00003,07/18/1984,12/25/2000
SUPER PLUMBER INC,INACTIVE,2603 MORRIS,"BRYAN, TX 77802",30007093245,00001,04/01/1987,12/31/1987
SUPER SPORT CUSTOMS,INACTIVE,1507 S TEXAS AVE,"BRYAN, TX 77802",32011552968,00001,06/16/2003,09/30/2005
SUPER TRAC 103,INACTIVE,3200 BOONVILLE RD,"BRYAN, TX 77802",17429657798,00002,06/01/2004,01/31/2011
SUPERIOR BRASS & SUPPLY,INACTIVE,1104 EDGEWOOD,"BRYAN, TX 77802",32025861256,00003,05/23/1988,12/31/1989
SUPERIOR COMFORT TRAILERS LLC,INACTIVE,2402 BROADMOOR DR STE B201,"BRYAN, TX 77802",32051303496,00001,01/01/2014,12/31/2016
SUPERIOR COMFORT TRAILERS LLC,INACTIVE,3131 E 29TH ST STE 110,"BRYAN, TX 77802",32051303496,00004,01/01/2017,12/31/2021
SUPERIOR INDUSTRIES,INACTIVE,2526 WILLOW BEND DR,"BRYAN, TX 77802",30118106456,00001,10/14/1996,12/31/1997
SUPERIOR JANITORIAL SERVICE,INACTIVE,1906 BARAK LANE APT 12,"BRYAN, TX 77802",32008883509,00002,05/21/1993,12/31/1993
SUPERIOR JOINT VENTURE,INACTIVE,1860 GREENFIELD PLAZA,"BRYAN, TX 77802",17424230153,00001,01/01/1989,12/31/1989
SUPERIOR LANDSCAPES,INACTIVE,4805 ALDINE DR,"BRYAN, TX 77802",32018425895,00001,04/04/1995,06/30/2000
SUPERIOR SERVICE COMPANY,INACTIVE,907 STANFIELD CIR,"BRYAN, TX 77802",32009817670,00001,03/01/1999,12/31/1999
SUPERIOR SURROUNDINGS,INACTIVE,817 ENFIELD ST,"BRYAN, TX 77802",32031461992,00002,10/01/1989,12/26/1995
SUPERIOR TEKS,INACTIVE,2802 BEXAR GRASS DR,"BRYAN, TX 77802",32029238535,00002,12/01/2009,09/30/2013
SUPERIOR WATER CYCLE SERVICES,INACTIVE,4114 MEADOWBROOK DR,"BRYAN, TX 77802",32003324038,00002,04/19/2001,08/01/2002
SUPPLY HOUSE,INACTIVE,4001 TANGLEWOOD,"BRYAN, TX 77802",32005399566,00001,10/12/1982,09/30/1985
SUPPLY HOUSE INC,INACTIVE,4001 TANGLEWOOD,"BRYAN, TX 77802",30006877945,00001,10/12/1982,10/12/1982
"SUPREME BRIGHT BYRAN, LLC",INACTIVE,3000 PLAZA CENTRE CT,"BRYAN, TX 77802",32037591867,00001,10/01/2012,08/26/2013
SURVEILLANCE SYSTEMS SERVICES,INACTIVE,4037 VICEROY DR,"BRYAN, TX 77802",32015371647,00001,08/01/2004,09/30/2015
SUSAN ENTERPRISES,INACTIVE,3608-A WESTERN,"BRYAN, TX 77802",32019900920,00001,09/12/1989,12/31/1989
SUSHI MASA,ACTIVE,4401 S TEXAS AVE,"BRYAN, TX 77802",32087234335,00001,07/10/2023,
SUSIE GRACE CREATIONS,INACTIVE,3605 RAVENWOOD DR,"BRYAN, TX 77802",32049467833,00001,12/01/2012,03/31/2013
SUSTAINMENT TECHNOLOGIES,INACTIVE,3131 BRIARCREST DR STE 100,"BRYAN, TX 77802",17706048992,00001,09/30/2005,12/31/2020
"SUSTAINMENT TECHNOLOGIES, LLC",ACTIVE,1733 BRIARCREST DR STE 101,"BRYAN, TX 77802",17706048992,00002,01/01/2021,
SUTTON3DMUSIC,INACTIVE,4475 CARTER CREEK PKWY APT 237,"BRYAN, TX 77802",32072420477,00001,11/10/2019,03/07/2020
SUZANNE BUCKLEY,INACTIVE,4400 CARTER CREEK PARKWAY #102,"BRYAN, TX 77802",32010661356,00009,10/01/1993,04/01/1994
SV TIENDA LATINA,ACTIVE,3806 S TEXAS AVE,"BRYAN, TX 77802",32090139117,00001,10/01/2023,
SV TIENDA LATINA,INACTIVE,3806 S TEXAS AVE,"BRYAN, TX 77802",32081070180,00002,02/01/2023,09/30/2023
SWBC MORTGAGE CORPORATION,INACTIVE,3091 UNIVERSITY DR E,"BRYAN, TX 77802",17425081605,00013,10/01/2012,12/22/2020
SWD INC,INACTIVE,4609 WARWICK LN,"BRYAN, TX 77802",17423368608,00003,01/01/2007,12/31/2008
SWEET CREATIONS,INACTIVE,2702 ARBOR DR,"BRYAN, TX 77802",32022432747,00002,11/01/1990,11/01/1990
SWEET LACTATION CORPORATION,INACTIVE,2700 E VILLA MARIA RD,"BRYAN, TX 77802",32075598121,00001,06/01/2021,01/01/2024
SWEET MEMORIES,INACTIVE,4001 E 29TH ST STE 75,"BRYAN, TX 77802",32019116253,00001,01/30/2006,02/28/2007
SWEET MEMORIES & CAFE,INACTIVE,4001 E 29TH ST STE 75,"BRYAN, TX 77802",12084759294,00001,03/01/2007,03/28/2010
SWEET MEMORIES CRAFTS & MORE,INACTIVE,4001 E 29TH ST STE 75,"BRYAN, TX 77802",32009330773,00002,01/01/1997,01/30/2006
SWEET POPS,INACTIVE,3609 SIERRA DR,"BRYAN, TX 77802",32061712637,00001,11/04/2016,10/01/2024
SWEET RELISH CAFE & BAKED GOODS,ACTIVE,1136 E VILLA MARIA RD,"BRYAN, TX 77802",10206171695,00005,01/01/2021,
SWEET SENSATIONS,INACTIVE,708 INWOOD DR,"BRYAN, TX 77802",30115558956,00001,01/01/1993,12/31/2002
SWEET SPIRIT MUSIC AND BOOKS,INACTIVE,2326 LONG DR UNIT A,"BRYAN, TX 77802",32007974374,00001,09/01/2001,12/25/2004
SWEET THYME BOUTIQUE,ACTIVE,3900 SUNNYBROOK LN,"BRYAN, TX 77802",32053585017,00002,02/08/2020,
"SWICO SOFTWARE SOLUTIONS, INC.",ACTIVE,2504 TOWERING OAKS DR,"BRYAN, TX 77802",32068295248,00001,09/25/2018,
SWINGS & THINGS,INACTIVE,4203 CARTER CREEK PKWY,"BRYAN, TX 77802",32006183654,00001,05/07/1998,12/24/2009
SY COMPUTING SERVICES,INACTIVE,1922 BRIAR OAKS,"BRYAN, TX 77802",32027811614,00001,10/01/1992,06/30/1993
SYLVIA SCHUSTER DONCASTER,INACTIVE,1006 ESTHER BLVD,"BRYAN, TX 77802",32027417925,00001,10/01/1975,12/31/1996
SYNCHROGRID LIMITED LLC,INACTIVE,3816 BRIGHTON DR,"BRYAN, TX 77802",32038619634,00001,11/20/2009,09/30/2012
"SYNCHROGRID, INC.",ACTIVE,3000 BRIARCREST DR STE 201,"BRYAN, TX 77802",32038619634,00002,12/01/2022,
SYNECTICS GROUP INTERNATIONAL INC,INACTIVE,1863 BRIARCREST DR,"BRYAN, TX 77802",17426478610,00001,05/19/1995,12/31/1996
SYNER DOCS,INACTIVE,3708 E 29TH ST # 212,"BRYAN, TX 77802",32017696926,00003,01/01/2008,07/01/2010
SYPCO INC,INACTIVE,1722 BROADMOOR SUITE 220,"BRYAN, TX 77802",17419339241,00002,05/01/1982,09/30/1984
SYPCON CONSTRUCTION CORPORATION,INACTIVE,1722 BROADMOOR SUITE 122,"BRYAN, TX 77802",17419286756,00001,09/30/1984,09/30/1984
SYSTEK,INACTIVE,2700 OSLER BLVD,"BRYAN, TX 77802",32019847774,00002,10/01/1999,03/31/2006
SYSTEK,INACTIVE,2700 OSLER BLVD,"BRYAN, TX 77802",19003700713,00001,04/01/2006,09/30/2006
S2 GRILL,INACTIVE,1805 BRIARCREST DR,"BRYAN, TX 77802",32016021456,00002,08/04/2020,12/31/2022
T & D CLEANING SERVICE,INACTIVE,4415 OLD HEARNE ROAD,"BRYAN, TX 77802",32027891905,00001,01/01/1994,01/01/1994
T & J MAKE READY,INACTIVE,2317 LONG DR APT B,"BRYAN, TX 77802",32022205317,00001,06/06/1996,10/01/1996
T & L ENTERPRISES,INACTIVE,2809 APPLE CREEK CIR,"BRYAN, TX 77802",32009039507,00005,01/01/1997,12/31/1999
T & L ENTERPRISES,INACTIVE,2809 APPLE CREEK CIR,"BRYAN, TX 77802",32030135027,00001,06/01/1996,07/18/1996
T & L ROOFING,INACTIVE,709 ENFIELD ST,"BRYAN, TX 77802",32013132595,00001,01/01/1988,06/30/2001
T & T STAIN GLASS,INACTIVE,1301 GARDEN LN,"BRYAN, TX 77802",32028289661,00002,05/03/1994,12/31/1999
T A W,INACTIVE,2501A LONG DR,"BRYAN, TX 77802",32007653119,00003,01/01/1993,12/26/1995
T B S CONTRACTORS,INACTIVE,3609 E 29TH SUITE A,"BRYAN, TX 77802",32005336592,00007,01/01/1991,12/31/1992
T BONE CLEANING,INACTIVE,4003 GLENN OAKS DR,"BRYAN, TX 77802",32032446513,00001,05/20/2007,12/07/2015
T HOWELL CRAFTS,INACTIVE,2907 RIVER OAKS CIR,"BRYAN, TX 77802",32016967344,00001,04/02/2005,08/31/2006
T J'S GUNS,INACTIVE,1707 BROADMOOR DR,"BRYAN, TX 77802",32023775334,00001,03/28/1989,01/01/1996
T K COMPUTER CONSULTATIONS,INACTIVE,1525 3 29TH #608,"BRYAN, TX 77802",17426860379,00001,04/15/1994,08/01/1995
T N T CLEANING SERVICE,INACTIVE,1525 E 29TH ST #912,"BRYAN, TX 77802",32026142607,00001,03/09/1992,03/31/1992
T P DESIGNS,INACTIVE,2305 E BRIARGATE,"BRYAN, TX 77802",32025869101,00001,08/15/1988,12/31/1992
T R PROPERTY MAINTENANCE,INACTIVE,3735 RAVENWOOD DR,"BRYAN, TX 77802",32006816063,00002,07/24/2001,12/30/2001
"T S G EYEWEAR, LLC",INACTIVE,2725 E 29TH ST,"BRYAN, TX 77802",32064656377,00001,11/01/2017,
T-MOBILE FINANCIAL LLC,INACTIVE,3306 E 29TH ST,"BRYAN, TX 77802",32057753629,00794,02/05/2016,10/01/2021
T-MOBILE LEASING LLC,INACTIVE,3306 E 29TH ST,"BRYAN, TX 77802",32058456065,00788,02/05/2016,10/01/2021
T-MOBILE WEST LLC,INACTIVE,3306 E 29TH ST,"BRYAN, TX 77802",13640275817,00989,02/05/2016,10/01/2021
T-SHIRT PLUS OF COLLEGE STATION,INACTIVE,MANOR EAST MALL,"BRYAN, TX 77802",17419673649,00002,07/01/1980,12/31/1982
T-SHIRTS ETC,INACTIVE,2920 KENT ST 210,"BRYAN, TX 77802",32026142789,00001,08/04/1992,03/31/1994
T'S BY TRISH,INACTIVE,1525 E 29TH ST #503,"BRYAN, TX 77802",32028445313,00002,06/05/1988,03/31/1989
T'S BY TRISH,INACTIVE,3616 EAST 29TH ST,"BRYAN, TX 77802",32028445313,00004,07/15/1990,10/01/1992
T'S BY TRISH,INACTIVE,3618 E 29TH ST,"BRYAN, TX 77802",32028445313,00003,04/01/1989,07/15/1990
TAC FINANCIAL CORPORATION,INACTIVE,1111 BRIARCREST DRIVE #300,"BRYAN, TX 77802",17422701460,00001,02/28/1987,02/28/1987
TAC REALTY INC,INACTIVE,1111 BRIARCREST DRIVE SUITE 300,"BRYAN, TX 77802",17420703096,00001,01/01/1993,01/01/1993
TAC SERVICES INC,INACTIVE,1111 BRIARCREST DR SUITE 300,"BRYAN, TX 77802",17422448948,00001,03/01/1987,12/31/1993
TACA VILLA #21,INACTIVE,614 VILLA MARIE,"BRYAN, TX 77802",30002936836,00001,06/08/1977,03/31/1982
TACKY HABIT,INACTIVE,4105 TANGLEWOOD DR,"BRYAN, TX 77802",14624681871,00001,07/01/2013,09/30/2013
TACLIFE SOLUTIONS,INACTIVE,2905 OAKSIDE DR,"BRYAN, TX 77802",32093130170,00002,02/23/2024,12/31/2024
TACO BELL #1261,INACTIVE,3901 S TEXAS AVENUE,"BRYAN, TX 77802",17422098701,00001,01/01/1982,12/31/1988
TACO BELL #1261,INACTIVE,3901 S TX AVE,"BRYAN, TX 77802",17416091175,00031,08/16/1989,08/31/1996
TACO BELL #1261,INACTIVE,3901 S TEXAS AVENUE,"BRYAN, TX 77802",17422026405,00004,01/01/1989,08/16/1989
TACO BELL #18545,INACTIVE,3501 E 29TH ST,"BRYAN, TX 77802",17416091175,00055,09/01/1997,01/31/2014
TACO BELL #18545,INACTIVE,3501 E 29TH ST,"BRYAN, TX 77802",17426885806,00027,08/07/1996,08/31/1997
TACO BELL #21040,INACTIVE,2423 BLINN BLVD BUILDING E STE 111,"BRYAN, TX 77802",17426885806,00046,10/17/2000,10/01/2003
TACO BELL #2310,INACTIVE,920 S TEXAS AVE,"BRYAN, TX 77802",17422026405,00006,01/01/1989,08/16/1989
TACO BELL #2310,INACTIVE,920 S TEXAS AVE,"BRYAN, TX 77802",17422098701,00003,08/01/1983,12/31/1988
TACO BELL 030165,ACTIVE,3501 E 29TH ST,"BRYAN, TX 77802",32052537613,00021,12/11/2013,
TACO CABANA,INACTIVE,2410 BRIARCREST DR,"BRYAN, TX 77802",17421684923,00006,09/09/1994,09/01/2005
TACO CABANA #314,ACTIVE,2410 BRIARCREST DR,"BRYAN, TX 77802",17426863464,00156,07/01/2005,
TACO CASA,ACTIVE,616 N EARL RUDDER FWY,"BRYAN, TX 77802",32098497111,00001,08/11/2025,
TACO CASA,INACTIVE,616 N EARL RUDDER FWY,"BRYAN, TX 77802",32050542102,00001,11/05/2013,08/04/2020
TACO VILLA #21,INACTIVE,614 VILLA MARIE,"BRYAN, TX 77802",17513193437,00021,04/01/1982,11/30/1982
TACO VILLA #21,INACTIVE,614 VILLA MARIE,"BRYAN, TX 77802",30118701553,00022,12/01/1982,08/31/1983
TACOS EL TIJUANA,ACTIVE,3506 CARTER CREEK PKWY,"BRYAN, TX 77802",32100542482,00001,07/15/2025,
TACTICAL EMBROIDERY,INACTIVE,2221 E BRIARGATE DR,"BRYAN, TX 77802",32023745246,00001,05/21/2013,06/30/2013
TAGSNAP89,INACTIVE,2507 ARBOR DR,"BRYAN, TX 77802",32054370203,00001,07/01/2014,03/31/2016
TAILGATE SMOKE N VAPE,ACTIVE,812 E VILLA MARIA RD,"BRYAN, TX 77802",32071537164,00002,01/13/2022,
TAILOR CHANG,INACTIVE,3601 E 29TH ST,"BRYAN, TX 77802",17425841149,00001,11/01/1990,03/31/2001
TAKE IT AWAY TRASH VALET,INACTIVE,2317 WAYSIDE DR,"BRYAN, TX 77802",32034839699,00001,03/04/2008,03/04/2008
TAKE TIME,INACTIVE,1673 BRIARCREST SUITE 105,"BRYAN, TX 77802",32005156594,00001,08/11/1986,05/31/1987
TAKE 5 OIL CHANGE #110,ACTIVE,1621 BRIARCREST DR,"BRYAN, TX 77802",32068423162,00010,01/01/2023,
TAKE 5 OIL CHANGE #110,INACTIVE,1621 BRIARCREST DR,"BRYAN, TX 77802",32057027081,00028,08/01/2016,04/30/2018
TAKE 5 OIL CHANGE #110,INACTIVE,1621 BRIARCREST DR,"BRYAN, TX 77802",32064403564,00037,05/01/2018,12/31/2023
TALK OF TH TOWN-HAIR STUDIO,INACTIVE,2018 S TEXAS AVE,"BRYAN, TX 77802",32007110839,00001,02/15/1999,12/31/1999
TAMI'S SALOON,INACTIVE,1310 SANDY POINT RD,"BRYAN, TX 77802",32004967959,00002,11/02/1992,04/30/1995
TAMMY LYNN WHISENANT,INACTIVE,1400 ESTHER BLVD,"BRYAN, TX 77802",32027064214,00001,04/01/1999,04/01/2000
TAMPLIN INSPECTIONS / TYLER TAMPLIN,ACTIVE,1716 BRIARCREST DR STE 300,"BRYAN, TX 77802",32089144623,00001,05/01/2023,
TAN U,INACTIVE,3130 E 29TH ST A-150,"BRYAN, TX 77802",32030818119,00002,10/23/1989,08/16/1993
TANA J RUFFINO,INACTIVE,3506 OAK HOLLOW DR,"BRYAN, TX 77802",32007345534,00001,10/01/1987,12/31/2005
TANDEM TEXAS,INACTIVE,3221 RED ROBIN LOOP,"BRYAN, TX 77802",32020917129,00001,02/03/1983,12/31/1984
TANGLES,INACTIVE,3614 E 29TH ST,"BRYAN, TX 77802",32005299683,00001,01/01/1989,04/01/1992
TANGLES HAIR & NAIL SALON,INACTIVE,4100 E 29TH ST,"BRYAN, TX 77802",32005299683,00002,10/01/1991,06/30/2006
TAP THAT AXE,INACTIVE,3700 S TEXAS AVE,"BRYAN, TX 77802",32072991139,00001,03/01/2020,09/30/2021
TAPES ETC,INACTIVE,3601 EAST 29TH,"BRYAN, TX 77802",17420418042,00002,12/12/1980,07/31/1981
TAQUERIA,ACTIVE,3151 BRIARCREST DR,"BRYAN, TX 77802",32093718719,00004,10/21/2024,
TAQUERIA ARANDAS #16,ACTIVE,1816 S TEXAS AVE,"BRYAN, TX 77802",32002669284,00001,01/02/2001,
TAQUERIA EL QUETZAL,ACTIVE,711 BROADMOOR DR,"BRYAN, TX 77802",32085705450,00001,09/01/2022,
TAQUERIA EL SOL DE MEXICO,ACTIVE,725 E VILLA MARIA RD STE 100,"BRYAN, TX 77802",32054089092,00001,06/01/2014,
TAQUERIA LOS DRAGONCITOS,ACTIVE,1640 S TEXAS AVE,"BRYAN, TX 77802",32088834554,00001,07/01/2023,
TAQUERIA LOS DRAGONCITOS,INACTIVE,3500 E 29TH ST,"BRYAN, TX 77802",32088834554,00003,05/08/2024,06/30/2024
TAQUERIA LOS PLEBES,INACTIVE,1425 S TEXAS AVE,"BRYAN, TX 77802",32073167572,00001,02/20/2020,09/20/2020
TAQUERIA MEDINA,INACTIVE,901 N EARL RUDDER FWY,"BRYAN, TX 77802",32084708752,00001,07/01/2022,12/31/2024
TAQUERIA POBLANA,INACTIVE,3200 BOONVILLE RD,"BRYAN, TX 77802",32063540457,00001,05/19/2017,03/31/2018
"TAQUERIA POBLANA, LLC",ACTIVE,3200 BOONVILLE RD,"BRYAN, TX 77802",32066797328,00001,06/01/2018,
TARA BARNES PHOTOGRAPHY,INACTIVE,3535 PLAINSMAN LN APT L175,"BRYAN, TX 77802",32056852208,00001,01/11/2015,08/01/2016
TARA'S TREASURES,INACTIVE,2401 WINDSOR DR,"BRYAN, TX 77802",32016481452,00001,01/06/2005,12/25/2006
TARGET STORE T-2428,ACTIVE,3061 WILDFLOWER DR,"BRYAN, TX 77802",17528749462,00141,04/09/2008,
TARGET STORE T-2428,ACTIVE,3061 WILDFLOWER DR,"BRYAN, TX 77802",14102151702,00246,01/01/2008,
TASCO AUTO COLOR #9,ACTIVE,3514 E 29TH ST,"BRYAN, TX 77802",17417365040,00027,09/01/2008,
TASTY SENSATIONS,INACTIVE,603 E VILLA MARIA RD#B,"BRYAN, TX 77802",32030818119,00004,12/01/1994,06/01/1995
TASTY TRAILERS,INACTIVE,4601 BROMPTON LN,"BRYAN, TX 77802",32039507697,00001,06/01/2009,12/01/2009
TATROE ENTERPRISES,INACTIVE,STEEP HOLLOW - HOLLOW HIGHTS CIRCLE,"BRYAN, TX 77802",32009298632,00002,10/01/1978,07/25/1983
TATTOO CONSORTIUM,INACTIVE,3803 S TEXAS AVE,"BRYAN, TX 77802",32005945319,00001,10/22/1992,04/30/2004
TATTOO CONSORTIUM,ACTIVE,3803 S TEXAS AVE,"BRYAN, TX 77802",12010437742,00001,05/06/2004,
TAU ENTERPRISES INC,INACTIVE,2801 FRANCISCAN ST,"BRYAN, TX 77802",17425440090,00001,11/30/1990,12/31/2009
TAX MASTERS INC,INACTIVE,724A E VILLA MARIA RD,"BRYAN, TX 77802",17605951957,00007,01/01/2002,10/01/2002
TAYLOR L HAWTHORNE,INACTIVE,1711 PRAIRIE DR,"BRYAN, TX 77802",32070417509,00001,04/12/2019,12/31/2019
TAYLOR PLUMBING CO,INACTIVE,728 MARY LAKE DR,"BRYAN, TX 77802",32024795265,00001,07/01/1994,03/17/1997
TCA CABLE,INACTIVE,4114 E 29TH ST,"BRYAN, TX 77802",17514759186,00006,03/25/1991,01/31/1998
TCA CABLE,INACTIVE,3609 TEXAS AVE,"BRYAN, TX 77802",17514759186,00003,09/29/1989,03/23/1991
TCA CABLE TV OF BRYAN,INACTIVE,4114 E 29TH ST,"BRYAN, TX 77802",17527324754,00006,02/01/1998,02/01/2004
TCG INTERESTS,INACTIVE,2808 CAMELOT,"BRYAN, TX 77802",32029490789,00001,05/03/1993,04/01/1994
TDP BRYAN UNIVERSITY,INACTIVE,3807 S TEXAS AVE,"BRYAN, TX 77802",17426913442,00030,03/01/2008,08/07/2013
TEAM JENKINS MOVING & CLEANING SERVICE,INACTIVE,1716 BRIARCREST DR STE 327,"BRYAN, TX 77802",32050592412,00004,07/01/2016,12/25/2017
TECH BOYZ,INACTIVE,712 E VILLA MARIA RD,"BRYAN, TX 77802",32033764294,00001,10/01/2007,09/11/2011
"TECHBUNDLE, LP",ACTIVE,4411 S TEXAS AVE,"BRYAN, TX 77802",17706415019,00003,11/01/2012,
TECHNIGROUP INC,INACTIVE,1802 GREENFIELD PLAZA,"BRYAN, TX 77802",30008667344,00004,02/27/1987,09/30/1987
TECHNIQUES,INACTIVE,2903 VILLA MARIA,"BRYAN, TX 77802",32008162011,00002,05/04/1995,06/20/2001
"TECHNOLOGOUS, LLC",INACTIVE,3091 UNIVERSITY DR E STE 210,"BRYAN, TX 77802",32052065979,00001,12/01/2018,03/31/2025
TECHSYS COMPUTING SALES & CONSULTING,INACTIVE,2615 PECAN RIDGE,"BRYAN, TX 77802",30114358937,00001,07/23/1990,12/31/1991
TED BILLINGTON,INACTIVE,3703 STILLMEADOW DR,"BRYAN, TX 77802",32008008370,00001,03/11/1989,12/31/2011
TED WYATT'S SPORTING GOODS,INACTIVE,MANOR EAST MALL,"BRYAN, TX 77802",17421358429,00003,11/01/1981,12/31/1988
TEDDY BEAR CASUALS,INACTIVE,2512 WILLOW BEND DR,"BRYAN, TX 77802",32020219187,00002,07/16/2012,12/25/2014
TEDDY BEAR JUNCTION,INACTIVE,4325 KIRKWOOD DR,"BRYAN, TX 77802",32023488284,00001,11/14/1996,12/31/1997
TEDDY'TAS,INACTIVE,1115 LAMAR,"BRYAN, TX 77802",30008034644,00001,02/27/1987,12/31/1990
TEES SOULFOOD HEAVEN & MORE,INACTIVE,1824 WILDE OAK CIR APT 11,"BRYAN, TX 77802",32096117414,00001,07/30/2024,
TEFSEAL VALVE & EQUIPMENT,INACTIVE,3506 TANGLEWOOD DR,"BRYAN, TX 77802",32007561346,00001,08/28/2001,12/25/2012
TEJAS CAFE DELIVERY-BRYAN,INACTIVE,3414 E 29TH ST,"BRYAN, TX 77802",17600230274,00004,06/15/1992,12/01/1995
TEJAS CUTS,INACTIVE,3700 S TEXAS AVE STE 600,"BRYAN, TX 77802",32020562479,00001,01/02/2007,12/31/2011
TEJAS CUTS,INACTIVE,3700 S TEXAS AVE STE 600,"BRYAN, TX 77802",32044331471,00001,06/01/2011,12/31/2016
TEJAS LANGUAGES/AMBER BUTLER PHOTOGRAPHY,INACTIVE,2920 KENT ST APT 160,"BRYAN, TX 77802",32024964531,00001,01/01/2007,09/30/2007
TEJAS LAWN AND LANDSCAPE,INACTIVE,3812 CHAUCER CT,"BRYAN, TX 77802",32015727822,00003,10/01/2012,01/01/2013
TEJAS MARKET BRYAN,ACTIVE,1101 E VILLA MARIA RD,"BRYAN, TX 77802",32067871395,00001,10/15/2018,
TEJAS OPTICS,ACTIVE,2128 KAZMEIER PLZ,"BRYAN, TX 77802",32075158397,00001,10/01/2020,
TELEVISION RECEPTION SERVICES,INACTIVE,4507 CARTERCREEK PKWY #4,"BRYAN, TX 77802",32026333453,00001,01/21/1994,03/31/1994
TEMPTATIONS,INACTIVE,MANOR EAST MALL - VILLA MARIA,"BRYAN, TX 77802",32025413769,00001,01/18/1994,01/18/1994
TEMPTATIONS,INACTIVE,3008 CAMELOT,"BRYAN, TX 77802",32008390331,00001,09/09/1986,12/31/1988
TEN DOLLARS OR LESS,INACTIVE,MANOR EAST MALL,"BRYAN, TX 77802",30009135705,00005,11/16/1988,08/01/1989
TENNECO RETAIL SERVICE COMPANY OF TEXAS,INACTIVE,1920 SOUTH HWY 6,"BRYAN, TX 77802",17413835590,00089,02/01/1985,12/15/1988
TENNIS CONNECTION,INACTIVE,4455 CARTER CREEK PKY,"BRYAN, TX 77802",32026618432,00001,04/17/1995,06/30/1995
TERESA BAKER,INACTIVE,1005 OAK KNOLL PL,"BRYAN, TX 77802",32027919979,00002,01/01/1992,09/30/1997
TERESA BAKER,INACTIVE,1005 OAK KNOLL,"BRYAN, TX 77802",32027919979,00001,01/11/1990,09/30/1990
TERESA BARRERA,INACTIVE,801 DELLWOOD ST # 225,"BRYAN, TX 77802",32017284087,00002,10/01/2006,12/25/2007
TERESA'S SIGN SHOP,INACTIVE,2621C PECAN KNOLL ST,"BRYAN, TX 77802",32007803433,00001,08/15/1998,12/31/1999
TERI BURKS,INACTIVE,5014 GREYROCK DR,"BRYAN, TX 77802",32083900871,00001,06/01/2022,09/30/2023
TERIYAKI PARK PLUS,INACTIVE,3700 S TEXAS AVE STE 900,"BRYAN, TX 77802",32027157273,00001,03/01/2007,07/31/2011
TERMINIX,ACTIVE,1707 E 29TH ST,"BRYAN, TX 77802",12315683503,00034,04/01/2024,
TERRA GARDEN ART,INACTIVE,1300 BRISTOL ST,"BRYAN, TX 77802",32031678165,00001,09/13/1995,12/31/1996
TERRI WILKINSON,INACTIVE,4219 WILLOW OAK ST,"BRYAN, TX 77802",32025649834,00001,08/22/1997,12/31/1997
TERRY J EASTERLY,INACTIVE,2204 WINDSOR DR,"BRYAN, TX 77802",32026806748,00001,09/01/1992,12/31/1996
TERRY M JONES MD,INACTIVE,1707 BROADMOOR DR STE 100,"BRYAN, TX 77802",32015288163,00001,07/01/2004,12/31/2017
TERRY M JONES MD PA,INACTIVE,1707 BROADMOOR SUITE 100,"BRYAN, TX 77802",17421478631,00002,05/01/1989,12/31/1989
TERRY SMITH,INACTIVE,810 N ROSEMARY,"BRYAN, TX 77802",32017039838,00001,04/08/1987,12/31/1994
TESS & CO,INACTIVE,4301 S TEXAS AVE,"BRYAN, TX 77802",32018592223,00001,03/07/2006,02/14/2007
TEST,INACTIVE,3604 MIDWEST DR,"BRYAN, TX 77802",32045320838,00010,10/01/2018,11/07/2018
TEX A M BRICK,INACTIVE,4705 W HWY 21,"BRYAN, TX 77802",32026964091,00004,06/01/1978,03/31/1979
TEX ISBELL INC,INACTIVE,800 DELMA DRIVE,"BRYAN, TX 77802",17422511778,00001,01/01/1983,12/31/1983
TEX-PRIDE PRODUCTS AND SUPPLY CO,INACTIVE,2504 WAYSIDE DR,"BRYAN, TX 77802",32007472353,00008,01/22/2001,12/31/2001
TEXAN BROTHERS INC,INACTIVE,1525 E 29TH ST APT 206,"BRYAN, TX 77802",10107571894,00001,01/01/2003,12/31/2004
TEXAN BURGER,INACTIVE,3109 SOUTH TEXAS AVENUE,"BRYAN, TX 77802",30113932385,00001,06/01/1990,11/01/1991
TEXAS A&M DUCKS UNLIMITED,INACTIVE,3232 BRIARCREST DR,"BRYAN, TX 77802",17425654070,00001,11/10/2005,11/10/2005
TEXAS A&M DUCKS UNLIMITED,INACTIVE,3232 BRIARCREST DR,"BRYAN, TX 77802",17425654070,00001,11/08/2007,11/08/2007
TEXAS A&M ENGINEERING EXTENSION SERVICE,ACTIVE,3100 STATE HIGHWAY 47 BLDG 7240,"BRYAN, TX 77802",17422706261,00007,06/01/2004,
"TEXAS AG OUTFITTERS, LLC",ACTIVE,4302 FOX RIVER LN,"BRYAN, TX 77802",32078208900,00002,04/30/2024,
TEXAS AGGIE BAND ASSOCIATION,INACTIVE,3707 E 29TH ST,"BRYAN, TX 77802",17425111188,00004,10/01/1999,12/31/1999
TEXAS AGGIE BAND ASSOCIATION,INACTIVE,3606 E 29TH ST,"BRYAN, TX 77802",17425111188,00003,10/01/1999,12/31/2014
TEXAS AVENUE ANTIQUES,INACTIVE,1710 S TEXAS AVE # A,"BRYAN, TX 77802",32053558055,00001,06/21/2014,01/01/2022
TEXAS BEST,ACTIVE,2802 VILLAGE DR,"BRYAN, TX 77802",32043811705,00001,01/01/2011,
"TEXAS BEST SELFIE EVENTS, LLC",INACTIVE,1716 BRIARCREST DR STE 312,"BRYAN, TX 77802",32057905187,00001,10/02/2015,06/05/2017
TEXAS BROS PLUMBING & REMODELING LLC,INACTIVE,2303 BARAK LN,"BRYAN, TX 77802",32096716918,00001,09/15/2024,
TEXAS COIN EXCHANGE,INACTIVE,3705 EAST 29TH ST,"BRYAN, TX 77802",17421404983,00001,01/01/1982,02/01/1987
TEXAS COIN EXCHANGE,INACTIVE,3202-A TEXAS AVE,"BRYAN, TX 77802",17421404983,00003,07/01/1983,05/01/1988
TEXAS COIN EXCHANGE,INACTIVE,3705 EAST 29TH STREET,"BRYAN, TX 77802",32005543197,00001,01/14/1980,12/31/1981
TEXAS COINPHONE,INACTIVE,3726 SWEETBRIAR ST,"BRYAN, TX 77802",32026162340,00001,09/01/1987,07/01/1992
TEXAS COINPHONE HOLDITCH JOINT VENTURE,INACTIVE,4012 STILLMEADOW,"BRYAN, TX 77802",17425461443,00001,09/01/1989,06/30/1994
TEXAS COINPHONE WADE JOINT VENTURE,INACTIVE,4012 STILLMEADOW,"BRYAN, TX 77802",17425461559,00001,09/01/1989,05/01/1992
TEXAS CORK COMPANY,ACTIVE,2300 DEVONSHIRE ST,"BRYAN, TX 77802",32079720804,00002,04/01/2024,
TEXAS DEER ASSOCIATION IN,INACTIVE,3232 BRIARCREST DR,"BRYAN, TX 77802",32001710527,00004,03/29/2007,03/29/2007
TEXAS DOCUMENT SOLUTIONS,ACTIVE,724 E VILLA MARIA RD STE 500,"BRYAN, TX 77802",17529094512,00006,10/01/2010,
TEXAS ELECTROCULTURE INC,INACTIVE,3723 E 29TH ST SUITE 154,"BRYAN, TX 77802",17427826130,00001,06/01/1996,03/31/1999
"TEXAS ELITE ELECTRIC, LP",ACTIVE,4604 PARK STONE,"BRYAN, TX 77802",32042972193,00001,09/06/2011,
TEXAS EXECUTIVE ROCKING HORSES,INACTIVE,4033 GREEN VALLEY DR,"BRYAN, TX 77802",32005103273,00001,04/22/2002,12/25/2006
TEXAS FLAME AND SMOKE LLC,ACTIVE,6008 KNIGHTSBRIDGE LN,"BRYAN, TX 77802",32055489481,00001,10/27/2014,
TEXAS FOOD TV,INACTIVE,2803 HILLSIDE DR,"BRYAN, TX 77802",32019939092,00003,06/15/2006,12/31/2006
TEXAS FURNITURE OUTLET,INACTIVE,712 VILLA MARIA,"BRYAN, TX 77802",17418003236,00005,12/01/1976,08/31/1986
TEXAS GAMEDAY RIGS,INACTIVE,4112 KENWOOD DR,"BRYAN, TX 77802",32058046353,00001,08/17/2015,12/31/2022
"TEXAS GARAGE SOLUTIONS, LLC",ACTIVE,4816 KNIGHT DR,"BRYAN, TX 77802",32085549585,00001,09/01/2022,
TEXAS HARDWARE,INACTIVE,5669 CHELSEA CIR,"BRYAN, TX 77802",32010119819,00001,07/30/2001,12/25/2012
TEXAS INDUSTRIAL SERV INC,INACTIVE,803 CURTIN,"HOUSTON, TX 77802",17509963199,00017,04/01/1975,09/30/1976
TEXAS INDUSTRIAL SERVICES INC,INACTIVE,1300 E 29TH ST,"BRYAN, TX 77802",17509963199,00067,01/01/1993,12/31/1997
TEXAS INTERSTATE SYSTEMS,INACTIVE,1 MI N OF ELMO WEEDON RD ON GRASSBUR RD,"BRYAN, TX 77802",32008718408,00002,01/01/1992,12/31/1993
TEXAS INTERSTATE SYSTEMS,INACTIVE,1 MI N OF ELMO WEEDON RD ON GRASSBUR RD,"BRYAN, TX 77802",32008718408,00001,01/01/1991,01/01/1991
TEXAS JEWELRY & LOAN,INACTIVE,3511 S TEXAS AVE,"BRYAN, TX 77802",17600690980,00002,07/01/1989,04/19/2007
TEXAS LANDSCAPE CREATIONS,INACTIVE,3900 PARK HURST DR,"BRYAN, TX 77802",32008388665,00002,04/01/2002,09/30/2004
TEXAS LEATHERSMITH,INACTIVE,3919 OLD OAKS DR,"BRYAN, TX 77802",32029658914,00004,07/01/2013,06/01/2022
TEXAS LIMITED,INACTIVE,900 ROSEMARY,"BRYAN, TX 77802",32006159803,00004,02/01/2001,02/01/2001
TEXAS LIMITED,INACTIVE,900 ROSEMARY,"BRYAN, TX 77802",32006159803,00003,03/01/2001,04/30/2002
TEXAS LIMITED MAINTENENCE,INACTIVE,1300 BRIAR CLIFF DR APT 221,"BRYAN, TX 77802",32009007868,00001,04/01/1999,07/01/2001
TEXAS MEASUREMENTS INC,INACTIVE,2404WAYSIDE,"BRYAN, TX 77802",17416817926,00003,01/01/1981,12/31/1983
TEXAS MEASUREMENTS INC,INACTIVE,2404 WAYSIDE DRIVE,"BRYAN, TX 77802",17416817926,00001,04/01/1971,12/31/1978
TEXAS OIL & LUBE,ACTIVE,2209 E WM J BRYAN PKWY,"BRYAN, TX 77802",12030195726,00001,01/01/2007,
TEXAS OIL & LUBE,INACTIVE,2209 E WILLIAM J BRYAN PKWY,"BRYAN, TX 77802",32007066841,00004,05/08/2006,12/31/2006
TEXAS ORNITHOLOGICAL SOCIETY,ACTIVE,3502 CARTER CREEK PKWY,"BRYAN, TX 77802",17460637824,00002,01/01/2003,
TEXAS PECAN GROWERS ASSOCIATION,ACTIVE,4348 CARTER CREEK PKWY STE 101,"BRYAN, TX 77802",17461083754,00004,10/01/1990,
TEXAS PICKER,INACTIVE,1310 BENNETT ST,"BRYAN, TX 77802",32016356613,00003,02/12/2012,12/25/2013
TEXAS PLAINS PUMPS & REPAIRS,INACTIVE,1421 OLD KURTEN RD SUITE C,"BRYAN, TX 77802",32007401261,00003,08/10/1984,03/31/1986
TEXAS REGIONAL EYE CENTER,INACTIVE,3811 SAGEBRIAR DR,"BRYAN, TX 77802",32004269760,00002,07/01/2005,10/01/2006
TEXAS REGIONAL EYE CENTER,INACTIVE,2806 E 29TH ST,"BRYAN, TX 77802",32004269760,00001,03/18/2002,06/30/2005
TEXAS REGIONAL EYE CENTER OPTICAL LLC,ACTIVE,3811 SAGEBRIAR DR,"BRYAN, TX 77802",17109679427,00002,07/01/2006,
TEXAS REGIONAL EYE CENTER OPTICAL LLC,INACTIVE,2806 E 29TH ST,"BRYAN, TX 77802",17109679427,00001,07/14/2005,06/30/2006
TEXAS REGIONAL EYE CENTER PLLC,INACTIVE,2806 E 29TH ST,"BRYAN, TX 77802",17109679419,00001,04/04/2005,07/31/2009
"TEXAS REGIONAL EYE CENTER, PLLC",INACTIVE,3811 SAGEBRIAR DR,"BRYAN, TX 77802",17109679419,00002,07/01/2006,12/25/2013
TEXAS RENTAL CENTER INC,INACTIVE,724 VILLA MARIA RD,"BRYAN, TX 77802",17416850943,00001,04/15/1971,03/31/1986
TEXAS ROOTS CO.,INACTIVE,811 ESTHER BLVD,"BRYAN, TX 77802",32060788273,00001,05/28/2016,02/01/2017
"TEXAS SNOWCONES, LLC",INACTIVE,1112 BRIARCREST DR,"BRYAN, TX 77802",32064500427,00001,08/14/2017,12/31/2022
TEXAS STATE FIRE PROTECTION,INACTIVE,814 E VILLA MARIA RD,"BRYAN, TX 77802",32010173493,00002,01/01/1998,03/31/1998
TEXAS STATE LODGE FRATERNAL ORDER OF POLICE,INACTIVE,4001 E 29TH ST STE 107,"BRYAN, TX 77802",17521289276,00003,01/01/2010,12/31/2021
TEXAS STATE OPTICAL OF BRYAN PC,INACTIVE,3030 E 29TH ST STE 106,"BRYAN, TX 77802",17419840743,00002,04/10/1995,09/17/2020
TEXAS T DISCOUNT GROCERY,INACTIVE,4301 TEXAS AVE,"BRYAN, TX 77802",17519570950,00026,06/03/1984,08/01/1994
TEXAS T PARTS,INACTIVE,3618 SUNNYBROOK LN,"BRYAN, TX 77802",32006885795,00001,10/21/1992,12/31/1999
TEXAS TIRE AND AXLE CO INC,INACTIVE,2608 WAYSIDE,"BRYAN, TX 77802",17422553713,00001,01/28/1983,12/31/1984
TEXAS TIRES 46,INACTIVE,2707 S TEXAS AVE,"BRYAN, TX 77802",32071157823,00001,09/01/2019,05/01/2022
TEXAS TRADITIONS CO,INACTIVE,3130 EAST 29TH SUITE C-260,"BRYAN, TX 77802",17600868214,00001,10/01/1986,09/23/1989
TEXAS TURF & LAWN,INACTIVE,2609-D NORTH TEXAS AVE,"BRYAN, TX 77802",32008549969,00002,04/01/1993,04/02/1993
TEXAS VOTING SYSTEMS INC,INACTIVE,1512 S TEXAS AVE,"BRYAN, TX 77802",30001915211,00005,08/01/1997,12/31/2002
TEXAS VOTING SYSTEMS INC,INACTIVE,1800 ROSE,"BRYAN, TX 77802",30001915211,00002,07/01/1973,12/31/1975
TEXAS WRIT WRITERS ASSOCIATION,INACTIVE,4500 CARTER CREEK PKWY,"BRYAN, TX 77802",30118390407,00001,04/01/1997,09/30/1997
TEXCEL ENTERPRISES INC,INACTIVE,3200 FM 158,"BRYAN, TX 77802",17426948406,00001,04/01/1994,10/01/1997
TEXLANA,INACTIVE,1824 WILD OAK CIRCLE #35,"BRYAN, TX 77802",30005086134,00001,07/01/1980,07/01/1980
TEXMO,INACTIVE,4500 CARTER CREEK PKWY STE 103,"BRYAN, TX 77802",30114466664,00001,07/01/1986,07/01/1986
TEXMO,INACTIVE,1810 GREENFIELD PLAZA,"BRYAN, TX 77802",30115273689,00001,07/01/1986,07/01/1986
TEXMO,INACTIVE,4207 WOODCREST,"BRYAN, TX 77802",30115149848,00001,07/01/1986,07/01/1986
TEXMO,INACTIVE,1908 CARTER CREEK,"BRYAN, TX 77802",30115117746,00001,07/01/1986,07/01/1986
TEXMO,INACTIVE,4617 LOCKSFORD DRIVE,"BRYAN, TX 77802",30115110162,00001,07/01/1986,07/01/1986
TEXMO,INACTIVE,3514 GREENRIDGE,"BRYAN, TX 77802",30115107259,00001,07/01/1986,07/01/1986
TEXMO,INACTIVE,5809 CANTERBURY DR,"BRYAN, TX 77802",30115106475,00001,07/01/1986,07/01/1986
TEXMO,INACTIVE,MOOORE BLDG,"BRYAN, TX 77802",30114480756,00001,07/01/1986,07/01/1986
TEXMO,INACTIVE,1318 GARDEN LANE,"BRYAN, TX 77802",30114479881,00001,07/01/1986,07/01/1986
TEXMO,INACTIVE,3131 BRIARCREST DR STE 200,"BRYAN, TX 77802",30114477984,00001,07/01/1986,07/01/1986
TGI CONSTRUCTION,INACTIVE,1307 BARAK LANE,"BRYAN, TX 77802",17426877134,00001,02/07/1994,12/31/1994
THA SHACK,INACTIVE,3607 S TEXAS AVE,"BRYAN, TX 77802",32017427041,00001,06/01/2005,06/30/2005
THARP'S PRINTING SERVICE,INACTIVE,1706 E 27TH ST,"BRYAN, TX 77802",32031181715,00003,09/01/1993,08/31/1999
THARP'S PRINTING SERVICES,INACTIVE,1706 E 27TH,"BRYAN, TX 77802",17461035119,00001,04/01/1971,08/31/1993
THE ACADIAN SHOP,INACTIVE,1603 BURT ST,"BRYAN, TX 77802",32022945755,00001,07/01/1975,12/25/1999
THE ADAM SAENZ GROUP,INACTIVE,2554 E VILLA MARIA RD,"BRYAN, TX 77802",32037641050,00001,08/08/2012,12/31/2019
THE ADAMS CORPORATION GROUP,INACTIVE,1111 BRIARCREST DRIVE #300,"BRYAN, TX 77802",17419296037,00001,02/28/1987,02/28/1987
THE ADDED TOUCH,INACTIVE,2518 ARBOR DR,"BRYAN, TX 77802",32011231423,00001,10/01/1993,12/25/1998
THE ADVENTURE,INACTIVE,3780 COPPERFIELD DR APT 724,"BRYAN, TX 77802",32010370297,00002,10/01/2001,09/30/2003
THE ALAKAZAAR LLC,ACTIVE,1713 BROADMOOR DR STE 200A,"BRYAN, TX 77802",32101143256,00001,08/01/2025,
THE AMERICAN INSTITUTE OF SELF DEFENSE,INACTIVE,3803 E 29TH ST,"BRYAN, TX 77802",32005875029,00001,01/02/1995,12/10/2002
THE ANGELIC CROCHETER,INACTIVE,2205 WAYSIDE DR,"BRYAN, TX 77802",32009837728,00003,04/21/2021,12/25/2023
THE ANGRY ELEPHANT,ACTIVE,4282 BOONVILLE RD,"BRYAN, TX 77802",32067293145,00001,01/01/2019,
THE ANIMAL HOUSE,INACTIVE,1504 BARAK LN,"BRYAN, TX 77802",32010390378,00001,08/01/1996,12/25/2010
THE AQUARIUM SHOP,INACTIVE,3902 E 29TH APT H-2,"BRYAN, TX 77802",32031770277,00001,02/01/1975,09/30/1978
THE ARCADE PLACE,INACTIVE,1803 GREENFIELD,"BRYAN, TX 77802",32024158142,00001,10/01/1980,11/15/1981
THE ART OF LIVING COUNSELING AND CONSULTING CENTER,INACTIVE,3833 SOUTH TEXAS AVE SUITE 220,"BRYAN, TX 77802",32021510733,00001,01/01/1994,12/31/1994
THE ATLAS GROUP,INACTIVE,2009 CARTER CREEK PKWY,"BRYAN, TX 77802",32031298303,00002,08/25/1997,12/25/1998
THE BARNABY COMPANY,INACTIVE,3202 SANDPIPER CIR,"BRYAN, TX 77802",32024535489,00001,06/01/1992,12/31/1997
THE BEAD BOX,INACTIVE,2510B PECAN RIDGE DR,"BRYAN, TX 77802",32006503521,00003,01/01/1998,07/04/1999
THE BEADERY,INACTIVE,4209 WILLOW OAK ST,"BRYAN, TX 77802",32009366900,00001,01/01/2001,12/25/2004
THE BEAUTY BOUTIQUE,INACTIVE,3805 E 29TH ST,"BRYAN, TX 77802",32024588629,00001,02/01/1983,01/01/1993
THE BENCHREST,INACTIVE,4020 STILLMEADOW,"BRYAN, TX 77802",32026693518,00001,01/01/1988,08/31/1992
THE BEVERAGE OASIS,INACTIVE,4282 BOONVILLE RD STE 100,"BRYAN, TX 77802",17430086953,00003,11/01/2005,01/31/2007
THE BEVERAGE OASIS,INACTIVE,3601 E 29TH ST STE A,"BRYAN, TX 77802",17430086953,00002,08/16/2004,01/31/2007
THE BIG HIT DRIVING RANGE,INACTIVE,3715 MOHAWK ST,"BRYAN, TX 77802",17428734895,00001,07/01/1998,01/11/2001
THE BIG HIT DRIVING RANGE,INACTIVE,3715 MOHAWK,"BRYAN, TX 77802",32031978235,00001,05/01/1996,12/31/1997
THE BIG HIT DRIVING RANGE,INACTIVE,3715 MOHAWK ST,"BRYAN, TX 77802",32000465578,00001,01/01/1998,06/30/1998
THE BIG HIT DRIVING RANGE,INACTIVE,3615 MOHAWK ST,"BRYAN, TX 77802",32004704196,00001,04/11/2002,08/31/2003
THE BIRCH TREE LLC,INACTIVE,4301 APACHE CT,"BRYAN, TX 77802",32050326159,00001,03/04/2013,03/31/2015
THE BOOT AND SHOE CLINIC & MEXICAN IMPORTS,INACTIVE,1202 E VILLA MARIA RD,"BRYAN, TX 77802",32014308079,00001,02/03/2004,12/31/2004
THE BORROWED CHEF LLC,INACTIVE,1101 E 30TH ST,"BRYAN, TX 77802",32066638555,00001,04/07/2018,12/31/2018
THE BOSS COMMERCIAL CLEANING SERVICE,INACTIVE,2912 PRAIRIE FLOWER CIR APT C,"BRYAN, TX 77802",32048548435,00001,07/23/2012,06/05/2013
THE BOSWELL COMPANY,INACTIVE,1720 BARAK,"BRYAN, TX 77802",17415960842,00001,01/01/1984,12/31/1989
THE BOSWELL COMPANY,INACTIVE,1720 BARAK LANE,"BRYAN, TX 77802",17415553167,00001,10/01/1975,01/31/1988
THE BOTTLED OIL COMPANY,INACTIVE,3700 PLAINSMAN LN APT 49,"BRYAN, TX 77802",32030985025,00001,10/14/1996,12/31/1997
THE BRAZOS CENTER,INACTIVE,3232 BRIARCREST DR,"BRYAN, TX 77802",32036530874,00001,07/18/2009,07/18/2009
THE BRAZOS CENTER,INACTIVE,3232 BRIARCREST DR,"BRYAN, TX 77802",32000955107,00001,08/07/2008,08/07/2008
THE BRAZOS CENTER,INACTIVE,3232 BRIARCREST DR,"BRYAN, TX 77802",32000955107,00001,08/05/1999,08/05/1999
THE BRAZOS CENTER,INACTIVE,3232 BRIARCREST DR,"BRYAN, TX 77802",32000955107,00001,08/03/2000,08/03/2000
THE BRAZOS CENTER,INACTIVE,3232 BRIARCREST DR,"BRYAN, TX 77802",32000955107,00001,08/05/2004,08/05/2004
THE BRAZOS CENTER,INACTIVE,3232 BRIARCREST DR,"BRYAN, TX 77802",32000955107,00001,08/04/2005,08/04/2005
THE BRAZOS REEF,INACTIVE,3620 E 29TH,"BRYAN, TX 77802",32031770277,00002,03/15/1975,12/08/1976
THE BRIAR PATCH,INACTIVE,3605 OAK RIDGE,"BRYAN, TX 77802",30116413540,00001,10/28/1994,12/27/1994
THE BRIARPATCH,INACTIVE,3605 OAK RIDGE DR,"BRYAN, TX 77802",32026351620,00001,01/01/1995,12/31/1997
THE BRONZE MENAGERIE,INACTIVE,2100 VINEWOOD DR,"BRYAN, TX 77802",17418388926,00003,01/01/1978,12/31/1985
THE BRONZE MENAGERIE,INACTIVE,1908 CARTER CREEK,"BRYAN, TX 77802",17418388926,00001,04/15/1975,06/30/1976
THE CADDIE GOLF SHOP,ACTIVE,1853 BRIARCREST DR,"BRYAN, TX 77802",32097122439,00001,11/30/2024,
THE CAT'S MEOW,INACTIVE,3923 OLD OAKS DR APT 23,"BRYAN, TX 77802",32029383836,00001,09/23/1993,12/31/1996
THE CELLULAR STORE,INACTIVE,1123 E VILLA MARIA RD,"BRYAN, TX 77802",32019729568,00001,06/07/2006,10/31/2008
THE CELLULAR STORE,INACTIVE,1123 E VILLA MARIA RD,"BRYAN, TX 77802",32035078024,00002,11/01/2008,01/01/2013
THE CHANGING SCENE,INACTIVE,MANOR E MALL,"BRYAN, TX 77802",17513674295,00009,09/22/1973,03/31/1975
THE CHILDREN'S DEPOT,INACTIVE,808 VILLA MARIA BLVD,"BRYAN, TX 77802",32030930047,00008,11/01/1981,08/31/1982
THE CHILDREN'S DEPOT,INACTIVE,726 VILLA MARIA RD,"BRYAN, TX 77802",17422443279,00007,04/01/1986,01/30/1990
THE CHILDREN'S DEPOT,INACTIVE,808 VILLA MARIA RD,"BRYAN, TX 77802",17422443279,00004,09/01/1982,03/31/1986
THE COFFEE DIVA,INACTIVE,701 E VILLA MARIA MANOR EAST MALL,"BRYAN, TX 77802",17426933408,00002,08/01/1995,03/01/1996
THE COIN EXCHANGE,INACTIVE,811 S GORDON ST,"BRYAN, TX 77802",32007563557,00001,10/10/1997,09/30/2006
THE COLLECTION CO. SHOP LLC,ACTIVE,1910 GREENFIELD PLZ,"BRYAN, TX 77802",32087715994,00001,01/03/2023,
THE CORK,INACTIVE,1851 BRIARCREST DR,"BRYAN, TX 77802",32004535970,00001,01/02/1987,12/31/2002
THE CORK #1,INACTIVE,1851 BRIARCREST DR,"BRYAN, TX 77802",14120728044,00001,01/01/2003,05/22/2008
THE CORK #1,INACTIVE,3601 E 29TH ST STE 1,"BRYAN, TX 77802",14120728044,00004,08/01/2007,08/30/2009
THE COTTON CANDY,INACTIVE,MANOR EAST SHPG CENTER,"BRYAN, TX 77802",30001162871,00001,07/26/1971,10/31/1972
THE COUCH POTATO,INACTIVE,2603 A PECAN RIDGE,"BRYAN, TX 77802",32030145141,00003,01/01/1992,04/01/1994
THE COUNTRY SHOP,ACTIVE,718 N ROSEMARY DR,"BRYAN, TX 77802",32007098497,00005,07/01/2002,
THE COUNTRY SHOP,INACTIVE,3805 TANGLEWOOD DR,"BRYAN, TX 77802",32007098497,00004,01/01/2000,06/30/2002
THE COUNTRY SHOP,INACTIVE,1003 OAK KNOLL PL,"BRYAN, TX 77802",32007098497,00003,01/01/1997,12/31/1999
THE COUNTRY SHOP,INACTIVE,1003 OAK KNOLL PLACE,"BRYAN, TX 77802",32007098497,00001,04/01/1994,12/31/1994
THE COURTS AT PEC,ACTIVE,5213 BLOOMSBURY WAY,"BRYAN, TX 77802",32062162154,00001,11/01/2016,
THE CRAFT COTTAGE,INACTIVE,3513 TANGLEWOOD,"BRYAN, TX 77802",32005669422,00001,07/08/1985,12/31/1986
THE CROSSING,INACTIVE,3219 S TEXAS AVE,"BRYAN, TX 77802",32009399034,00001,11/19/1998,12/31/2003
THE CROSSING,INACTIVE,3219 S TEXAS AVE,"BRYAN, TX 77802",32009399034,00002,01/01/2004,03/31/2008
THE CUTTING EDGE LAWN SERVICE,INACTIVE,3723 RAVENWOOD DR,"BRYAN, TX 77802",30116325314,00001,04/15/1994,12/31/1994
THE CZECH TRADE GROUP INC,INACTIVE,3608 E 29TH ST STE 113,"BRYAN, TX 77802",17428297505,00001,09/11/1997,09/11/1997
THE DANCING FEET,INACTIVE,4010 STILLMEADOW,"BRYAN, TX 77802",30007201079,00001,12/07/1983,10/31/1985
THE DAVIS WINE GROUP,INACTIVE,4103 S TEXAS AVE STE 206,"BRYAN, TX 77802",17429465663,00001,04/01/2000,12/31/2002
THE DENIM PATCH,INACTIVE,4010 STILLMEADOW,"BRYAN, TX 77802",32026161029,00006,11/19/1973,06/29/1974
THE DESIGNERS,INACTIVE,3715 STILLMEADOW,"BRYAN, TX 77802",32009303408,00002,06/01/1986,12/31/1987
THE DESIGNERS,INACTIVE,3715 STILLMEADOW DR,"BRYAN, TX 77802",32009303408,00003,04/12/1990,01/15/2014
THE DIABETES CENTER,INACTIVE,1301 MEMORIAL DR,"BRYAN, TX 77802",32001176752,00001,01/01/1999,12/31/1999
THE DOG PARK,INACTIVE,3780 COPPERFIELD DR APT 1338,"BRYAN, TX 77802",32087366038,00001,12/31/2022,12/31/2022
THE DOLLAR FLOOR STORE,ACTIVE,2104 S TEXAS AVE STE 100,"BRYAN, TX 77802",14319835212,00004,07/01/2008,
THE DOMINION FOODS GROUP,ACTIVE,2130 E WM J BRYAN PKWY,"BRYAN, TX 77802",32094292904,00001,04/01/2024,
THE DREAM IS STILL ALIVE VIDEO,INACTIVE,3533 A MIDWEST,"BRYAN, TX 77802",32032114228,00003,10/01/1990,01/01/1991
THE DREAM IS STILL ALIVE VIDEO,INACTIVE,2800-A SPRUCEWOOD,"BRYAN, TX 77802",32032114228,00002,01/29/1990,09/30/1990
THE EAGLE,INACTIVE,1729 BRIARCREST DR,"BRYAN, TX 77802",32049907994,00001,05/01/2013,12/31/2015
THE EAGLE,INACTIVE,1729 BRIARCREST DR,"BRYAN, TX 77802",15412966267,00001,03/01/1988,12/26/1995
THE EAGLE,INACTIVE,1729 BRIARCREST DR,"BRYAN, TX 77802",17429791449,00001,12/01/2000,06/30/2012
THE EAGLE,ACTIVE,1729 BRIARCREST DR,"BRYAN, TX 77802",32073440193,00001,03/16/2020,
THE EAGLE,INACTIVE,1729 BRIARCREST DR,"BRYAN, TX 77802",32058634794,00002,01/01/2016,04/30/2020
THE EAGLE,INACTIVE,1729 BRIARCREST,"BRYAN, TX 77802",17406023501,00001,09/01/1961,02/29/1988
THE EAGLE,INACTIVE,1729 BRIARCREST DR,"BRYAN, TX 77802",17528225935,00010,07/01/2000,12/31/2000
THE EAGLE,INACTIVE,1729 BRIARCREST DR,"BRYAN, TX 77802",32048083235,00001,07/01/2012,12/31/2012
THE EARTH'S 1ST FARMS,INACTIVE,4407 S TEXAS AVE,"BRYAN, TX 77802",17425543679,00001,01/01/1990,10/31/1998
THE ELEGANT GEM,INACTIVE,3616 BROCKHAMPTON DR,"BRYAN, TX 77802",32006848447,00003,07/24/1997,12/31/2003
THE EMPLOYMENT PLACE INC,INACTIVE,1713 BROADMOOR STE 200,"BRYAN, TX 77802",17424701294,00001,11/01/1988,07/01/1990
THE ENCHANTED MIRROR,INACTIVE,2349 W BRIARGATE DR,"BRYAN, TX 77802",32010124785,00001,08/13/1979,12/31/1995
THE ENERGY MART INC,INACTIVE,3733 E 29TH,"BRYAN, TX 77802",17420354833,00001,06/01/1979,12/31/1983
THE ESSENCE OF MATURING,INACTIVE,2003 QUAIL HOLLOW DR,"BRYAN, TX 77802",32008388160,00004,04/23/2008,12/25/2010
THE FAIR INC,INACTIVE,725 VILLA MARIA RD,"BRYAN, TX 77802",17406167308,00014,03/11/1975,03/31/1988
THE FIFTH C FINE JEWELRY,INACTIVE,4106 CHAMBERLAIN CIR,"BRYAN, TX 77802",32009341911,00002,01/01/2004,12/31/2008
THE FIFTH C FINE JEWELRY,INACTIVE,1716 BRIARCREST DR STE 300,"BRYAN, TX 77802",32009341911,00003,01/01/2009,07/31/2011
THE FILM DISTRICT LLC,INACTIVE,3780 COPPERFIELD DR APT 1428,"BRYAN, TX 77802",32062675577,00001,03/01/2017,09/30/2017
THE FINISHING TOUCH,INACTIVE,3603 ELLIOTT ST # A,"BRYAN, TX 77802",32024755525,00001,10/01/1995,12/19/1995
THE FINISHING TOUCH & MOORE,INACTIVE,719 MARY LAKE DR,"BRYAN, TX 77802",32025018063,00001,10/01/1996,01/01/1999
THE FINISHING TOUCH PAINTING COMPANY,INACTIVE,5905 KNIGHTSBRIDGE LN,"BRYAN, TX 77802",32023609269,00002,07/01/2014,06/30/2016
THE FINISHING TOUCH PAINTING COMPANY,INACTIVE,4013 VICEROY DR,"BRYAN, TX 77802",32023609269,00001,04/25/2012,06/30/2014
"THE FIRST BAPTIST CHURCH OF BRYAN, TEXAS, INC.",ACTIVE,3100 CAMBRIDGE DR,"BRYAN, TX 77802",30004966161,00001,11/09/2023,
THE FIT SMOOTHIE,INACTIVE,3105 S TEXAS AVE STE 300,"BRYAN, TX 77802",32026828080,00003,04/12/2010,04/12/2010
THE FIT SMOOTHIE,INACTIVE,3105 S TEXAS AVE STE 300,"BRYAN, TX 77802",32039588754,00001,05/27/2009,04/12/2010
THE FLORAL CENTER,INACTIVE,2920 E 29TH ST,"BRYAN, TX 77802",17429659398,00001,07/01/2000,05/14/2005
THE FORUM,INACTIVE,2300 S TEXAS AVE,"BRYAN, TX 77802",17525879627,00001,01/20/1996,04/30/1996
THE FORUM,INACTIVE,2300 S TEXAS AVE,"BRYAN, TX 77802",19531249654,00001,12/01/1988,01/19/1996
THE FRUITFUL VINE,INACTIVE,2508 OAK CIR,"BRYAN, TX 77802",32029820381,00001,07/18/1996,12/31/1996
THE FULLER CORPORATION DISTINCTIVE PRINT & DESIGN,INACTIVE,2023 S TEXAS AVE,"BRYAN, TX 77802",17422495113,00002,05/01/1991,09/30/1995
THE FULLER CORPORATION DISTINCTIVE PRINT & DESIGN,INACTIVE,2600 S TEXAS AVENUE,"BRYAN, TX 77802",17422495113,00001,11/30/1982,04/30/1991
THE FURNITURE ADVANTAGE,INACTIVE,2504 KENT STREET,"BRYAN, TX 77802",17425773227,00005,06/11/1993,07/31/1993
THE FURNITURE IDEA AND FLOOR STORE,INACTIVE,2304 KENT ST,"BRYAN, TX 77802",17426261222,00002,11/01/1993,01/31/1994
THE FURNITURE IDEA AND FLOOR STORE,INACTIVE,3303 E 29TH,"BRYAN, TX 77802",17426261222,00001,02/24/1992,10/31/1993
THE G L O S S COMPANY,INACTIVE,3820 PLAINSMAN,"BRYAN, TX 77802",30010592670,00001,01/01/1989,12/31/1993
THE GENERAL STORE,INACTIVE,701 E VILLA MARIA SP 24,"BRYAN, TX 77802",32025619043,00002,01/01/1991,12/31/1991
THE GENTLEMAN'S QUARTER FORMALS,INACTIVE,3705 E 29TH,"BRYAN, TX 77802",30002789300,00001,07/01/1976,01/31/1981
THE GIFT BOX,INACTIVE,213A S MAIN,"BRYAN, TX 77802",30114359620,00001,04/01/1991,10/31/1991
THE GIFT CONNECTION,INACTIVE,4707 TIFFANY PARK CIR,"BRYAN, TX 77802",32026233497,00001,10/03/1996,06/01/1997
THE GIFT GALLERY,INACTIVE,1673 B BRIARCREST SUITE 104,"BRYAN, TX 77802",30004671431,00002,04/01/1986,07/30/1988
THE GIFT GALLERY INC,INACTIVE,1917 S TEXAS AVENUE,"BRYAN, TX 77802",30004671431,00001,11/01/1979,03/31/1986
THE GLASS IRIS,ACTIVE,1903 DEBBIE DR,"BRYAN, TX 77802",32007881157,00001,02/01/1994,
THE GRAND COURT BRYAN ASSOCIATES,INACTIVE,2410 MEMORIAL DR,"BRYAN, TX 77802",16506812094,00001,02/01/2003,05/31/2005
THE GREEN HOUSE,ACTIVE,808 E VILLA MARIA RD,"BRYAN, TX 77802",32098658233,00001,04/20/2025,
THE GREEN ZONE,INACTIVE,5305 BLOOMSBURY WAY,"BRYAN, TX 77802",32007549606,00003,01/01/2005,12/25/2006
THE GROTTO,INACTIVE,3310 E 29TH ST,"BRYAN, TX 77802",32002381583,00003,10/01/2001,03/31/2002
THE HIDDEN CRAFT SHOP,INACTIVE,413 LESLIE DR,"BRYAN, TX 77802",32028582537,00003,04/12/1996,04/01/1999
THE HIGHWAY STOP,INACTIVE,HWY 6 EAST SIDE 9 MILES S OF CITY LIMITS,"HEARNE, TX 77802",32025815781,00001,02/13/1992,05/01/1993
THE HOT DOG MAN,INACTIVE,1605 BROOK HOLLOW DR,"BRYAN, TX 77802",32025091706,00002,05/02/2014,09/30/2017
THE JEWEL BOX,INACTIVE,2356 W BRIARGATE DR,"BRYAN, TX 77802",32025236525,00001,11/21/1991,12/21/1995
THE JEWELRY BOX,INACTIVE,MANOR EAST MALL,"BRYAN, TX 77802",32021948974,00001,11/02/1987,12/31/1989
THE JEWELRY STORE,INACTIVE,3601 E 29TH ST STE 7,"BRYAN, TX 77802",32007472734,00001,10/09/1991,05/31/2009
THE JEWELRY STORE,INACTIVE,3601 EAST 29TH ST #7,"BRYAN, TX 77802",32032390836,00002,10/01/1979,09/30/1991
THE JEWELRY STORE,INACTIVE,3601 E 29TH ST STE 7,"BRYAN, TX 77802",32055146602,00001,09/16/2014,12/31/2018
THE JEWELRY STORE,ACTIVE,3601 E 29TH ST STE 7,"BRYAN, TX 77802",32040057286,00001,06/01/2009,
THE JOY GOODS,INACTIVE,3708 E 29TH ST # 1037,"BRYAN, TX 77802",32087972249,00001,07/01/2023,08/31/2023
THE JUNIOR LEAGUE BRYAN-COLLEGE STATION INCORPORA,ACTIVE,3232 BRIARCREST DR,"BRYAN, TX 77802",17422433015,00002,01/01/1992,
THE KARAT PATCH,INACTIVE,804 VILLA MARIA,"BRYAN, TX 77802",32007994679,00003,01/01/1992,01/31/2007
THE KASPER GROUP,INACTIVE,4517 CARTER CREEK PKY APT 10,"BRYAN, TX 77802",32029292375,00001,10/09/1996,05/31/1997
THE KATYDID,INACTIVE,1500 CARTER CREEK PKWY,"BRYAN, TX 77802",32025199905,00001,07/01/1985,12/28/1993
THE KNITWORKS,INACTIVE,4303 S TEXAS AVENUE,"BRYAN, TX 77802",32031251419,00002,03/01/1983,01/01/1986
THE LAMP-LITE,INACTIVE,4344 CARTER CREEK PKWY,"BRYAN, TX 77802",32005233427,00001,07/01/1977,08/31/1982
THE LANDING,INACTIVE,1223 NORTH TEXAS AV,"BRYAN, TX 77802",32026830359,00001,07/01/1993,09/30/1993
THE LASER PARLOR,ACTIVE,2306 WAYSIDE DR,"BRYAN, TX 77802",32062476455,00003,08/24/2022,
THE LASER PARLOR,INACTIVE,2306 WAYSIDE DR,"BRYAN, TX 77802",32062476455,00002,09/01/2021,01/01/2022
THE LETTER PRESS/SIMS PRINTING,INACTIVE,1512 S TEXAS AVE,"BRYAN, TX 77802",32025142145,00003,08/06/1999,12/31/1999
THE LOGO FACTORY,INACTIVE,4103 SOUTH TEXAS AVENUE #106,"BRYAN, TX 77802",32023967006,00002,10/25/1989,09/30/1990
THE LOST WORDS,INACTIVE,908 LAZY LN,"BRYAN, TX 77802",32051552936,00001,08/01/2013,12/25/2015
THE LOVE FLOWER,INACTIVE,3817 RAVENWOOD DR,"BRYAN, TX 77802",32006276946,00003,01/01/1983,12/31/1983
THE LUBE STOP,INACTIVE,2510 S TEXAS AVE,"BRYAN, TX 77802",17429151867,00001,07/01/1999,12/31/2010
THE MAGIC TEAPOT,INACTIVE,1817 WILDE OAK CIR # B,"BRYAN, TX 77802",32007670113,00001,02/01/1996,12/31/2002
THE MAGIC TEAPOT,INACTIVE,716 LAWRENCE ST,"BRYAN, TX 77802",32007670113,00002,01/01/2003,12/25/2006
THE MANAGEMENT CONNECTION,INACTIVE,1313 BRIARCREST DR SUITE A,"BRYAN, TX 77802",32006810942,00002,08/01/1993,12/31/1994
THE MARGARITA MAIN,INACTIVE,3815 CARTER CREEK PKWY,"BRYAN, TX 77802",17428823870,00002,04/01/2002,11/30/2008
THE MARGARITA MAN,INACTIVE,101 S BROWN ST,"BRYAN, TX 77802",17428823870,00001,07/01/1998,03/31/2002
THE MARTIAL ARTS CENTER,INACTIVE,1313 BRIARCREST DR STE B,"BRYAN, TX 77802",32005888303,00001,07/25/1995,12/31/2004
THE MATTHEWS GROUP,INACTIVE,1707 BROADMOOR SUITE 103,"BRYAN, TX 77802",32010218488,00001,04/14/1987,11/30/1991
THE MATTHEWS GROUP INC,INACTIVE,1750 BRIARCREST DR,"BRYAN, TX 77802",32010218488,00003,09/01/2004,08/13/2008
THE MATTHEWS GROUP INC,INACTIVE,1716 BRIARCREST DR STE 700,"BRYAN, TX 77802",32010218488,00002,11/01/1991,08/31/2004
THE MATTRESS FACTORY,INACTIVE,3609 S TEXAS AVE,"BRYAN, TX 77802",32053594159,00002,04/16/1992,06/20/2007
THE MAUI WOWI AT BLINN COLLEGE,INACTIVE,2423 BLINN BLVD,"BRYAN, TX 77802",32042412281,00001,08/30/2010,07/01/2015
THE MED-OX GROUP,INACTIVE,1713 BROADMOOR DR STE 302,"BRYAN, TX 77802",17426830620,00002,01/01/1999,12/31/1999
THE MEDICAL TRANSCRIPTION SERVICE ETC,INACTIVE,1733 BRIARCREST SUITE 214,"BRYAN, TX 77802",32024265533,00001,07/15/1991,12/31/1992
THE MOBY DUCK,ACTIVE,5403 BLOOMSBURY WAY,"BRYAN, TX 77802",32068226680,00002,05/04/2020,
THE NAIL SHOPPE,INACTIVE,3731 EST 29TH STREET,"BRYAN, TX 77802",17424572513,00002,06/01/1987,12/31/1988
THE NAIL SHOPPE,INACTIVE,3731 E 29TH ST,"BRYAN, TX 77802",30010592563,00001,12/01/1988,08/01/1995
THE NAPTIME SEAMSTRESS,INACTIVE,2805 BRIARCREEK CT,"BRYAN, TX 77802",32054740983,00001,09/01/2014,06/30/2015
THE NATHAN COMPANY,INACTIVE,2315 BRISTOL,"BRYAN, TX 77802",17420490355,00001,07/01/1979,12/31/1983
THE NURSE'S STATION,INACTIVE,MANOR EAST MALL SUITE 3 & 4,"BRYAN, TX 77802",32021886844,00001,06/01/1996,06/30/1997
THE NUTRITION LOCKER,INACTIVE,725 E VILLA MARIA RD STE 300,"BRYAN, TX 77802",32078789487,00001,09/01/2023,01/08/2025
THE NUTTY CHEF'S BAKERS,INACTIVE,2511 S TEXAS AVE ATE A,"BRYAN, TX 77802",32002301490,00001,05/01/2000,11/29/2000
THE OAKS FOOD MART,INACTIVE,3900 E 29TH ST,"BRYAN, TX 77802",32006336005,00001,11/10/1991,01/31/2013
THE OAKS FOOD MART,INACTIVE,3817 E 29TH,"BRYAN, TX 77802",32029787663,00001,05/15/1974,11/04/1991
THE OLD COUNTRY BARN,INACTIVE,1511 PRAIRIE DR,"BRYAN, TX 77802",32015917902,00001,10/01/2004,07/21/2006
THE OLIVE HATCH,ACTIVE,2901 CHERRY CREEK CIR,"BRYAN, TX 77802",32055962131,00002,04/01/2018,
THE OWL AND THE SPINNING WHEEL,INACTIVE,4303 S TEXAS AVENUE,"BRYAN, TX 77802",17418164806,00002,01/01/1983,12/31/1986
THE PADDLE,INACTIVE,3904 SIOUX CIR,"BRYAN, TX 77802",32008812110,00001,08/01/1998,12/31/1999
THE PAINT WAREHOUSE,INACTIVE,2907 VILLA MARIA,"BRYAN, TX 77802",32013362143,00001,01/05/1987,12/31/1992
THE PAPPAS COMPANY,INACTIVE,4011 WOODCREST DR,"BRYAN, TX 77802",32021091460,00001,10/01/1991,08/01/1997
THE PEDDLER SHOW/BUBBYFLY,INACTIVE,3232 BRIARCREST DR,"BRYAN, TX 77802",32048450590,00002,08/24/2012,09/30/2012
THE PERFECT TAN,INACTIVE,4001 E 29TH STSTE 109,"BRYAN, TX 77802",32021604486,00002,02/01/1993,12/31/1993
THE PHARMACY CORNER,INACTIVE,3201 UNIVERSITY DR E STE 145,"BRYAN, TX 77802",32040120795,00001,10/01/2009,07/01/2021
THE PHARMACY CORNER LTD,INACTIVE,3201 UNIVERSITY DR E STE 145,"BRYAN, TX 77802",10436058753,00001,03/15/2002,11/30/2009
THE PHARMACY SHOP,INACTIVE,3703 E 29TH ST,"BRYAN, TX 77802",17425302175,00001,04/16/1989,12/31/2003
THE PHARMACY SHOP,INACTIVE,3703 E 29TH ST,"BRYAN, TX 77802",17462213459,00001,10/30/1974,04/10/1989
THE PHARMACY SHOP INC,INACTIVE,2300 DE LEE ST,"BRYAN, TX 77802",17425302175,00002,01/01/2004,05/02/2010
THE PHILLIPS EVENT CENTER,ACTIVE,1929 COUNTRY CLUB DR,"BRYAN, TX 77802",17460004413,00027,07/01/2020,
"THE PHOENIX DOUGH CO., LLC",INACTIVE,725 E VILLA MARIA RD STE 300,"BRYAN, TX 77802",32069316050,00002,05/01/2019,10/29/2019
THE PINK HORSESHOE,INACTIVE,3610A COMANCHE ST,"BRYAN, TX 77802",32044193590,00001,05/23/2011,05/28/2013
THE PIZZA PUB,INACTIVE,2901 S TEXAS AVENUE,"BRYAN, TX 77802",17418895797,00002,12/15/1977,03/31/1986
THE PIZZA PUB,INACTIVE,2901 SOUTH TEXAS AVE,"BRYAN, TX 77802",17418895797,00005,10/14/1986,01/24/1987
THE PLANT STATION,INACTIVE,2510 S TEXAS AVE,"BRYAN, TX 77802",32008474069,00002,11/01/1996,12/31/1996
THE PLANTATION SHOP,INACTIVE,2024 S TEXAS AVE,"BRYAN, TX 77802",17413849971,00001,09/01/1961,01/01/2007
THE PORTER AGENCY,INACTIVE,3000 BRIARCREST SUITE 516,"BRYAN, TX 77802",32029237198,00003,07/01/1982,12/31/1988
THE PRESS,INACTIVE,2606 S TEXAS AVE,"BRYAN, TX 77802",15412966267,00004,03/01/1990,12/26/1995
THE PRODUCE GARDEN INC,INACTIVE,906 ROSEMARY,"BRYAN, TX 77802",30006526518,00001,10/01/1982,02/28/1983
THE PROUD NOTARY,ACTIVE,4089 CROSS PARK DR UNIT 414,"BRYAN, TX 77802",32094492322,00001,04/22/2024,
THE PUBLIC IMAGE COMPANY,INACTIVE,1913 WAYSIDE DR,"BRYAN, TX 77802",17428434611,00001,10/01/1997,08/25/1998
THE RECYCLE SHOP,INACTIVE,4303 S TEXAS AVE,"BRYAN, TX 77802",32023293551,00001,08/01/1989,04/01/1995
THE RED WAGON,INACTIVE,1 1/2 MI OCL ON LHS FM 1179,"BRYAN, TX 77802",32008233309,00005,01/01/1992,12/31/1998
THE REEF,INACTIVE,3620 E 29TH,"BRYAN, TX 77802",32026561913,00006,07/19/1977,09/30/1980
THE REEF,INACTIVE,3620 E 29TH ST,"BRYAN, TX 77802",30001576112,00002,07/01/1972,09/30/1973
THE REEL DEAL,INACTIVE,719 GARDEN ACRES BLVD,"BRYAN, TX 77802",32008823307,00001,01/02/2002,01/13/2003
THE RESALE WEARHOUSE,INACTIVE,3800 S TEXAS AVE,"COLLEGE STATION, TX 77802",32009087803,00001,10/29/2001,04/12/2003
THE RESALE WEARHOUSE,INACTIVE,3800 S TEXAS AVE,"BRYAN, TX 77802",32031241071,00002,01/01/1989,10/29/2001
THE RODEWAY INN,INACTIVE,1601 S TEXAS AVENUE,"BRYAN, TX 77802",17420154779,00001,02/01/1979,08/30/1987
THE ROGUE SAGE CO,INACTIVE,1716 BRIARCREST DR FL 3,"BRYAN, TX 77802",32080858908,00001,11/01/2021,
THE ROOMS OF BCS,INACTIVE,3030 E 29TH ST STE 108,"BRYAN, TX 77802",32059766157,00001,04/01/2016,01/01/2018
THE RUG SHOP,INACTIVE,2713 S TEXAS AVE,"BRYAN, TX 77802",32007401212,00004,01/01/2004,06/30/2016
THE RUSTIC LEW,INACTIVE,2916 BEXAR GRASS DR,"BRYAN, TX 77802",32040217799,00001,10/01/2009,12/31/2011
THE RUSTY MUFFLER,INACTIVE,3515 GREEN RIDGE CIR,"BRYAN, TX 77802",32009813109,00001,01/03/2003,02/17/2003
THE SALON OF VERN AND MO,INACTIVE,724 E VILLA MARIA RD # 300,"BRYAN, TX 77802",32019422487,00002,03/27/2006,12/25/2021
THE SALVATION ARMY,INACTIVE,3200 S TEXAS AVE,"BRYAN, TX 77802",17508006784,00124,04/11/1994,10/31/1999
THE SECOND STUDIO,INACTIVE,1201 HOPPESS ST,"BRYAN, TX 77802",32037585265,00001,08/01/2008,12/31/2009
THE SHERATON GROUP,INACTIVE,1722 BROADMOOR DR STE 220,"BRYAN, TX 77802",17427453034,00001,04/21/1995,12/31/2000
THE SHERWIN WILLIAMS COMPANY #7424,ACTIVE,3814 S TEXAS AVE,"BRYAN, TX 77802",13405268502,00021,09/01/1961,
THE SHIRE,INACTIVE,4012 MEADOWWOOD DR,"BRYAN, TX 77802",32022644739,00001,11/05/1997,12/31/1997
THE SILK PURSE,INACTIVE,1735 BRIARCREST DR SUITE 210,"BRYAN, TX 77802",32029385476,00003,07/01/1983,12/31/1987
THE SILVER FAWN,INACTIVE,MANOR E MALL VILLA MARIA & TX AV,"BRYAN, TX 77802",17418583849,00001,07/01/1976,06/30/1977
THE SILVER PATCH,INACTIVE,4401 CARTER CREEK PKWY APT 11,"BRYAN, TX 77802",32027972291,00003,05/05/1998,03/31/1999
THE SILVER STATION INC,INACTIVE,4403 S TEXAS AVE,"BRYAN, TX 77802",17428964088,00001,01/01/1999,11/30/1999
THE SINGER CO,INACTIVE,202 W 26TH ST,"BRYAN, TX 77802",12212850908,00021,09/01/1963,09/30/1976
THE SINGER CO,INACTIVE,MANOR EAST SHPG CTR,"BRYAN, TX 77802",12212850908,00153,10/01/1976,01/01/1983
THE SLEEP STATION,INACTIVE,1673 BRIARCREST DR STE B108,"BRYAN, TX 77802",32027778342,00002,12/19/1997,03/31/1998
THE SOUTHERN SWEETIE,ACTIVE,3416 PARKWAY TER,"BRYAN, TX 77802",32045050591,00004,10/01/2016,
THE SOUTHERN THISTLE,ACTIVE,1713 BROADMOOR DR STE 200A,"BRYAN, TX 77802",32075261860,00003,07/01/2025,
THE SOUTHERN THISTLE,INACTIVE,1713 BROADMOOR DR STE 301,"BRYAN, TX 77802",32075261860,00002,09/01/2021,06/30/2025
THE SPC GROUP,INACTIVE,1308 ESTHER BLVD,"BRYAN, TX 77802",32020114131,00001,08/01/2006,12/25/2007
THE SPERRY HUTCHINSON CO,INACTIVE,RIDGECREST SHP CTR,"BRYAN, TX 77802",11354056100,00046,09/01/1961,06/30/1970
THE SPOKESMAN,INACTIVE,2903 RIVER OAKS CR,"BRYAN, TX 77802",32022329273,00001,10/04/1988,12/18/1992
"THE STATION ON 29TH, LLC",INACTIVE,1720 E 29TH ST,"BRYAN, TX 77802",32085407552,00001,08/09/2022,08/31/2022
THE STICKERY,INACTIVE,2615 RUSTLING OAKS DR,"BRYAN, TX 77802",32005842615,00002,04/01/1999,12/31/2003
THE STITCHERY,INACTIVE,2607 HOLLOW OAK CIR,"BRYAN, TX 77802",32005842615,00001,07/01/1998,03/31/1999
THE STITCHERY,INACTIVE,2607 HOLLOW OAK CIR,"BRYAN, TX 77802",17422405674,00004,04/01/1998,05/31/1998
THE STITCHERY,INACTIVE,3805 S TEXAS AVE,"BRYAN, TX 77802",17422405674,00003,03/01/1993,03/31/1998
THE STYLISH PRIVY,INACTIVE,4001 EAST 29TH STREET SUITE 103,"BRYAN, TX 77802",30006868415,00001,11/13/1982,03/31/1987
THE TERMINIX INTERNATIONAL CO L P,INACTIVE,1707 E 29TH ST,"BRYAN, TX 77802",13634788379,00018,01/01/1991,02/29/2012
THE TERMINIX INTERNATIONAL CO LP #2405,INACTIVE,1707 E 29TH ST,"BRYAN, TX 77802",13634788379,00125,01/01/2013,03/31/2024
THE TEXIAN TRADER,INACTIVE,1200 BROOK HOLLOW CT,"BRYAN, TX 77802",32008645023,00004,01/01/2012,01/01/2013
THE TEXIAN TRADER,INACTIVE,1622 WOODLAND DR,"BRYAN, TX 77802",32008645023,00003,07/06/2010,12/31/2011
THE TEXIAN TRADER,INACTIVE,1622 WOODLAND DR,"BRYAN, TX 77802",32008645023,00002,01/01/1997,12/25/2005
THE THEATRE COMPANY OF BRYAN-COLLEGE STATION,ACTIVE,3125 S TEXAS AVE STE 500,"BRYAN, TX 77802",17424460800,00003,02/14/2025,
THE TIFFANY COLLECTION,INACTIVE,2902 PARTRIDGE CIRCLE,"BRYAN, TX 77802",30010494679,00002,09/10/1987,12/31/1988
THE TREASURE CHEST GIFT CO.,INACTIVE,3803 WOODMERE DR,"BRYAN, TX 77802",32027392771,00002,04/26/2000,09/30/2000
THE TURQUOISE SHOP,INACTIVE,MANOR EAST MALL VILLA MARIA RD,"BRYAN, TX 77802",32026084346,00002,07/01/1975,11/27/1984
THE UDDER PLACE,INACTIVE,3500 HILLCREST,"BRYAN, TX 77802",32028353194,00001,01/01/1991,09/30/1992
THE UN PESTER,INACTIVE,4003 MEADOWWOOD DR,"BRYAN, TX 77802",32021488773,00005,06/12/2000,12/30/2001
THE UNIQUE ANTIQUES,INACTIVE,1306 BRISTOL ST,"BRYAN, TX 77802",32031716379,00002,01/01/1998,12/31/1998
THE UPS STORE #5772,INACTIVE,801 DELLWOOD ST,"BRYAN, TX 77802",32019670010,00002,07/10/2006,11/30/2022
THE URBAN INTERFACE,INACTIVE,2809 RUSTLING OAKS DR,"BRYAN, TX 77802",32051383878,00001,03/24/2017,12/31/2019
THE VELVET PONY,INACTIVE,4902 BROMPTON LN,"BRYAN, TX 77802",12044852098,00002,10/01/2006,12/31/2006
THE VELVETEEN RABBIT,INACTIVE,3601 E 29TH ST,"BRYAN, TX 77802",32026347180,00002,01/01/1992,07/01/2000
THE VICTORIAN LADY,INACTIVE,1642 BARAK,"BRYAN, TX 77802",32007521209,00002,01/01/1982,12/31/1983
THE VILLAS TOWNHOMES AND APARTMENTS MANAGEMENT,INACTIVE,3000 BRIARCREST DR STE 302,"BRYAN, TX 77802",32044359373,00001,01/01/2014,12/31/2015
THE VINTAGE CIRCLE,INACTIVE,3828 S TEXAS AVE,"BRYAN, TX 77802",32074931372,00001,08/01/2020,09/30/2022
THE VINTAGE CIRCLE RESALE,ACTIVE,3828 S TEXAS AVE,"BRYAN, TX 77802",32086518142,00001,10/01/2022,
THE VINTAGE ROAN,ACTIVE,4475 CARTER CREEK PKWY APT 436,"BRYAN, TX 77802",32082120489,00001,01/01/2022,
THE VITALITY GROUP,INACTIVE,732 MARY LAKE DR,"BRYAN, TX 77802",32020567080,00001,09/08/2006,12/25/2011
THE WALKING CANE STORE,INACTIVE,1598 WIMBERLY PL,"BRYAN, TX 77802",32089412244,00001,05/01/2023,06/30/2024
THE WARDROBE,INACTIVE,1314 BROOK HOLLOW DR,"BRYAN, TX 77802",17426738344,00001,03/01/1989,12/25/2002
THE WILD FLOWER COLLECTABLES,INACTIVE,3603 TANGLEWOOD,"BRYAN, TX 77802",32009237879,00001,10/23/1993,04/01/1994
THE WOMAN'S CLUB,INACTIVE,1200 CARTER CREEK PKY,"BRYAN, TX 77802",17460747409,00002,01/01/1986,12/25/1999
THE WOMANS CLUB,INACTIVE,1200 CARTER CREEK BLVD,"BRYAN, TX 77802",17460747409,00001,01/01/1978,03/01/1982
THE WORTHAM CONNECTION,INACTIVE,4102 TANGLEWOOD DR,"BRYAN, TX 77802",32031413860,00001,10/01/1990,12/25/1999
THE WRAP WORKS HAIR TOOL,INACTIVE,2608 BRITON DR,"BRYAN, TX 77802",17428031953,00001,02/01/1997,06/30/1998
THE YAARD-VARK,INACTIVE,4444 CARTER CREEK PKWY SUITE 109,"BRYAN, TX 77802",17601113081,00001,08/23/1984,12/31/1987
THE 2 CAR STUDIO,ACTIVE,2122 KAZMEIER PLZ,"BRYAN, TX 77802",32067701543,00002,10/01/2023,
THEATER DEVELOPMENT COMPANY,INACTIVE,2080 E 29TH ST,"BRYAN, TX 77802",17604583827,00003,01/01/1998,09/30/1999
THEATRE DEVELOPMENT COMPANY,INACTIVE,2002 E 29TH ST,"BRYAN, TX 77802",17604583827,00002,01/01/1995,12/31/1997
THECORNERLOT.NET,ACTIVE,3490 E 29TH ST,"BRYAN, TX 77802",32044817388,00001,07/01/2011,
THELMA JOHNSON'S MISSIONARY ENTERPRISES,INACTIVE,1406 HOOPER,"BRYAN, TX 77802",32026529431,00001,10/11/1991,10/11/1991
THERMAL SHIELD APPLICATIONS,INACTIVE,3213 S COLLEGE,"BRYAN, TX 77802",32025142020,00001,02/06/1990,12/31/1994
THINGS,INACTIVE,3219 S TEXAS AVE,"BRYAN, TX 77802",32017253272,00006,05/01/2005,06/13/2006
THIS 'N THAT,ACTIVE,2711 RUSTLING OAKS DR,"BRYAN, TX 77802",32015499703,00001,08/01/2004,
THIS AND THAT ETC,INACTIVE,2903 VILLA MARIA,"BRYAN, TX 77802",32030290400,00001,01/01/1985,12/25/1985
THIS MAGIC MOMENT,INACTIVE,3902 EAST 29TH STREET #C-5,"BRYAN, TX 77802",32030736667,00001,03/23/1999,03/31/1999
THOLEN ACRES,INACTIVE,4500 MEADOWBROOK DR,"BRYAN, TX 77802",32066437289,00002,10/01/2019,12/31/2019
THOMAS E EZZELL,INACTIVE,2508 WHISPERING OAKS CIR,"BRYAN, TX 77802",32005075653,00007,07/01/2014,12/25/2017
THOMAS JON HODNETT,INACTIVE,3726 SWEETBRIAR DR,"BRYAN, TX 77802",32019155335,00003,02/14/2006,09/30/2006
THOMAS SWEET ICE CREAM & CHOCOLATE,INACTIVE,2700 TEXAS AVE,"BRYAN, TX 77802",17423584964,00002,11/01/1986,09/30/1987
THOMPSON & SON'S,INACTIVE,2305 DE LEE ST,"BRYAN, TX 77802",32063475340,00001,04/30/2017,03/31/2019
THOMPSON AGRI-SERVICE,INACTIVE,3535 PLAINSMAN LANE #98,"BRYAN, TX 77802",32005336592,00003,01/01/1986,09/30/1986
THOMPSON BUILDING SYSTEMS,INACTIVE,2505 B PECAN RIDGE,"BRYAN, TX 77802",32005336592,00004,10/01/1986,10/16/1988
"THOMPSON, DERRIG & CRAIG, P.C.",INACTIVE,4500 CARTER CREEK PKWY STE 201,"BRYAN, TX 77802",17425818741,00001,11/01/1990,06/30/2016
THORNS AND THINGS,INACTIVE,3703 A CHOCTAW TRAIL,"BRYAN, TX 77802",32021491470,00001,08/01/1990,12/31/1990
"THREAT BUFFER, LLC",ACTIVE,1408 ESTHER BLVD,"BRYAN, TX 77802",32102579607,00001,10/18/2025,
THREE ARMADILLOS HAND PAINTED SIGNS AND RUSTIC DEC,INACTIVE,4725 BROMPTON LN,"BRYAN, TX 77802",32063349420,00001,04/17/2017,12/31/2023
THREE DEES GRAPHICS,INACTIVE,4207 WOODCREST DR,"BRYAN, TX 77802",32043881120,00001,03/15/2011,12/25/2012
THREE K'S ANTIQUES,INACTIVE,2906 OAKSIDE DR,"BRYAN, TX 77802",32031017786,00002,09/15/1999,12/31/2000
THREE-SIXTY PACIFIC INC,INACTIVE,2402 BROADMOOR BLDG B SUITE 201,"BRYAN, TX 77802",30113964693,00001,03/01/1990,06/30/1993
THREE-SIXTY PACIFIC INC,INACTIVE,2402 BROADMOOR BLDG C SUITE 101,"BRYAN, TX 77802",30113964693,00002,07/01/1993,09/30/1994
THRESA'S CRAFTS,ACTIVE,4125 KENWOOD DR,"BRYAN, TX 77802",32020577774,00003,11/01/2023,
THRIFTED CREATIONS,ACTIVE,3600 DAWN CT,"BRYAN, TX 77802",32052359372,00002,01/26/2023,
THROUGH GOD'S EYES CREATIVE GIFT BASKETS,INACTIVE,3610 MAJOR ST UNIT B,"BRYAN, TX 77802",32013147791,00001,01/01/2004,12/25/2007
THUNDER COMPUTER SYSTEMS,INACTIVE,1200 BRIARCREST DR STE 2000,"BRYAN, TX 77802",32005579829,00002,01/01/1997,02/28/1998
THUNDERCLOUD SUBS #403,INACTIVE,2004 E 29TH ST STE 103,"BRYAN, TX 77802",17425398017,00013,03/26/1997,06/30/1997
THUNDERCLOUD SUBS #403,INACTIVE,2004 E 29TH ST # 103,"BRYAN, TX 77802",17427314954,00004,07/01/1997,11/01/1997
TIA LEYDECKER,ACTIVE,2808 BARWICK CIR,"BRYAN, TX 77802",32041947824,00003,10/12/2025,
TIDY PUPS LLC,ACTIVE,1109 SKRIVANEK DR,"BRYAN, TX 77802",32101141722,00001,09/01/2025,
TIFFANY'S 'TIQUES & COLLECTIBLES,INACTIVE,709 GARDEN ACRES BLVD,"BRYAN, TX 77802",32031428710,00001,02/13/1998,06/30/1998
TIGER ENERGY SERVICES,INACTIVE,4248 BOONVILLE RD,"BRYAN, TX 77802",32053547561,00002,07/05/2016,01/01/2019
TIGER LILY POTTERY AND FIBER ARTS,INACTIVE,2606 MELBA CIR,"BRYAN, TX 77802",32028861972,00007,11/05/2015,12/31/2018
"TIGER TWELVE VENTURES, LLC",ACTIVE,738 INWOOD DR,"BRYAN, TX 77802",32090460174,00001,08/07/2023,
TIGER WIRELINE SERVICES,INACTIVE,4248 BOONVILLE RD,"BRYAN, TX 77802",32053547561,00001,01/02/2015,03/31/2015
TIGERLAND EXPRESS #1,INACTIVE,1909 S TEXAS AVE,"BRYAN, TX 77802",12082781407,00004,08/01/2009,11/30/2013
TILTED PINT,ACTIVE,4248 BOONVILLE RD,"BRYAN, TX 77802",32065156161,00001,11/01/2018,
TIMBERBASE INCORPORATED,INACTIVE,4444 CARTER CREEK PKWY SUITE 109,"BRYAN, TX 77802",17422760524,00001,08/24/1984,12/31/1984
TIME FIXER,INACTIVE,1501 E 28TH,"BRYAN, TX 77802",32025364251,00001,02/23/1982,12/31/1987
TIME FOR THAI IN COLLEGE STATION,INACTIVE,3700 S TEXAS AVE STE 550,"BRYAN, TX 77802",32061224880,00002,12/18/2017,02/28/2020
TIME FOR THAI IN COLLEGE STATION,INACTIVE,3700 S TEXAS AVE STE 550,"BRYAN, TX 77802",32061224880,00001,11/28/2016,02/28/2020
TIME KEEPERS INC,INACTIVE,4103 WILLOW OAK,"BRYAN, TX 77802",17426868539,00001,10/22/1993,05/24/1994
TIME WORKS UNLIMITED INC,INACTIVE,3601 E 29TH POST OAK CENTER,"BRYAN, TX 77802",17420596128,00001,09/01/1979,09/30/1982
TIME-OUT SERVICES,INACTIVE,1512 S TEXAS AVE STE 1,"BRYAN, TX 77802",32028445545,00002,01/01/1996,12/31/1997
TIMEOUT SPORTSCARDS,INACTIVE,4613 KENSINGTON,"BRYAN, TX 77802",30114359596,00001,02/11/1991,12/31/1992
TIMOTHY WARDEN,INACTIVE,2909 BRAEBURN ST,"BRYAN, TX 77802",32007670279,00001,03/02/1998,12/25/2004
TINSLEY'S FRIED CHICKEN,INACTIVE,512 VILLA MARIA RD,"BRYAN, TX 77802",17417768292,00017,04/01/1979,09/30/1985
TIO TAMALE,ACTIVE,2606 S TEXAS AVE,"BRYAN, TX 77802",32074492920,00001,12/01/2020,
TIPPY'S,INACTIVE,1803 GREENFIELD PLAZA,"BRYAN, TX 77802",17602973145,00001,02/01/1990,03/31/1991
TIRE & RIM HOUSE (HOUSE OF TIRES),INACTIVE,1401 S TEXAS AVE,"BRYAN, TX 77802",32008879366,00001,10/01/2001,12/31/2004
TISHA TRAEGER PHOTOGRAPHY,INACTIVE,4029 KENWOOD DR,"BRYAN, TX 77802",32059791387,00001,03/10/2016,
TITAN SECURITY SOLUTIONS,INACTIVE,2807 APPLE CREEK CIR,"BRYAN, TX 77802",17429004900,00001,02/18/1999,08/31/2000
TL STOREHOUSE,INACTIVE,1512 PRAIRIE DR,"BRYAN, TX 77802",32042635626,00001,09/15/2010,12/25/2012
TLC,INACTIVE,3122 CAMELOT DR APT 31,"BRYAN, TX 77802",32029582924,00001,07/16/1993,09/30/1995
TMG CO LLC,INACTIVE,1713 BROADMOOR DR STE 100,"BRYAN, TX 77802",13714843623,00001,01/01/2006,12/31/2013
"TMG GASES, INC.",ACTIVE,1718 BRIARCREST DR STE 100,"BRYAN, TX 77802",32050698490,00001,01/01/2014,
TOASTED DAYBREAK CAFE,ACTIVE,4012 STILLMEADOW DR,"BRYAN, TX 77802",32097152998,00001,04/03/2025,
TODARO'S BUILDING MAINTENANCE,INACTIVE,903 LAZY LN,"BRYAN, TX 77802",32009452643,00001,01/01/1988,08/31/1997
TODD'S FLOWERS & GIFTS,INACTIVE,3111 RED ROBIN LOOP,"BRYAN, TX 77802",32001229171,00002,10/01/1999,12/25/2000
TOM LIGHT CHEVROLET COMPANY,INACTIVE,738 N EARL RUDDER FWY,"BRYAN, TX 77802",17417168683,00002,08/01/1993,11/29/2021
TOM'S GIFTS & MORE,INACTIVE,3700 PLAINSMAN LN APT 33,"BRYAN, TX 77802",32029238451,00001,10/01/1995,03/31/1997
TOMASTIK SMARTSKIN,INACTIVE,2804 CHERRY CREEK CIR,"BRYAN, TX 77802",32019353005,00001,03/17/2006,12/31/2006
TOMMY'S DRIVE IN #2,INACTIVE,804 N TEXAS AVE,"BRYAN, TX 77802",32032810189,00002,03/01/1993,05/31/1994
TOMMY'S ORIGINALS,INACTIVE,2806 BARWICK CIR,"BRYAN, TX 77802",32026061104,00001,04/12/1991,12/31/1996
TOMORROWNOW INCORPORATED,INACTIVE,1716 BRIARCREST DR STE 600,"BRYAN, TX 77802",17429071586,00001,04/01/2005,04/01/2005
TOMORROWNOW INCORPORATED,INACTIVE,1716 BRIARCREST DR STE 600,"BRYAN, TX 77802",17429071586,00001,08/15/2005,08/15/2005
TOMORROWNOW INCORPORATED,INACTIVE,1716 BRIARCREST DR STE 600,"BRYAN, TX 77802",17429071586,00001,11/11/2005,11/11/2005
TOMORROWNOW INCORPORATED,INACTIVE,1716 BRIARCREST DR STE 600,"BRYAN, TX 77802",17429071586,00001,01/01/2006,02/28/2019
TOMS LEVI PANT SHOP,INACTIVE,800 VILLA MARIA,"BRYAN, TX 77802",17513601397,00002,08/30/1971,01/31/1979
TONI RUFFINO MINISTRIES,INACTIVE,2357 W BRIARGATE DR,"BRYAN, TX 77802",32008126529,00001,04/01/1995,12/25/2005
TONI THE ART AND CRYSTAL PEDDLER,ACTIVE,2411 DE LEE ST APT 3,"BRYAN, TX 77802",32078442582,00001,06/12/2021,
TONY CRUZ APPRASIAL SERVICE,INACTIVE,2800 WESSEX CT,"BRYAN, TX 77802",32007472825,00001,10/01/2003,12/31/2011
TONY CRUZ APPRASIAL SERVICE,INACTIVE,2800 WESSEX CT,"BRYAN, TX 77802",32007472825,00001,02/08/2001,09/30/2003
TONY JOE VARISCO,INACTIVE,2401 MEMORIAL DR,"BRYAN, TX 77802",32026219108,00002,10/01/1990,12/31/1995
TONY ROMA'S,INACTIVE,980 N EARL RUDDER FWY,"BRYAN, TX 77802",12735045770,00001,11/01/2010,12/13/2012
TOONTOWNE TATOOS,INACTIVE,3200 S TEXAS AVE,"BRYAN, TX 77802",12004336702,00003,02/21/2007,09/30/2017
TOOTER'S VAPE SHOP,INACTIVE,1818 S TEXAS AVE,"BRYAN, TX 77802",32052146100,00001,10/07/2013,06/30/2014
TOOTER'S VAPE SHOP,ACTIVE,3300 S TEXAS AVE,"BRYAN, TX 77802",32065969241,00001,05/19/2018,
TOOTERS VAPE SHOP,INACTIVE,3300 S TEXAS AVE,"BRYAN, TX 77802",32092858284,00003,02/16/2024,10/31/2024
TOP COAT,INACTIVE,3535 PLAINSMAN LN APT C45,"BRYAN, TX 77802",32011717967,00001,07/15/2003,01/31/2004
TOP DOLLAR PAWN,INACTIVE,1820 S TEXAS AVE,"BRYAN, TX 77802",17426913442,00026,08/01/2006,08/07/2013
TOP DOLLAR PAWN,INACTIVE,1820 S TEXAS AVE,"BRYAN, TX 77802",17425834029,00022,10/02/2000,07/31/2006
TOP DRAWER PANT CO INC,INACTIVE,3733 E 29TH ST,"BRYAN, TX 77802",30001451852,00005,08/01/1977,11/30/1980
"TOP TEXAS GOLD, LLC",INACTIVE,800 E VILLA MARIA RD,"BRYAN, TX 77802",32045595892,00001,01/05/2012,12/31/2014
TOP TO BOTTOM,INACTIVE,3702 OLD KURTEN RD,"BRYAN, TX 77802",32024265863,00001,10/01/1992,04/01/1994
TOPLINE VAULTING EQUIPMENT,INACTIVE,3132 E 29TH STREET APT# 36,"BRYAN, TX 77802",32032675749,00001,01/01/1993,12/31/1993
TOPS PRINTING INC,ACTIVE,2023 S TEXAS AVE,"BRYAN, TX 77802",17425544743,00002,10/01/1998,
TOPTECH,INACTIVE,724 MEADOW LANE,"BRYAN, TX 77802",32030184926,00001,12/04/1984,06/30/1985
TORTILLERIA MI TIERRA ON TEXAS AVE. LLC,ACTIVE,3600 S TEXAS AVE STE 400,"BRYAN, TX 77802",32087884329,00001,12/01/2023,
TOSCO,INACTIVE,2702 B WILD FLOWER,"BRYAN, TX 77802",17422251680,00001,04/15/1982,03/31/1983
TOTAL LAWN SERVICE,INACTIVE,2604 BRITON DR,"BRYAN, TX 77802",32007903837,00001,01/26/2001,05/31/2012
TOTAL TAN,INACTIVE,4001 E 29TH ST STE 109,"BRYAN, TX 77802",32010262890,00002,04/01/1998,12/31/2003
TOTAL TAN SALONS,INACTIVE,4001 E 29TH ST STE 109,"BRYAN, TX 77802",17429381035,00001,01/01/2004,11/30/2011
TOTALLY STYLES,INACTIVE,214 HIGHLAND,"BRYAN, TX 77802",32030121381,00001,05/10/1993,07/30/1996
TOUCH UP CLEANING SERVICE,INACTIVE,1701 LUZA LN,"BRYAN, TX 77802",32026830391,00001,01/01/1996,09/30/1997
TOWN & COUNTRY FORMALS,INACTIVE,3705-B EAST 29TH STREET,"BRYAN, TX 77802",17517315754,00002,05/12/1983,09/30/1987
TOWN CENTER FOOD MART,ACTIVE,3151 BRIARCREST DR,"BRYAN, TX 77802",32087593953,00001,01/01/2023,
TOWNSHIRE CHEVRON,INACTIVE,1900 S TEXAS AVE,"BRYAN, TX 77802",17429361540,00001,11/22/1999,08/31/2002
TR STAR,ACTIVE,801 DELLWOOD ST STE 150,"BRYAN, TX 77802",32064950457,00004,01/20/2018,
TR STAR,INACTIVE,3607 S TEXAS AVE,"BRYAN, TX 77802",32064950457,00002,10/02/2017,01/11/2018
TRADEMARK CHRYSLER DODGE JEEP,INACTIVE,301 N EARL RUDDER FWY,"BRYAN, TX 77802",12012811134,00001,08/01/2004,05/31/2006
TRADEMARK MATTRESS,INACTIVE,4415 S TEXAS AVE,"BRYAN, TX 77802",32020033174,00001,06/19/2006,10/09/2006
TRADITIONS,INACTIVE,1604 E 31ST ST,"BRYAN, TX 77802",32025889125,00001,07/01/2007,01/01/2008
TRADITIONS,INACTIVE,1604 E 31ST ST,"BRYAN, TX 77802",30115197326,00001,11/08/1991,06/30/2007
TRADITIONS BOOKSTORE #215,INACTIVE,1123 E VILLA MARIA RD,"BRYAN, TX 77802",14705498195,00053,11/26/2008,11/30/2010
TRADITIONS OIL & LUBE,INACTIVE,2205 HILLSIDE DR,"BRYAN, TX 77802",32007066841,00003,02/01/2006,12/31/2006
TRAHYLS & TRIBULATIONS,INACTIVE,814 LEE HOLLOW DR,"BRYAN, TX 77802",32051608746,00001,09/01/2013,12/01/2014
TRANS WORLD PIPE & SUPPLY,INACTIVE,1703 CARTER CREEK,"BRYAN, TX 77802",32012177765,00003,07/12/1983,12/25/1985
TRANS-AMERICA AUTOMATIC TRANSMISSION INC,INACTIVE,1215 TEXAS AVENUE,"BRYAN, TX 77802",30010884986,00001,04/01/1988,06/30/1989
TRAPANI'S LITTLE CAESARS INC,INACTIVE,1905 BRIARCREST DR STE 120,"BRYAN, TX 77802",17424601502,00003,01/01/1992,07/31/2000
TRAVELODGE,INACTIVE,2300 S TEXAS AVE,"BRYAN, TX 77802",19531249654,00010,03/01/2010,04/01/2010
TRAVELODGE BRYAN COLLEGE STATION,INACTIVE,2300 S TEXAS AVE,"BRYAN, TX 77802",12731940974,00001,08/04/2010,06/14/2012
TREASURE GARDENS,INACTIVE,1509 BURT ST,"BRYAN, TX 77802",32005936839,00001,12/01/2000,12/31/2002
TREASURE ISLAND,INACTIVE,MANOR EAST MALL,"BRYAN, TX 77802",32032403910,00005,04/01/1990,06/30/1992
TREASURES,INACTIVE,2301 BROADMOOR DR APT 241,"BRYAN, TX 77802",32012112861,00001,09/01/2003,12/25/2007
TREASURES BY DOTTIE,INACTIVE,1200 WILSON OAKS DR,"BRYAN, TX 77802",32007472833,00004,01/01/2000,12/31/2009
TREASURES BY DOTTIE,INACTIVE,3900 CARTER CREEK PKWY,"BRYAN, TX 77802",32007472833,00003,01/01/2000,12/25/1999
TREASURES BY DOTTIE,INACTIVE,3900 CARTER CREEK PKY,"BRYAN, TX 77802",32007472833,00002,11/16/1981,12/31/1999
TREASURES BY TRICIA,INACTIVE,3800 BARNSLEY CT,"BRYAN, TX 77802",32040569850,00001,11/01/2009,12/25/2012
TREE LC,INACTIVE,1010 EDGEWOOD DR,"BRYAN, TX 77802",32025231237,00002,01/02/2001,06/30/2001
TREED CUSTOMS,ACTIVE,4209 WOODCREST DR,"BRYAN, TX 77802",32047405876,00004,09/01/2017,
TREED CUSTOMS,ACTIVE,4209 WOODCREST DR,"BRYAN, TX 77802",32047405876,00003,09/14/2015,
TRENDEE JEWELRY DESIGNS,INACTIVE,2200 BRIAR OAKS DR,"BRYAN, TX 77802",32004211531,00001,02/01/2002,12/31/2002
TRENDY ALTERNATIVES,INACTIVE,2707 ARBOR DR,"BRYAN, TX 77802",32002270968,00001,03/16/2000,06/30/2000
TRENDY TOTS,INACTIVE,808 E VILLA MARIA RD,"BRYAN, TX 77802",32042568041,00001,09/03/2010,10/31/2011
TRENT WARWICK MARKETING SERVICES,INACTIVE,3903 GLENN OAKS DR,"BRYAN, TX 77802",32081454020,00001,10/16/2021,01/30/2022
TRI STATE SPORTING GOODS,INACTIVE,2023 S TEXAS AVENUE,"BRYAN, TX 77802",17421619960,00002,06/08/1983,04/30/1988
TRICIA'S,INACTIVE,3219 S TEXAS AVE,"BRYAN, TX 77802",32005286268,00002,11/15/1998,05/01/2000
TRIM-LINE OF SOUTH CENTRAL TEXAS,INACTIVE,1805-A BOONEVILLE RD,"BRYAN, TX 77802",32022972569,00001,10/01/1987,03/31/1988
TRINITY AUTO SALES,INACTIVE,2700A WILDFLOWER DR,"BRYAN, TX 77802",32008250097,00003,04/01/1998,03/31/2001
TRINITY UNIQUE HAIR & MORE,INACTIVE,2104 E WM J BRYAN PKWY,"BRYAN, TX 77802",32065624663,00001,01/16/2018,12/31/2018
TRIPLE BAR CANDLE COMPANY,INACTIVE,3820 PLAINSMAN LN,"BRYAN, TX 77802",32034815178,00002,01/01/2010,12/31/2012
TRIPLE H ELECTRONIC RECYCLERS,INACTIVE,5A WOODGLEN CIRCLE,"BRYAN, TX 77802",32004740976,00001,10/01/1990,12/31/1990
TRIPLE L CHIC BOUTIQUE,ACTIVE,5001 MAROON CREEK DR,"BRYAN, TX 77802",32062352854,00003,07/01/2024,
TRIPLE T ENTERPRISES,INACTIVE,2839 OAKSIDE DRIVE,"BRYAN, TX 77802",17603095351,00001,12/02/1991,09/23/1993
TRIPLE TREE FARM,INACTIVE,3115 CAMELOT,"BRYAN, TX 77802",32015378931,00002,01/18/1985,02/13/1985
TROPICAL FUSION,INACTIVE,3780 COPPERFIELD DR APT 1416,"BRYAN, TX 77802",32020021625,00001,02/26/2006,12/31/2009
TROPICAL ICE,INACTIVE,3111 S TEXAS AVE,"BRYAN, TX 77802",30116325256,00002,01/01/1995,12/31/1997
TROPICAL SNO,INACTIVE,3006 E 29TH ST,"BRYAN, TX 77802",32005149516,00003,05/10/1995,01/01/1997
TRU BY HILTON,INACTIVE,1933 AUSTINS COLONY PKWY,"BRYAN, TX 77802",32062141786,00001,08/29/2018,01/31/2023
TRU BY HILTON,ACTIVE,1933 AUSTINS COLONY PKWY,"BRYAN, TX 77802",32087393875,00001,12/08/2022,
TRU FIT ATHLETIC CLUBS,ACTIVE,3155 WILDFLOWER DR STE 1100,"BRYAN, TX 77802",32026319197,00029,10/01/2024,
TRUCKERS DIRECT SALES,INACTIVE,1564 BENNETT DR,"BRYAN, TX 77802",32023831731,00002,10/01/1986,03/31/1987
TRUE BREW COFFEE & DELI,INACTIVE,3000 BRIARCREST DR STE 103,"BRYAN, TX 77802",32014042561,00002,04/01/2004,04/30/2005
TRUE BREW COFFEE & DELI,INACTIVE,3809 VALLEY OAKS DR,"BRYAN, TX 77802",32014042561,00001,01/05/2004,03/31/2004
"TRUE LIGHT POOLS, LLC",INACTIVE,3600 OLD OAKS DR,"BRYAN, TX 77802",32058454284,00001,01/20/2016,07/31/2023
TRUE TEXAN PRESSURE CLEANING,INACTIVE,3705 ELLIOTT ST UNIT B,"BRYAN, TX 77802",32090428296,00001,06/15/2023,
TRUGREEN LP,INACTIVE,1709 E 29TH ST,"BRYAN, TX 77802",13637346696,00046,03/01/1998,01/01/2000
TRULY COUNTRY CRAFTS,INACTIVE,1602 A ELIZABETH,"BRYAN, TX 77802",32010375809,00002,10/01/1992,12/31/1992
TRULY TRISH,INACTIVE,4340 CARTER CREEK PKY STE 102,"BRYAN, TX 77802",32029183871,00003,01/01/1993,01/01/1995
TRULY TRISH,INACTIVE,4344 CARTER CREEK PKWY,"BRYAN, TX 77802",32028445313,00007,01/01/1999,05/30/2002
TRULY TRISH,INACTIVE,2609 BRITON RD,"BRYAN, TX 77802",32028445313,00006,10/21/1994,10/22/1994
TRULY TRISH,INACTIVE,4340 CARTER CREEK PARKWAY #102,"BRYAN, TX 77802",32028445313,00005,07/01/1992,10/01/1994
TRUMAN CHOCOLATES,ACTIVE,4407 S TEXAS AVE,"BRYAN, TX 77802",32022179835,00001,12/01/2006,
TRUTH BIKES,INACTIVE,4203 WINCHESTER DR,"BRYAN, TX 77802",32009395800,00004,07/23/2010,12/25/2014
TRW RECEIVABLES MANAGEMENT SERVICES INC,INACTIVE,3130 E 29TH ST SUITE A-155,"BRYAN, TX 77802",17522685936,00009,07/01/1989,09/30/1990
TUESDAY MORNING #536,INACTIVE,4001 E 29TH ST STE 80,"BRYAN, TX 77802",17514829948,00392,04/17/2001,09/30/2012
TUFF DOLLAR MOTORCYCLE DYNO SERVICE,ACTIVE,1304 ESTHER BLVD,"BRYAN, TX 77802",32079993336,00001,07/25/2021,
TURBO NOTES,INACTIVE,1716 BRIARCREST DR STE 701,"BRYAN, TX 77802",32027967473,00004,08/10/1993,09/30/1998
TUREK'S CERAMICS AND GIFTS,INACTIVE,1507 E 28TH ST,"BRYAN, TX 77802",30005948176,00001,11/01/1981,01/01/2002
TUREK'S COMPUTER DR / TWICE AROUND SALES,INACTIVE,1702 S TEXAS AVE # A,"BRYAN, TX 77802",32014429651,00002,07/01/2006,12/31/2006
TUREK'S COMPUTER DR/TWICE AROUND SALES,INACTIVE,1702A S TEXAS AVE,"BRYAN, TX 77802",12042137013,00001,01/01/2007,06/30/2013
TV SERVICE CENTER,INACTIVE,3602 E 29TH ST SUITE C,"BRYAN, TX 77802",32005132009,00006,04/01/1990,10/01/1992
TWELVE BCS,INACTIVE,3610B CHOCTAW ST,"BRYAN, TX 77802",32044581752,00002,08/04/2019,12/19/2019
TWIN CITY APPLIANCE CENTER INC,INACTIVE,3519 S TEXAS AVE,"BRYAN, TX 77802",30002654132,00002,10/01/1976,04/30/1984
TWIN CITY BATTERY,INACTIVE,3300 S TEXAS AVE,"BRYAN, TX 77802",32000925969,00001,09/07/1998,05/21/1999
TWIN CITY COFFEE SERVICE,INACTIVE,2702 E WILDFLOWER,"BRYAN, TX 77802",17521651327,00002,06/01/2000,02/28/2008
TWIN CITY COFFEE SERVICE,INACTIVE,4100 BROMPTON LN,"BRYAN, TX 77802",17521651327,00001,10/01/1991,05/31/2000
TWIN CITY COFFEE SERVICE INC,INACTIVE,2702 WILDFLOWER DR,"BRYAN, TX 77802",17426287003,00001,03/01/2008,07/01/2016
TWIN CITY FURNITURE,INACTIVE,3303 E 29TH ST,"BRYAN, TX 77802",17601880549,00007,12/01/2003,02/17/2005
TWIN CITY FURNITURE GALLERY,INACTIVE,3303 E 29TH ST,"BRYAN, TX 77802",17420289013,00006,11/01/1994,10/31/2003
TWIN CITY LAWN SERVICE,INACTIVE,5504 SOMERFORD LN,"BRYAN, TX 77802",32013518165,00001,08/14/1995,12/31/1996
TWIN CITY PHARMACY,INACTIVE,3400 S TEXAS AVE,"BRYAN, TX 77802",32029088369,00001,01/01/1985,04/30/1988
TWIN CITY PHARMANCY,INACTIVE,3400 S TEXAS AVE,"BRYAN, TX 77802",32029661785,00001,05/01/1988,04/10/1989
TWIN CITY PLUMBING LLC,ACTIVE,3602A CHOCTAW ST,"BRYAN, TX 77802",32053195502,00001,03/01/2014,
"TWIN CITY PROPERTIES MANAGEMENT, INC.",INACTIVE,4103 S TEXAS AVE STE 1000,"BRYAN, TX 77802",30116910545,00002,04/01/2017,04/01/2017
"TWIN CITY PROPERTIES MANAGEMENT, INC.",INACTIVE,4103 S TEXAS AVE STE 1000,"BRYAN, TX 77802",30116910545,00002,01/01/2018,01/01/2018
"TWIN CITY PROPERTIES MANAGEMENT, INC.",INACTIVE,4103 S TEXAS AVE STE 1000,"BRYAN, TX 77802",30116910545,00002,06/01/2018,06/01/2018
"TWIN CITY PROPERTIES MANAGEMENT, INC.",INACTIVE,4103 S TEXAS AVE STE 1000,"BRYAN, TX 77802",30116910545,00002,09/01/2018,09/01/2018
TWIN PEAKS,ACTIVE,768 N EARL RUDDER FWY,"BRYAN, TX 77802",32072666731,00001,05/01/2020,
TWISTED OAKS LANDSCAPE LIGHTING & LAWN CARE,INACTIVE,3521 CARTER CREEK PKWY,"BRYAN, TX 77802",32034753411,00001,02/21/2008,06/30/2008
TWISTED 3 FABRICATION,ACTIVE,3612 RAVENWOOD DR,"BRYAN, TX 77802",32089883972,00001,05/21/2023,
TWO CHICKS AND A FLAME,ACTIVE,4710 HUNINGTON DR,"BRYAN, TX 77802",32097136421,00001,09/12/2023,
TWO COUNTY CORP,INACTIVE,2907 RUSTLING OAKS DR,"BRYAN, TX 77802",17420023917,00002,01/01/2001,12/31/2004
TWO COUNTY CORP,INACTIVE,1816 GREENFIELD PLZ,"BRYAN, TX 77802",17420023917,00001,10/15/1999,12/31/2000
TWO DOVES,INACTIVE,4327 MEADOWBROOK,"BRYAN, TX 77802",32032297619,00001,04/11/1992,04/11/1992
TWO TREES CAFE,INACTIVE,1921 S TEXAS AVE # A,"BRYAN, TX 77802",32028591835,00001,01/20/1995,06/27/1997
TXB 72,ACTIVE,2104 E WM J BRYAN PKWY,"BRYAN, TX 77802",17526370600,00081,04/01/2024,
TXB 73,ACTIVE,3071 UNIVERSITY DR E,"BRYAN, TX 77802",17526370600,00079,07/01/2023,
TXD TECHNOLOGY,INACTIVE,3805 OAK RIDGE DR,"BRYAN, TX 77802",32029412304,00002,01/01/1995,12/25/1999
TYLER AND ASSOCIATES,INACTIVE,1214 BARAK,"BRYAN, TX 77802",32028010778,00001,01/02/1994,12/31/1996
TYPEWORKS,INACTIVE,2905 BURNING TREE,"BRYAN, TX 77802",32031332748,00001,01/01/1996,03/31/1997
U N I NEWS,INACTIVE,1737 BRIARCREST DR SUITE 16,"BRYAN, TX 77802",32013913770,00005,12/03/1991,03/31/1992
U RENT M,INACTIVE,1904 S TEXAS AVE,"BRYAN, TX 77802",17418076166,00001,12/01/1974,12/31/1995
U S FIREARMS,INACTIVE,2412 LONG DR UNIT A,"BRYAN, TX 77802",32025868988,00001,04/01/1996,03/18/1997
U.S. DERMATOLOGY PARTNERS OF BRYAN - DR. JONES,INACTIVE,1707 BROADMOOR DR,"BRYAN, TX 77802",32048610771,00053,10/01/2017,06/30/2024
U-NIQUE PARTY PLANNERS INC,INACTIVE,2908 RIVER OAKS CIR,"BRYAN, TX 77802",12037958910,00001,02/06/2006,12/25/2007
U-TOTE-M #832,INACTIVE,2613 EAST 29TH ST,"BRYAN, TX 77802",17413287750,00091,01/01/1973,12/31/1978
U-TOTE-M OF AUSTIN INC #814,INACTIVE,3900 EAST 29TH,"BRYAN, TX 77802",17413287750,00047,06/24/1968,12/31/1978
UBS FINANCIAL SERVICES INC,ACTIVE,3000 BRIARCREST DR STE 7402,"BRYAN, TX 77802",11326381669,00031,01/01/1991,
ULTIMATE PERFORMANCE PLUS,INACTIVE,4016 GREEN VALLEY DR,"BRYAN, TX 77802",32012501550,00001,10/08/2003,03/15/2005
ULTIMUTT SPAW DAY LLC,INACTIVE,3141 BRIARCREST DR STE 526,"BRYAN, TX 77802",32079356013,00001,06/15/2021,12/31/2022
ULTRA-TECH CNC PRODUCTS,INACTIVE,2511 ARBOR DR,"BRYAN, TX 77802",32024830757,00002,04/01/2008,12/31/2008
UN-COMMON,INACTIVE,3219 S TEXAS AVENUE,"BRYAN, TX 77802",32020799311,00001,12/01/1983,05/03/1985
UNDER THE SUN,INACTIVE,2378 BRIARGATE,"BRYAN, TX 77802",17601414059,00001,04/26/1985,12/31/1985
UNICEF CARDS,INACTIVE,3007 GLENEAGLES,"BRYAN, TX 77802",32022772795,00001,10/17/1991,01/01/1993
UNICON RESEARCH CORPORATION,INACTIVE,1716 BRIARCREST DR STE 700,"BRYAN, TX 77802",19534221189,00003,01/01/2005,09/30/2016
UNIFIRST HOLDINGS INC,INACTIVE,2704C WILDFLOWER DR,"BRYAN, TX 77802",17428619518,00004,07/01/2007,09/30/2007
UNIFIRST HOLDINGS LP,INACTIVE,1300 E 29TH ST,"BRYAN, TX 77802",39000109635,00021,01/01/1998,06/30/2007
UNIQUE,INACTIVE,2018 S TEXAS AVE,"BRYAN, TX 77802",32008842265,00003,07/01/1994,08/31/1994
UNIQUE CAR SALES INC,INACTIVE,2112 E WILLIAM J BRYAN PKWY,"BRYAN, TX 77802",32018179617,00001,11/01/2005,02/28/2006
UNIQUE CREATIONS,INACTIVE,4608 KENSINGTON RD,"BRYAN, TX 77802",32008315908,00004,01/01/2003,12/31/2004
UNIQUE DESIGNS,INACTIVE,1857 BRIARCREST DR,"BRYAN, TX 77802",32031443230,00001,09/25/1995,01/01/1998
UNIQUE IDEAS,INACTIVE,3312 OAK HOLLOW DR,"BRYAN, TX 77802",32032252796,00002,10/01/1997,03/01/2001
UNIQUE LANDSCAPES LLC,INACTIVE,4208 CHEYENNE CIR,"BRYAN, TX 77802",32039954204,00001,01/01/2010,08/31/2016
UNIQUE WIG PALACE,INACTIVE,2008 S TEXAS AVE,"BRYAN, TX 77802",32026987720,00001,04/01/1982,11/15/1992
"UNIQUELY SET EVENT MANAGEMENT, LLC",INACTIVE,108 S BREWER DR,"BRYAN, TX 77802",32057748553,00001,09/01/2015,12/31/2015
UNIQUELY SHARON,INACTIVE,2003 QUAIL HOLLOW DR,"BRYAN, TX 77802",32008388160,00003,11/02/2005,12/25/2006
UNIQUELY YOU,INACTIVE,3800 E 29TH ST APT 4,"BRYAN, TX 77802",32011201061,00001,03/28/1996,12/25/1999
UNITED COUNTRY COLEMAN & PATTERSON,INACTIVE,1009 N EARL RUDDER FWY,"BRYAN, TX 77802",32034168594,00001,04/01/2011,03/30/2023
UNITED DISTRIBUTING,INACTIVE,HWY 21 E 13 MI S/S,"BRYAN, TX 77802",32009285605,00001,08/09/1991,12/31/1992
UNITED FILTRATION SYSTEMS,INACTIVE,4112 KENWOOD DR,"BRYAN, TX 77802",32007183166,00001,10/10/1990,04/01/1991
UNITED HOME IMPOROVEMENT INC,ACTIVE,3211 S TEXAS AVE,"BRYAN, TX 77802",17423789720,00002,10/01/2005,
"UNITED PARCEL SERVICE, INC.",ACTIVE,1069 N EARL RUDDER FWY,"BRYAN, TX 77802",13624073816,00177,07/01/2020,
UNITED ROOFING & SHEETMETAL,ACTIVE,3211 S TEXAS AVE,"BRYAN, TX 77802",17425068818,00003,04/01/1991,
UNITED SOLUTIONS,INACTIVE,1850 GREENFIELD PLZ,"BRYAN, TX 77802",17429019866,00001,01/01/1999,05/31/2002
UNITED STATES FIRE INS CO,INACTIVE,4103 S TEXAS AVENUE,"BRYAN, TX 77802",17510434248,00010,01/01/1980,12/31/1985
UNITED TAX SERVICE-JESS WITT,INACTIVE,109 N BREWER DR,"BRYAN, TX 77802",32006630225,00001,01/01/1992,12/31/2002
UNIVERSAL CABLE SYSTEMS INC,INACTIVE,2106 KAZMEIER PLAZA,"BRYAN, TX 77802",17423555683,00002,10/01/1986,01/01/1990
UNIVERSAL HUB LLC,ACTIVE,4207 CARTER CREEK PKWY,"BRYAN, TX 77802",32088323541,00001,12/01/2024,
UNIVERSAL WORLD OF PRODUCTS,INACTIVE,1525 E 29TH APT 801,"BRYAN, TX 77802",32025214480,00001,08/04/1986,08/04/1986
UNIVERSITY COPY CENTER,INACTIVE,2423 BLINN BLVD,"BRYAN, TX 77802",32023124608,00001,01/02/2007,08/01/2021
UNIVERSITY COPY CENTER,INACTIVE,2423 BLINN BLVD,"BRYAN, TX 77802",13645137848,00002,01/02/2003,12/31/2006
UNIVERSITY COPY CENTER INC,INACTIVE,BLINN COLLEGE #110 2423 BLINN ROAD,"BRYAN, TX 77802",17428677771,00010,05/01/2001,03/31/2003
UNIVERSITY COPY CENTER-BLINN COLLEGE,INACTIVE,BLINN COLLEGE #110 2520 E VILLA MARIA,"NORMANGEE, TX 77802",17428677771,00001,04/01/1998,04/30/2001
UNIVERSITY COPY CENTER-BLINN COLLEGE,INACTIVE,2520 E VILLA MARIA RD RM 110,"BRYAN, TX 77802",17420568689,00041,01/01/1997,03/31/1998
UNIVERSITY HILL #1371,INACTIVE,2001 E 29TH ST,"BRYAN, TX 77802",19537442568,00149,06/30/1982,06/30/1997
UNIVERSITY INN,INACTIVE,2300 S TEXAS AVE,"BRYAN, TX 77802",17428194116,00002,10/01/2015,12/31/2016
UNIVERSITY INN COLLEGE STATION,INACTIVE,2300 S TEXAS AVE,"BRYAN, TX 77802",12731940974,00002,10/01/2013,10/14/2014
UNIVERSITY LANDSCAPE COMPANY LLC,INACTIVE,3928 PARK HURST,"BRYAN, TX 77802",32033965255,00002,01/01/2008,12/29/2014
UNIVERSITY STYLE SHOP,INACTIVE,3527 S TEXAS AVE,"BRYAN, TX 77802",32008254206,00002,02/23/2007,12/25/2008
UNIVERSITY STYLE SHOP,INACTIVE,3527 S TEXAS AVE,"BRYAN, TX 77802",32012172998,00002,01/02/2004,12/31/2006
UNIVERSITY TOYOTA,INACTIVE,2535 S STATE HIGHWAY 6,"BRYAN, TX 77802",17425390832,00003,06/01/1997,02/28/1999
UNIVERSITY TOYOTA,INACTIVE,1400 S TEXAS AVE,"BRYAN, TX 77802",17425390832,00002,07/01/1992,05/31/1997
UNSCALE-RESALE,INACTIVE,4403 S TEXAS AVE,"BRYAN, TX 77802",32010586017,00002,04/01/2001,06/30/2002
UPGRADEPLANET,ACTIVE,2411 QUAIL HOLLOW DR,"BRYAN, TX 77802",32010884834,00002,10/30/2021,
UPSCALE RESALE,INACTIVE,3616 E 29TH ST,"BRYAN, TX 77802",32010586017,00001,10/12/1995,03/31/2001
UPSCALE RESALE,INACTIVE,3616 E 29TH ST,"BRYAN, TX 77802",32027962938,00001,01/05/1994,10/11/1995
URBAN AIR,INACTIVE,1758 BRIARCREST DR,"BRYAN, TX 77802",32060971481,00001,05/01/2017,12/31/2024
URBAN AIR ADVENTURE PARK,ACTIVE,1758 BRIARCREST DR,"BRYAN, TX 77802",11129638893,00034,01/15/2023,
USA CASH EXPRESS,INACTIVE,2904 BEXAR GRASS DR,"BRYAN, TX 77802",32060788232,00001,08/01/2016,06/03/2019
USA REVITALIFE LLC,INACTIVE,4050 EASTCHESTER DR APT 722,"BRYAN, TX 77802",32064630372,00002,03/21/2018,09/25/2022
UTOPIA DESIGNS,INACTIVE,608 B CACHE COVE,"BRYAN, TX 77802",32007065140,00001,01/01/1985,12/31/1998
UTOTEM OF AUSTIN INC STORE #803,INACTIVE,812 VILLA MARIA RD,"BRYAN, TX 77802",17413287750,00026,10/01/1965,06/30/1975
V I P RECORDING STUDIO,INACTIVE,2014 S TEXAS AVE,"BRYAN, TX 77802",17606979023,00001,01/02/2003,06/30/2004
VAIL'S ANTIQUES,INACTIVE,2402 MORRIS LN,"BRYAN, TX 77802",32021220093,00002,03/28/1994,12/31/1994
VAL'S SPECIALTY PRODUCTS,INACTIVE,701 E VILLA MARIA SUITE #5,"BRYAN, TX 77802",32028121575,00002,07/01/1991,01/15/1992
VALENTINA V WOERZ,INACTIVE,2300 BROADMOOR DR APT 36,"BRYAN, TX 77802",32018897341,00001,01/01/2006,04/14/2008
VALERIE ALBARADO,INACTIVE,4748 TIFFANY PARK CIR,"BRYAN, TX 77802",32084104903,00001,05/01/2022,12/31/2023
VALLEY CHIC APPAREL ART,INACTIVE,2103 VINEWOOD DR,"BRYAN, TX 77802",32021882157,00002,09/01/1993,03/15/1996
VALLEY CHIC APPAREL ART,INACTIVE,1900 WAYSIDE DR,"BRYAN, TX 77802",32021882157,00001,04/01/1993,08/31/1993
VALLEY COMMERCIAL CONTRACTORS,INACTIVE,1702D S TEXAS AVE,"BRYAN, TX 77802",32030716388,00001,02/01/1998,03/31/1998
VALLEY COMMERCIAL CONTRACTORS INC,INACTIVE,1702D S TEXAS AVE,"BRYAN, TX 77802",17428836195,00001,01/01/1998,12/31/2002
VALLEY LOCKSMITH,INACTIVE,3606 OAK HILL DR,"BRYAN, TX 77802",32009049977,00002,01/01/2010,12/31/2018
VALLEY MAINTENANCE SERVICE,INACTIVE,2506 BRIARWOOD CIRCLE,"BRYAN, TX 77802",30115197854,00001,04/01/1992,12/31/1992
VALUE PLACE BRYAN,INACTIVE,620 N EARL RUDDER FWY,"BRYAN, TX 77802",32045055913,00001,06/01/2013,08/31/2022
VALVE TEC,INACTIVE,4002 WINDOWMERE,"BRYAN, TX 77802",17423393390,00002,01/01/1989,10/01/1993
VAN K GOERGER,INACTIVE,4709 KENSINGTON RD,"BRYAN, TX 77802",32021742013,00001,02/04/1999,03/31/2001
VAN VELZOR ENGINEERING,INACTIVE,3617 A ELLIOTT CIRCLE,"BRYAN, TX 77802",32030424397,00003,01/01/1985,12/25/1985
"VANCE EXCAVATION, LLC",INACTIVE,3780 COPPERFIELD DR APT 537,"BRYAN, TX 77802",32041389985,00001,07/01/2011,12/31/2012
VANGUARD ENHANCED CONCRETE LLC,ACTIVE,3805 WOODMERE DR,"BRYAN, TX 77802",32039855260,00001,01/01/2010,
VAPE CITY 48,ACTIVE,3600 S TEXAS AVE STE 100,"BRYAN, TX 77802",32060957407,00063,07/01/2021,
VAPOR MAVEN,ACTIVE,4411 S TEXAS AVE,"BRYAN, TX 77802",32071276847,00031,06/01/2021,
VAPOR PURSUIT,INACTIVE,3700 S TEXAS AVE STE 400,"BRYAN, TX 77802",32056304739,00004,05/08/2018,07/31/2024
"VAPOR PURSUIT, LLC",INACTIVE,3700 UNIVERSITY DR E,"BRYAN, TX 77802",32056304739,00002,01/25/2016,05/07/2018
VARISCO LUMBER CO,INACTIVE,3815 S TEXAS AVE,"BRYAN, TX 77802",17418517763,00001,12/01/1975,04/01/1993
VARISTE MATTRESS LLC,ACTIVE,1859 BRIARCREST DR,"BRYAN, TX 77802",32096050649,00001,10/01/2024,
VAUGHN & ASSSOCIATES,INACTIVE,1011 EDGEWOOD,"BRYAN, TX 77802",32027300238,00001,05/22/1992,04/01/1994
VAVCO,INACTIVE,2908 CHAPPARAL CIR,"BRYAN, TX 77802",30011239149,00001,07/01/1988,12/31/2007
VENUS ORGANIC COMPANY,INACTIVE,6202 TRELLICK CT,"BRYAN, TX 77802",17430179881,00001,11/15/2001,01/31/2015
VENUTI CUSTOM DESIGNS,INACTIVE,3902 E 29TH ST APT A17,"BRYAN, TX 77802",32038898832,00001,03/01/2009,12/31/2011
VEP'S,INACTIVE,3902 E 29TH ST APT C6,"BRYAN, TX 77802",32042868896,00001,12/01/2010,03/31/2011
VERA K MARTIN,INACTIVE,3108 BROADMOOR DR,"BRYAN, TX 77802",32025768998,00002,04/06/1994,12/31/1995
VERA'S HAIR DESIGNS,INACTIVE,1800 GREENFIELD PLAZA,"BRYAN, TX 77802",32021648483,00001,06/01/1985,12/25/1986
VERABANK,INACTIVE,4282 BOONVILLE RD,"BRYAN, TX 77802",17501878353,00056,01/01/2020,08/01/2022
VERDAD VENTURES LLC,INACTIVE,719 LAZY LN,"BRYAN, TX 77802",12030876283,00001,01/23/2008,06/30/2011
VERNON GREIF ANTIQUE REPRODUCTION FURNITURE,INACTIVE,4107 GREEN VALLEY,"BRYAN, TX 77802",32022539202,00001,03/25/1993,06/30/1993
VERSACARRY,ACTIVE,1003 N EARL RUDDER FWY,"BRYAN, TX 77802",32044138306,00002,07/01/2019,
"VERSACARRY PRO SHOP, LLC",ACTIVE,1003 N EARL RUDDER FWY,"BRYAN, TX 77802",32080654687,00001,03/01/2022,
VERTICAL HORIZON WIRELESS,INACTIVE,4305 APACHE CT,"BRYAN, TX 77802",32016951819,00001,03/21/2005,03/31/2005
VETERINARY TEAM ASSOCIATION OF TEXAS,ACTIVE,801 DELLWOOD ST STE 100 C/O PMB 142,"BRYAN, TX 77802",17420017315,00008,01/01/2019,
VICK'S DRUG MART,INACTIVE,MANOR E SHPG CTR VILLA MARIA RD,"BRYAN, TX 77802",17416666257,00001,08/01/1970,02/15/1972
VICKS FURNITURE,INACTIVE,1302 SKRIVANEK,"BRYAN, TX 77802",17415416589,00003,10/01/1980,12/25/1985
VICKYS PINATA,INACTIVE,1402 S TEXAS AVE,"BRYAN, TX 77802",32072078374,00003,02/01/2023,07/01/2025
VICTOR'S II JUST BOOTS,INACTIVE,3601 S TEXAS AVE,"BRYAN, TX 77802",17417419383,00001,01/01/1983,05/15/2017
VICTORIA LACY DESIGNS,INACTIVE,708 CHEVY CHASE,"BRYAN, TX 77802",32009082622,00002,01/01/2003,12/31/2004
VICTORIA'S ALTERATIONS,INACTIVE,3132 E 29TH ST APT 7,"BRYAN, TX 77802",32006713393,00005,03/01/2010,03/31/2010
VICTORIAN DESIGNS,INACTIVE,4236 FM 158,"BRYAN, TX 77802",32030249513,00001,06/05/1996,12/25/2000
VICTORIAN FLOWERS,INACTIVE,4236 FM 158,"BRYAN, TX 77802",32006248416,00001,04/15/1998,06/30/1998
VICTORIAN FLOWERS,INACTIVE,4301 FM 158,"BRYAN, TX 77802",32006248416,00002,08/25/1998,11/30/2001
VICTORIAN LANDSCAPES,INACTIVE,22 RAVEN DR,"BRYAN, TX 77802",32006822251,00001,05/15/1989,06/30/1995
VICTORIAN LANDSCAPES,INACTIVE,4236 FM 158,"BRYAN, TX 77802",30116412708,00001,07/05/1995,06/01/1997
VICTORIAN LANDSCAPES GARDENS & GIFTS,INACTIVE,4236 S FM 158,"BRYAN, TX 77802",32005319952,00002,06/05/1998,09/04/2001
"VICTORIAN LANDSCAPES, GARDENS & GIFTS",INACTIVE,4236 FM 158,"BRYAN, TX 77802",32006822251,00002,05/01/1995,01/15/1998
VIDEO KING,INACTIVE,3729 E 29TH,"BRYAN, TX 77802",17600986362,00002,02/20/1985,11/30/1987
VIDEO REX,INACTIVE,2523 WILLOW BEND DR,"BRYAN, TX 77802",32007045241,00002,08/13/1993,10/31/2003
VIDEO SYSTEMS PLUS,INACTIVE,3708 E 29TH ST,"BRYAN, TX 77802",12600301720,00001,03/11/2002,01/01/2007
VIKING THEATER BOOSTER CLUB,ACTIVE,3450 CAMPUS DR,"BRYAN, TX 77802",32065481445,00001,11/20/2017,
VILAS MOTOR WORKS,INACTIVE,2007 VINEWOOD DRIVE,"BRYAN, TX 77802",32024174545,00001,11/19/1980,06/30/1982
VILLA MARIA,ACTIVE,724 E VILLA MARIA RD STE 100,"BRYAN, TX 77802",32042345515,00013,07/01/2019,
VILLA MARIA AUTO SUPPLY,INACTIVE,1136 VILLA MARIA RD,"BRYAN, TX 77802",17423255474,00001,09/15/1984,09/30/1986
VILLA MARIA CHEVRON SERV STA,INACTIVE,2305 E VILLA MARIA RD,"BRYAN, TX 77802",17414017917,00007,07/01/1976,07/31/2008
VILLA MARIA CLEANERS,ACTIVE,710 E VILLA MARIA RD,"BRYAN, TX 77802",17531124125,00001,05/30/2003,
VILLA MARIA DONUTS,INACTIVE,808 E VILLA MARIA RD,"BRYAN, TX 77802",32045232157,00001,10/15/2011,02/10/2012
VILLA MARIA ONE HOUR DRY CLEANERS,INACTIVE,710 E VILLA MARIA RD,"BRYAN, TX 77802",17416078537,00001,10/02/1984,05/30/2003
VILLA MARIA PAWN,INACTIVE,724 VILLA MARIA RD,"BRYAN, TX 77802",17600690980,00001,07/19/1986,03/01/1992
VILLA MARIA SERVICE STATION INC,INACTIVE,2305 E VILLA MARIA RD,"BRYAN, TX 77802",32000592058,00001,08/01/2008,01/01/2014
VILLA MARIA SHELL #105,INACTIVE,VILLA MARIA AT BRIARCREST,"BRYAN, TX 77802",17422221832,00004,03/01/1982,09/30/1987
VILLA MARIA 1-HR DRY CLEANERS INC,INACTIVE,5600 CHELSEA CIR,"BRYAN, TX 77802",17416078537,00002,06/01/2003,06/27/2003
VILLA MARIE TEXACO,INACTIVE,1101 VILLA MARIA,"BRYAN, TX 77802",32031423323,00002,04/18/1977,06/30/1980
VILLAGE CASUALS,INACTIVE,741 VILLA MARIA RD,"BRYAN, TX 77802",17414914535,00012,07/01/1974,09/01/1980
VILLAGE FOODS,INACTIVE,1760 BRIARCREST DR,"BRYAN, TX 77802",32037290684,00001,10/05/2008,02/06/2016
"VILLAGE FOODS, LTD.",ACTIVE,3030 E 29TH ST STE 100,"BRYAN, TX 77802",32037290684,00002,02/01/2016,
VINTAGE FURNISHINGS,INACTIVE,1128 E VILLA MARIA,"BRYAN, TX 77802",32031286209,00002,11/30/1992,12/25/1993
VINTAGE KURTEN,ACTIVE,733 EAGLE PASS ST,"BRYAN, TX 77802",32009904916,00002,10/01/2014,
VINTAJ,ACTIVE,1108 SKRIVANEK DR,"BRYAN, TX 77802",32006656089,00012,04/01/2024,
VINYL CONNECTION,INACTIVE,811 S GORDON ST,"BRYAN, TX 77802",17608408377,00001,10/01/2006,02/28/2013
VINYL CONNECTION,INACTIVE,811 S GORDON ST,"BRYAN, TX 77802",32013966133,00001,01/01/2004,09/30/2006
VINYL WORX,INACTIVE,2011 ELMWOOD DR,"BRYAN, TX 77802",32040137096,00001,09/01/2009,06/30/2011
VIOLET PICKLES,INACTIVE,3780 COPPERFIELD DR APT 114,"BRYAN, TX 77802",32007486205,00005,01/01/2002,12/31/2004
VIP BRIDAL,INACTIVE,1859 BRIARCREST DR,"BRYAN, TX 77802",32016724638,00004,12/01/2011,12/31/2020
VIRTUAL STITCHES,INACTIVE,3535 PLAINSMAN LN APT C37,"BRYAN, TX 77802",32018491962,00001,11/03/2005,12/25/2014
VIRTUALLY YOURS,INACTIVE,1120 TERRACE DR,"BRYAN, TX 77802",32028791260,00001,03/01/1999,05/30/2000
VISUAL ART SOCIETY OF BRYAN-COLLEGE STATION,ACTIVE,930 N ROSEMARY DR,"BRYAN, TX 77802",30002424221,00002,01/01/2022,
VISUAL MEDIA ADVERTISING,INACTIVE,734 MEADOW LN APT C,"BRYAN, TX 77802",32039812790,00001,07/01/2009,06/30/2010
VISUAL VAPORS,INACTIVE,3001 WILDFLOWER DR STE 211,"BRYAN, TX 77802",32054354249,00001,11/17/2014,06/30/2016
VITA NOVA LASER DESIGN,INACTIVE,307 EMMETT ST,"BRYAN, TX 77802",32078580480,00001,05/01/2021,06/30/2023
VITA NOVA LASER DESIGN,ACTIVE,2515 TOWERING OAKS DR,"BRYAN, TX 77802",32078580480,00002,07/01/2023,
VITA REGISTER,INACTIVE,2903 VILLA MARIA DR,"BRYAN, TX 77802",32026907454,00001,01/13/1999,07/15/2001
VOGUE HAIR SALON,INACTIVE,1867 BRIARCREST DR,"BRYAN, TX 77802",32009122535,00001,01/01/1994,07/01/2009
VOGUE HAIRSTYLING SALON,INACTIVE,4014 STILLMEADOW,"BRYAN, TX 77802",30003313993,00001,10/24/1977,09/30/1979
VOGUE HAIRSTYLING SALON,INACTIVE,3601 E 29TH ST,"BRYAN, TX 77802",30003313993,00002,10/01/1979,12/31/1993
VOICE MAIL TECHNOLOGIES,INACTIVE,3902 E 29TH ST APT F14,"BRYAN, TX 77802",32031151619,00001,09/01/1995,04/30/1996
VOLTIN LAWN MAINTENANCE,ACTIVE,4728 TIFFANY PARK CIR,"BRYAN, TX 77802",32006962578,00002,01/01/1998,
VOLTIN LAWN MAINTENANCE,INACTIVE,4500 KIRKWOOD DR,"BRYAN, TX 77802",32006962578,00001,07/29/1987,12/23/1997
VONCILLE CASSADY,INACTIVE,2204 LAZY OAKS LN,"BRYAN, TX 77802",32028267691,00001,07/01/1992,12/31/1998
VOR-TEX INDUSTRIES,INACTIVE,2310 CAVITT,"BRYAN, TX 77802",32008635354,00004,12/01/1988,07/01/1994
VPI COMMUNICATIONS INC,INACTIVE,3131 E 29TH ST BLDG F,"BRYAN, TX 77802",17419955053,00006,01/01/1993,06/30/1994
VPI COMMUNICATIONS INC,INACTIVE,2402 BROADMOOR SUITE 101-A,"BRYAN, TX 77802",17419955053,00002,10/01/1987,12/31/1992
VQ WARBIRDS,INACTIVE,4603 PARK RDG,"BRYAN, TX 77802",32009038194,00004,01/01/2015,12/31/2020
VQ WARBIRDS,INACTIVE,4325 BROMPTON LN,"BRYAN, TX 77802",32009038194,00003,04/10/2006,12/31/2014
W & W AUTO & ENGINE REBUILDING SERVICE,INACTIVE,11731 WOODGLEN CIRCLE,"BRYAN, TX 77802",32028010729,00002,01/05/1993,08/31/1993
W & W LAWNSCAPES,INACTIVE,4005 KNIGHTSBRIDGE LN,"BRYAN, TX 77802",32000943905,00001,09/09/1998,12/31/1999
W & W LAWNSCAPES,INACTIVE,4005 KNIGHTSBRIDGE LN,"BRYAN, TX 77802",32030389830,00001,01/01/2000,06/30/2001
W G & CO BAR-B-QUE CATERING,INACTIVE,2712 CAMELOT,"BRYAN, TX 77802",32026545312,00004,01/01/1978,06/30/1978
"W G ""BILL"" GOUGH MOTOR CO",INACTIVE,1710 TEXAS AVENUE,"BRYAN, TX 77802",30010873997,00001,03/07/1988,12/31/1988
W GINN BLACK,INACTIVE,4723 WILLIAMSBURG,"BRYAN, TX 77802",32029527960,00001,07/10/1990,03/31/1991
W M KLUNKERT INC,INACTIVE,1722 BROADMOOR DR STE 222,"BRYAN, TX 77802",17424733776,00001,01/01/1988,10/31/1999
W O T MOTORSPORTS,INACTIVE,3803 WOODMERE DR,"BRYAN, TX 77802",32002735416,00001,08/15/2000,03/15/2001
W T C CONSTRUCTION,INACTIVE,1713 BROADMOOR DR STE 400,"BRYAN, TX 77802",32031181863,00001,10/01/1991,04/15/1997
"W.M. KLUNKERT, INC.",INACTIVE,1722 BROADMOOR DR STE 222,"BRYAN, TX 77802",32020515782,00002,04/15/2013,06/30/2017
WACKED OUT JEWELRY,INACTIVE,2432B PECAN RIDGE DR,"BRYAN, TX 77802",32041696116,00001,04/21/2010,06/30/2012
WADE ENTERPRISES,INACTIVE,3404 SPRING LANE,"BRYAN, TX 77802",32026862857,00001,04/29/1981,12/31/1983
WADE SUPPLY,INACTIVE,1305 E 31ST ST,"BRYAN, TX 77802",32010147711,00002,10/01/1992,11/30/1998
WADE SUPPLY,INACTIVE,1212 GARDEN LANE,"BRYAN, TX 77802",32010147711,00001,12/03/1990,09/30/1992
WAGGONER ENTERPRISES,INACTIVE,1107 LAMAR DR,"BRYAN, TX 77802",32008643093,00001,01/25/2001,12/31/2002
WAGNER HARDWOOD FLOORING,INACTIVE,901 KASSERMAN ST,"BRYAN, TX 77802",32009301535,00001,10/01/1996,12/25/2005
WAL-MART #322,INACTIVE,3113 S TEXAS AVENUE,"BRYAN, TX 77802",17104151885,00077,06/29/1982,09/30/1993
WAL-MART #4126,INACTIVE,1901 S TEXAS AVE,"BRYAN, TX 77802",17430193866,00415,09/01/2012,03/01/2016
WAL-MART SUPERCENTER #322,ACTIVE,2200 BRIARCREST DR,"BRYAN, TX 77802",17430193866,00045,07/01/2007,
WAL-MART SUPERCENTER #322,INACTIVE,2200 BRIARCREST DR,"BRYAN, TX 77802",17104151885,00492,10/01/1993,07/31/1997
WAL-MART SUPERCENTER #322,INACTIVE,2200 BRIARCREST DRIVE,"BRYAN, TX 77802",32033498752,00045,12/01/2001,06/30/2007
WAL-MART SUPERCENTER #322,INACTIVE,2200 BRIARCREST DR,"BRYAN, TX 77802",17107944161,00175,06/01/2000,02/01/2002
WAL-MART SUPERCENTER #322,INACTIVE,2200 BRIARCREST DR,"BRYAN, TX 77802",30118991428,00189,02/01/1997,05/30/2000
WALDEN BOOKS #1039,INACTIVE,MANOR EAST S/C,"BRYAN, TX 77802",30119159066,00058,06/16/1980,04/30/1985
WALDEN RETIREMENT COMMUNITY,INACTIVE,2410 MEMORIAL DRIVE,"BRYAN, TX 77802",17419311026,00016,09/01/1987,04/30/1992
WALDENBROOKE ESTATES,INACTIVE,2410 MEMORIAL DR,"BRYAN, TX 77802",32051481870,00001,03/31/2015,03/31/2015
WALGREENS # 06145,ACTIVE,3312 E 29TH ST,"BRYAN, TX 77802",13619240255,00564,02/16/2001,
WALGREENS #09574,ACTIVE,610 E VILLA MARIA RD,"BRYAN, TX 77802",13619240255,00790,11/01/2005,
WALKE THIS WAY MEDICAL BOUTIQUE,INACTIVE,3731 E 29TH ST,"BRYAN, TX 77802",32017073100,00001,04/01/2005,03/31/2006
WALLCOVERING ETC,INACTIVE,810 VILLA MARIA,"BRYAN, TX 77802",32022528981,00002,07/01/1995,05/01/1996
WALLPAPER FOR LESS,INACTIVE,1710A S TEXAS AVE STE 103,"BRYAN, TX 77802",32009396162,00001,07/12/2000,09/30/2000
WALLPAPER FOR LESS,INACTIVE,810 VILLAGE MARIA CENTER,"BRYAN, TX 77802",17604752661,00002,07/22/1995,07/01/1999
WALLPAPER FOR LESS BRYAN,INACTIVE,1710 S TEXAS AVE,"BRYAN, TX 77802",16112696675,00030,08/01/1999,05/15/2002
WALLPAPER FOR LESS-BRYAN,INACTIVE,1710 S TEXAS AVE,"BRYAN, TX 77802",17604752661,00015,05/17/1999,07/31/1999
WALLPAPER OUTLET,INACTIVE,4001 E 29TH ST #111,"BRYAN, TX 77802",32023034690,00001,04/01/1994,06/30/1995
WALTER BRIAN MILLER,INACTIVE,605 ESTHER BLVD,"BRYAN, TX 77802",32009997480,00002,01/01/2000,12/31/2005
WALTER J ARTERBURN,INACTIVE,2313 WAYSIDE DR,"BRYAN, TX 77802",32028082090,00002,10/09/1991,05/12/1994
WALTER S BRITTEN,INACTIVE,1602 E 31ST,"BRYAN, TX 77802",32027649485,00001,04/01/1988,01/30/1992
WALTHALL TENNIS INC,INACTIVE,1929 BRIARCREST,"BRYAN, TX 77802",17420468690,00003,06/01/1987,06/30/1987
WALTON STAINED GLASS,INACTIVE,3810 S TEXAS AVENUE,"BRYAN, TX 77802",32007098273,00002,10/01/1977,07/31/1983
WALTON'S BRAZOS GROWERS,INACTIVE,1/2 MI S OF SANDY POINT RD ON OSR,"BRYAN, TX 77802",32007345674,00001,08/26/1991,03/31/2004
WARDROBE WIZARDRY,INACTIVE,2405 KENT ST,"BRYAN, TX 77802",32006173226,00001,01/01/1996,12/25/2009
WARREN J GLOSS II,INACTIVE,3820 PLAINSMAN,"BRYAN, TX 77802",32012016476,00001,10/20/1993,01/01/1994
WARREN W HOHERTZ,INACTIVE,4303 WOODBRIAR DR,"BRYAN, TX 77802",32007139697,00001,07/24/1995,12/31/1997
WASHINGTON,ACTIVE,4407 CARTER CREEK PKWY APT 1,"BRYAN, TX 77802",32059895774,00002,10/01/2020,
WASHINGTON MUTUAL BANK FA,INACTIVE,2104 S TEXAS AVE,"BRYAN, TX 77802",16801722741,00072,12/01/2001,09/30/2008
WASTE KINGS,ACTIVE,801 DELLWOOD ST STE 324,"BRYAN, TX 77802",32069779570,00001,06/15/2022,
WATCHMAN BUSINESS & FINANCIAL SERVICES,INACTIVE,3201 FM 158,"BRYAN, TX 77802",32026910573,00002,01/02/1996,12/25/2000
"WATER OF LIFE PROPERTIES, LLC",ACTIVE,1608 CARTER CREEK PKWY,"BRYAN, TX 77802",32010257288,00006,03/01/2018,
WATER PROJECT POOL & SPA,INACTIVE,3802 WINDRIDGE DR,"BRYAN, TX 77802",32072772380,00001,07/02/2020,04/30/2023
WATER PROOFING COMPANY INC,INACTIVE,2909 S TEXAS AVE,"BRYAN, TX 77802",30010824313,00001,01/11/1988,12/31/1994
WATERCOLORS BY BETTY BLEVINS,INACTIVE,4026 GREEN VALLEY DRIVE,"BRYAN, TX 77802",32008880414,00001,07/15/1979,12/31/1986
WATSON & WATSON,INACTIVE,4000 KENWOOD DR,"BRYAN, TX 77802",32025780845,00001,07/02/1998,12/31/1998
WAYBACK BURGERS,INACTIVE,3001 WILDFLOWER DR STE 501,"BRYAN, TX 77802",32074898407,00001,06/01/2020,10/31/2021
WAYBACK BURGERS,INACTIVE,3001 WILDFLOWER DR,"BRYAN, TX 77802",32093586512,00001,12/31/2023,12/31/2023
WAYBACK BURGERS,INACTIVE,3001 WILDFLOWER DR STE 501,"BRYAN, TX 77802",32080815460,00001,11/01/2021,09/12/2023
WAYBACK BURGERS,INACTIVE,3001 WILDFLOWER DR,"BRYAN, TX 77802",32087837749,00001,02/20/2023,01/30/2024
WAYBACK BURGERS,INACTIVE,3001 WILDFLOWER DR,"BRYAN, TX 77802",32048558665,00004,12/31/2023,12/31/2023
WAYBACK BURGERS,INACTIVE,3001 WILDFLOWER DR STE 501,"BRYAN, TX 77802",32061896935,00001,03/15/2017,04/30/2020
WAYFAIR,INACTIVE,3101 UNIVERSITY DR E,"BRYAN, TX 77802",32059716079,00001,02/19/2016,09/30/2018
WAYNE CONSTRUCTION,INACTIVE,3913 OLD OAKS,"BRYAN, TX 77802",32007401386,00001,04/01/1988,12/31/1993
WE CLEAN,INACTIVE,1525 E 29TH ST APT 1003,"BRYAN, TX 77802",30116326528,00001,10/03/1994,12/31/1996
WE RENT IT,ACTIVE,3030 S TEXAS AVE,"BRYAN, TX 77802",17426331496,00002,09/01/2001,
WE RENT IT,INACTIVE,3030 S TEXAS AVE,"BRYAN, TX 77802",32040383559,00001,12/30/2009,09/12/2014
WEAKLEY SERVICES,INACTIVE,2301 CARTER CREEK PKWY,"BRYAN, TX 77802",32023845194,00001,07/07/1997,12/31/1999
WEAVER'S DELIGHT SHOP,ACTIVE,2606 LOCHINVAR LN,"BRYAN, TX 77802",32009487250,00006,01/01/2020,
WEBWRIGHT INC,INACTIVE,4401 CARTER CREEK PKY APT 7,"BRYAN, TX 77802",17427696871,00001,07/01/1996,12/31/1997
WECHO & WILL'S HANDYMAN SERVICE,INACTIVE,2505A LONG DR,"BRYAN, TX 77802",32038136779,00001,10/14/2008,12/31/2008
WEDCO,INACTIVE,2808 APPLE CREEK CIR,"BRYAN, TX 77802",17423489073,00002,04/01/1986,04/17/1988
WEDDING BELLES,INACTIVE,1805B WILDE OAK CIR,"BRYAN, TX 77802",32016246467,00001,11/05/2004,06/30/2005
WEDDING ESSENTIALS,INACTIVE,2900 CHERRY CREEK CIR,"BRYAN, TX 77802",32005084747,00003,01/07/2011,01/12/2011
"WEDDING HOUSE, CENTURY TREE PRODUCTIONS, LLC",INACTIVE,801 N ROSEMARY DR,"BRYAN, TX 77802",32061950211,00001,01/03/2018,12/31/2018
WEIGHT WATCHERS NORTH AMERICA INC #84624,INACTIVE,4001 E 29TH ST STE 112,"BRYAN, TX 77802",15216561413,00012,01/01/2001,04/30/2011
"WEIGHT WATCHERS NORTH AMERICA, INC. #41186",INACTIVE,1673 BRIARCREST DR,"BRYAN, TX 77802",15216561413,00102,05/02/2011,11/03/2012
WELCH COMPUTERS,INACTIVE,2407B LONG DR,"BRYAN, TX 77802",32020939966,00001,10/13/2006,12/31/2006
WELCH FURNITURE CO,INACTIVE,3303 E 29TH ST,"BRYAN, TX 77802",17601880549,00006,07/01/2003,11/30/2003
"WELCH LAWNS, INC.",INACTIVE,3812 CHAUCER CT,"BRYAN, TX 77802",32020428853,00002,01/01/2010,03/31/2012
WELCH'S CLEANERS,INACTIVE,3819 E 29TH ST,"BRYAN, TX 77802",32022844842,00001,07/15/1983,12/31/1988
WELCH'S CLEANERS,INACTIVE,3819 E 29TH ST,"BRYAN, TX 77802",32029577106,00004,12/13/1993,03/31/1999
WELCH'S CLEANERS,INACTIVE,3819 E 29TH ST,"BRYAN, TX 77802",32029130039,00005,04/01/1999,02/01/2002
WELCH'S CLEANERS INC,INACTIVE,3819 E 29TH ST,"BRYAN, TX 77802",17425139361,00001,01/01/1989,01/01/1994
WELL SIGHT PAINT CORPORATION,INACTIVE,31 MI N HWY 6 & BRIARCREST,"BRYAN, TX 77802",17421951801,00001,08/24/1981,07/14/1982
WELL-HAY ENTERPRISES,INACTIVE,3508 SPRING LN,"BRYAN, TX 77802",32007132650,00002,01/01/1996,12/31/2003
WELL-HAY ENTERPRISES,INACTIVE,3508 SPRING LN,"BRYAN, TX 77802",32021007615,00001,10/17/2006,12/31/2009
WELLNESS BY THE WORD MINISTRY,INACTIVE,2300 BRISTOL ST,"BRYAN, TX 77802",32021644201,00001,09/14/1996,12/25/1999
WELLS FARGO BANK AT BRYAN,INACTIVE,2200 BRIARCREST DR STE 105,"BRYAN, TX 77802",19413473935,00125,01/01/2004,10/31/2005
WELLS FARGO BANK AT BRYAN,INACTIVE,3000 BRIARCREST DR,"BRYAN, TX 77802",19413473935,00087,01/01/2004,10/31/2005
WELLS FARGO BANK N A,INACTIVE,3000 BRIARCREST DR,"BRYAN, TX 77802",19413473935,00662,10/01/2005,10/31/2005
WELLS FARGO BANK TEXAS AT BRYAN,INACTIVE,3000 BRIARCREST DR,"BRYAN, TX 77802",17504033188,00079,11/01/1997,12/31/2003
WELLS FARGO BANK TEXAS AT BRYAN,INACTIVE,2200 BRIARCREST DR STE 105,"BRYAN, TX 77802",17504033188,00140,01/01/1999,12/31/2003
WELLS FARGO FASHIONS,INACTIVE,3708 E 29TH ST # 136,"BRYAN, TX 77802",32041705396,00001,04/23/2010,12/31/2010
WELLS FARGO HOME MORTGAGE INC,INACTIVE,3000 BRIARCREST DR,"BRYAN, TX 77802",19523189405,00059,05/01/1996,09/30/2005
"WENDI M. STRATTA, CPA, PLLC",ACTIVE,1733 BRIARCREST DR STE 201,"BRYAN, TX 77802",32068191140,00001,01/29/2019,
WENDY HUI ANDERSON,INACTIVE,4303 GREEN VALLEY DR,"BRYAN, TX 77802",32058893747,00001,12/11/2015,07/31/2021
WENDY KAY,INACTIVE,2824 OAKSIDE DR,"BRYAN, TX 77802",32009992143,00001,03/12/1997,09/10/1997
WENDY'S #28,ACTIVE,891 N EARL RUDDER FWY,"BRYAN, TX 77802",32049526117,00029,02/24/2013,
WENDY'S HAMBURGERS,INACTIVE,3216 S TEXAS AVENUE,"BRYAN, TX 77802",17514884067,00010,07/01/1979,11/30/1986
WENDY'S OLD FASHION HAMBURGERS,INACTIVE,3216 S TEXAS AVE,"BRYAN, TX 77802",17427695592,00001,03/01/1996,02/15/2000
WENDY'S OLD FASHIONED HAMBURGERS,INACTIVE,3216 S TEXAS AVE,"BRYAN, TX 77802",17602437125,00006,07/01/1988,04/01/1996
WENDY'S OLD FASHIONED HAMBURGERS # 38,INACTIVE,891 N EARL RUDDER FWY,"BRYAN, TX 77802",17603399407,00041,12/14/2001,01/31/2014
WENDYS OLD FASHION HAMBURGERS,INACTIVE,2000 SOUTH HWY 6,"BRYAN, TX 77802",17427695592,00004,03/28/1998,02/15/2000
WENDYS OLD FASHIONED HAMBURGERS #36,INACTIVE,3216 S TEXAS AVE,"BRYAN, TX 77802",17603399407,00039,12/14/2001,01/01/2011
WENONAH'S PANTRY,INACTIVE,4301 S TEXAS AVE,"BRYAN, TX 77802",32007312211,00005,01/01/1999,04/30/2002
WENONAH'S PANTRY,INACTIVE,3800 S TEXAS AVE,"BRYAN, TX 77802",32007312211,00004,09/01/1990,12/31/1998
WERTZ ENTERPRISES INC,INACTIVE,MANOR EAST MALL,"BRYAN, TX 77802",17428017846,00001,11/25/1996,02/16/1998
WESLEY K SUMMERS,INACTIVE,2905 BRAEBURN,"BRYAN, TX 77802",32026890809,00001,03/25/1985,12/25/1986
WEST TELEMARKETING LP,INACTIVE,3101 UNIVERSITY DR E,"BRYAN, TX 77802",14319900495,00007,11/01/2005,02/29/2012
WEST WEBB ALLBRITTON & GENTRY P C,INACTIVE,3000 BRIARCREST DR,"BRYAN, TX 77802",17425554122,00001,10/01/1994,12/31/1997
WESTBROOK ENTERPRISES,INACTIVE,3504 OAK HOLLOW DR,"BRYAN, TX 77802",32022728375,00001,04/05/1993,12/25/1999
WESTERN AUTO SUPPLY COMPANY,INACTIVE,1905 TEXAS AVE,"BRYAN, TX 77802",15100998143,00146,04/01/1986,10/31/1990
WESTERN BEVERAGES,INACTIVE,3203 FREEDOM BLVD STE 500,"BRYAN, TX 77802",17417701319,00076,11/15/2003,07/31/2007
WESTERN BLING,INACTIVE,3502B CURTIS ST,"BRYAN, TX 77802",32041597421,00001,06/01/2010,06/30/2010
WESTERN SIZZLIN,INACTIVE,1701 TEXAS AVE,"BRYAN, TX 77802",30114051037,00001,07/01/1990,12/31/1992
WESTERN SIZZLIN STEAK HOUSE,INACTIVE,1701 S TEXAS AVENUE,"BRYAN, TX 77802",17417457284,00002,04/12/1976,03/31/1984
WESTERN SIZZLIN STEAKHOUSE,INACTIVE,1701 S TEXAS AVENUE,"BRYAN, TX 77802",17600685055,00001,04/01/1984,07/31/1988
WESTERN SIZZLIN' STEAKHOUSE,INACTIVE,1701 S TEXAS AVE,"BRYAN, TX 77802",17417457284,00005,01/01/1993,12/20/1996
WESTERN-SHAMROCK SALES,ACTIVE,810 E VILLA MARIA RD,"BRYAN, TX 77802",17522259674,00031,08/01/1993,
WESTON CUSTOM CREATIONS,INACTIVE,1403 ESTHER BLVD,"BRYAN, TX 77802",32081071642,00001,10/01/2021,10/01/2023
WESTON INN ROCK PRAIRIE REAL PROPERTIES LP,INACTIVE,3833 S TEXAS AVE STE 118,"BRYAN, TX 77802",17429922291,00001,06/30/2003,06/30/2003
WHAT WINDOWS WEAR,INACTIVE,3505 TANGLEWOOD DR,"BRYAN, TX 77802",32016826763,00001,04/01/2005,09/30/2005
WHAT'S POPPIN,INACTIVE,713 VILLA MARIA,"BRYAN, TX 77802",32022064862,00001,08/03/1993,03/31/1994
WHAT'S POPPIN',INACTIVE,713 VILLA MARIA MANOR EAST MALL,"BRYAN, TX 77802",32028873563,00001,08/02/1989,07/31/1993
WHAT'S THE BUZZ COFFEE COMPANY,INACTIVE,3201 UNIVERSITY DR E STE 120,"BRYAN, TX 77802",32053214451,00002,08/01/2016,12/31/2021
WHATABURGER #956,ACTIVE,3109 S TEXAS AVE,"BRYAN, TX 77802",32029266908,00453,12/15/2007,
WHEELER PAINTING,INACTIVE,1522 HOLLOWHILL DR APT 502,"BRYAN, TX 77802",32017500276,00001,05/24/2005,05/24/2005
WHIMSICAL GRAPHICS,INACTIVE,4749 BROMPTON LN,"BRYAN, TX 77802",32007733192,00001,10/13/1997,12/31/2001
WHISENANT LAWN CARE,INACTIVE,1400 ESTHER BLVD,"BRYAN, TX 77802",32003236695,00001,03/09/2001,08/31/2001
WHISKEY CHARLIE'S LIQUOR #1,ACTIVE,3601 E 29TH ST STE 1,"BRYAN, TX 77802",12600589910,00003,08/03/2009,
WHISTLES WINGS & WHEELS,INACTIVE,3402 PARKWAY TERRANCE,"BRYAN, TX 77802",17428425791,00002,09/01/2000,12/31/2003
WHITAKER'S HOME REPAIR,INACTIVE,3809 COURTNEY CIR,"BRYAN, TX 77802",32021340248,00002,06/01/1995,12/31/2000
WHITE EAGLE,INACTIVE,3800 E 29TH ST APT 16,"BRYAN, TX 77802",32007637492,00001,10/15/1990,06/22/2005
WHITE ELECTRICAL SERVICES,INACTIVE,4200 GREEN VALLEY DR,"BRYAN, TX 77802",32008952171,00002,01/01/2005,09/30/2016
WHITE FENCING COMPANY,INACTIVE,4747 RENWICK DR,"BRYAN, TX 77802",32060736322,00001,07/08/2016,08/03/2016
WHITE'S KEMPO KARATE SCHOOL,INACTIVE,2522 WILLOW BEND,"BRYAN, TX 77802",30115352657,00001,08/27/1992,06/30/1995
WICKS 'N' STICKS,INACTIVE,MANOR EAST MALL,"BRYAN, TX 77802",17416464067,00007,12/06/1971,12/04/1976
"WIDGET WARES, LLC",ACTIVE,4902 BROMPTON LN,"BRYAN, TX 77802",32078020198,00001,09/01/2021,
WIDTEC,INACTIVE,4220 WILLOW OAK ST,"BRYAN, TX 77802",32059717291,00001,04/01/2016,03/25/2021
"WIEBAD, LLC",INACTIVE,2221 E BRIARGATE DR,"BRYAN, TX 77802",32044636242,00001,08/01/2011,12/31/2017
WIGGLES & WAGS,INACTIVE,3218 S TEXAS AVE,"BRYAN, TX 77802",32027829848,00002,05/01/2013,12/31/2017
WIGS BY JEANETTE,INACTIVE,4016 STILLMEADOW,"BRYAN, TX 77802",17416074809,00001,07/01/1967,03/31/1971
WILD RIDE MOTOR CARS,INACTIVE,3613 RAVENWOOD DR,"BRYAN, TX 77802",32043953408,00001,05/01/2011,06/30/2011
WILD SIDE SMOKE SHOP,INACTIVE,3700 S TEXAS AVE,"BRYAN, TX 77802",32052306720,00001,12/15/2013,06/30/2017
WILDFLOWER SPA AND BOUTIQUE,INACTIVE,3030 E 29TH ST STE 120,"BRYAN, TX 77802",32017582423,00001,06/10/2005,12/25/2007
WILDLIFE SCIENCE INC,INACTIVE,800 DELMA DR,"BRYAN, TX 77802",17422745285,00001,10/01/1983,12/25/1999
WILLEY'S ANTIQUES,INACTIVE,BRAZOS CENTER,"BRYAN, TX 77802",30010592886,00003,03/01/1993,03/01/1993
WILLEY'S ANTIQUES,INACTIVE,BRAZOS CENTER,"BRYAN, TX 77802",30010592886,00001,02/03/1989,02/03/1989
WILLIAM C PEPPER,INACTIVE,3503 OAK HILL DR,"BRYAN, TX 77802",32049454443,00001,11/12/2012,06/30/2015
WILLIAM PEPPER,INACTIVE,3503 OAK HILL DR,"BRYAN, TX 77802",32049454443,00002,06/02/2017,12/31/2017
WILLIAMS KLASSYC'S,INACTIVE,3723 E 29TH ST # 140,"BRYAN, TX 77802",32026847668,00001,10/01/1995,12/31/1996
WILLIAMS LAWN SERVICE INC,INACTIVE,703 GARDEN ACRES,"BRYAN, TX 77802",17425718917,00001,04/01/1990,06/01/1994
WILLIAMS LUBE CENTER,INACTIVE,1791 BRIARCREST DR,"BRYAN, TX 77802",32028938507,00001,04/20/1979,10/31/1999
WILLIAMS LUBE KING,INACTIVE,1621 BRIARCREST DR,"BRYAN, TX 77802",17429337920,00001,11/30/2007,11/30/2007
WILLIAMS LUBE KING,INACTIVE,1621 BRIARCREST DR,"BRYAN, TX 77802",17429337938,00003,09/01/2000,11/30/2007
WILLIAMS LUBE KING,INACTIVE,1791 BRIARCREST DR,"BRYAN, TX 77802",17429337938,00002,11/01/1999,08/31/2000
WILLIAMS/CUT RITE LAWN CARE,INACTIVE,703 GARDEN ACRES,"BRYAN, TX 77802",32031762084,00002,09/01/1989,03/31/1990
WILLIAMSON COLLECTIBLES,INACTIVE,3605 S TEXAS AVE,"BRYAN, TX 77802",32009285605,00003,07/01/2000,06/30/2001
WILLIAMSON GROUP,INACTIVE,4444 CARTER CREEK SUITE B 107,"BRYAN, TX 77802",32026293681,00001,08/01/1986,12/31/1988
WILLIAMSON'S COMPUTER REPAIR & TRAINING,INACTIVE,725 E VILLA MARIA (MANOR EAST MALL),"BRYAN, TX 77802",32009285605,00002,11/01/1998,03/31/2001
WILLOW WIND APARTMENTS,INACTIVE,3902 E 29TH ST,"BRYAN, TX 77802",12601469278,00001,05/31/2011,05/31/2011
WILLYBOY LEATHERWORKS,INACTIVE,2902 JENNA CT,"BRYAN, TX 77802",32081490479,00001,11/01/2021,06/16/2022
WILSON BAIN FURNITURE COMPANY,INACTIVE,4121 WOODCREST DR,"BRYAN, TX 77802",32030531423,00001,08/26/1994,12/26/1995
WILSON SUPPLY CO,INACTIVE,1805 E BYPASS HWY 6,"BRYAN, TX 77802",17409898008,00027,05/01/1978,09/01/1988
WILSON VIOLET HAVEN,INACTIVE,3900 CARTER CREEK,"BRYAN, TX 77802",32007472833,00001,03/09/1976,12/31/1979
WILTON'S OFFICEWORKS,INACTIVE,4109 BROMPTON LN,"BRYAN, TX 77802",32028384116,00001,09/18/1995,08/31/1998
WIN HING CHINESE RESTAURANT,INACTIVE,4001 E 29TH ST STE 106,"BRYAN, TX 77802",32005867810,00003,08/18/2002,10/31/2003
WINCHELL DONUT HOUSE #T-38,INACTIVE,701 NORTH AVENUE,"BRYAN, TX 77802",32048430238,00033,06/26/1972,07/01/1985
WINDMILL ANTIQUES,INACTIVE,2408 MORRIS LN,"BRYAN, TX 77802",32007630943,00002,01/01/1996,01/01/1997
WINDOW WORKS,INACTIVE,1708 ROSE ST,"BRYAN, TX 77802",32008648894,00005,10/01/2002,01/31/2008
WINDOW WORKS,ACTIVE,1101 RUSKIN DR,"BRYAN, TX 77802",32008648894,00007,02/01/2008,
WINDRIVER ENTERPRISES,INACTIVE,3811 WOODMERE DR,"BRYAN, TX 77802",32030093309,00001,06/08/1990,12/31/2000
WINDSOR DOOR SALES,INACTIVE,2704 WILD FLOWER,"BRYAN, TX 77802",17422430029,00001,10/25/1982,07/31/1985
WINDSOR DOOR SALES,INACTIVE,2704 WILD FLOWER,"BRYAN, TX 77802",17421281191,00001,10/01/1980,10/24/1982
WINDSPORTS INTERNATIONAL,INACTIVE,4411 S TEXAS AVENUE,"BRYAN, TX 77802",30004105737,00002,03/08/1982,09/30/1983
WINDSTAR GIFTS,INACTIVE,3723 E 29TH ST STE 209,"BRYAN, TX 77802",32030042207,00001,07/01/1995,12/31/1995
WING HING #3,INACTIVE,4001 E 29TH ST STE 106,"BRYAN, TX 77802",32014854312,00001,02/09/2004,03/31/2005
WINN DIXIE 2433,INACTIVE,29 ST & CARTER CREEK PARKWAY,"BRYAN, TX 77802",17515198269,00200,04/01/1985,06/30/1994
WINN DIXIE 2433,INACTIVE,29 ST AND CARTER CREEK PARKWAY,"BRYAN, TX 77802",15932650821,00048,07/01/1994,09/30/2000
WINN'S STORES INC DBA CRAFTS ETC #416,INACTIVE,725 VILLA MARIA,"BRYAN, TX 77802",11329943218,00286,07/01/1988,12/20/1994
WIRE MONKEY SERVICES,INACTIVE,3220 WILDLIFE CIR,"BRYAN, TX 77802",32055107042,00002,01/13/2017,07/31/2018
WIRED SOLUTIONS,INACTIVE,2300 BROADMOOR DR APT 103,"BRYAN, TX 77802",32036678269,00002,01/01/2010,12/31/2010
WIRELESS WORLD 10,INACTIVE,3601 E 29TH ST STE 5,"BRYAN, TX 77802",12601448546,00004,08/10/2011,09/20/2012
WIRELESS WORLD/GOLD N DIAMONDS,INACTIVE,725 E VILLA MARIA RD,"BRYAN, TX 77802",32062709145,00001,03/01/2017,09/01/2025
WISDOM LEATHERWORKS,INACTIVE,2411 DE LEE ST APT 24,"BRYAN, TX 77802",32069629098,00001,02/04/2019,09/10/2020
WISE DECISIONS,INACTIVE,1403 SKRIVANEK DR,"BRYAN, TX 77802",32010608605,00005,01/01/2011,12/31/2018
WITHLOVEKC.COM,INACTIVE,4050 PENDLETON DR APT 1113,"BRYAN, TX 77802",32053430669,00002,04/01/2015,01/31/2017
WITT'S END INC,INACTIVE,3601 EAST 29TH STREET #6,"BRYAN, TX 77802",17425893710,00001,01/18/1991,09/30/1991
WJ'S CENTRAL TEXAS OIL CO,INACTIVE,FM 2562,"ROANS PRAIRIE, TX 77802",32025860571,00001,08/04/2000,12/31/2001
WL RICE GARDEN INC,INACTIVE,4001 E 29TH ST STE 106,"BRYAN, TX 77802",32048830387,00001,08/23/2012,04/30/2013
WM O'BRIEN CONSTRUCTION,INACTIVE,1917 WAYSIDE DR,"BRYAN, TX 77802",32008073804,00002,01/01/1988,06/10/2010
"WOB CANDLEWOOD-BRYAN, LLC",INACTIVE,3021 PLAZA CENTRE CT,"BRYAN, TX 77802",32053393958,00001,01/01/2016,01/01/2016
WOKAMOLE HEALTHY CUISINE,INACTIVE,4001 E 29TH ST STE 106,"BRYAN, TX 77802",32055481710,00001,11/01/2014,06/30/2025
WOLF'S AUTO SPA,INACTIVE,2502 WHISPERING OAKS CIR,"BRYAN, TX 77802",32033053243,00002,01/01/2013,12/31/2013
WOLF'S PRO CLEAN,ACTIVE,2502 WHISPERING OAKS CIR,"BRYAN, TX 77802",32033053243,00003,07/11/2017,
WOLFIES BRYAN TEXAS,INACTIVE,3100 WILDFLOWER DR,"BRYAN, TX 77802",32042134893,00001,09/01/2010,12/31/2010
WOMEN'S AGLOW FELLOWSHIP INT'L COLLEGE STATION EVE,INACTIVE,3700 VALLEY OAKS DR,"BRYAN, TX 77802",12372753306,00009,04/01/1993,07/01/1993
WONDERLAND ADVENTURES AND TRAVEL LLC,ACTIVE,4105 COVENTRY CT,"BRYAN, TX 77802",32081735097,00001,03/01/2022,
WONG'S KITCHEN CHINESE RSTAURANT,INACTIVE,4001 E 29TH ST,"BRYAN, TX 77802",32040458351,00001,11/15/2009,07/14/2010
WOOD THINGS,INACTIVE,2601 BRIAR OAKS,"BRYAN, TX 77802",32030186178,00002,10/01/1981,09/30/1982
WOOD WOOD WOOD ETC,INACTIVE,1857 BRIARCREST DR,"BRYAN, TX 77802",30118105458,00001,08/14/1996,12/31/1996
WOOD WORK PRODUCTS UNLIMITED,INACTIVE,903 DELWOOD,"BRYAN, TX 77802",17419793611,00001,02/14/1979,09/30/1979
WOODCO,INACTIVE,2806 CHERRY CREEK CIR,"BRYAN, TX 77802",32004967843,00001,08/01/1984,12/25/2006
WOODEN GOOSE ANTIQUES,INACTIVE,1628 OAKVIEW,"BRYAN, TX 77802",32018608094,00003,01/25/1983,12/31/1988
WOODSPRING SUITES,INACTIVE,620 N EARL RUDDER FWY,"BRYAN, TX 77802",32071478948,00001,08/01/2019,
WOODSPRING SUITES - COLLEGE STATION,ACTIVE,620 N EARL RUDDER FWY,"BRYAN, TX 77802",32030646338,00023,08/12/2022,
WOODWARD LEATHERWORKS,INACTIVE,2018 S TEXAS AVE,"BRYAN, TX 77802",32025255319,00002,08/01/1986,06/30/1989
WORDS & PICTURES,INACTIVE,824 VINE ST,"BRYAN, TX 77802",32005863058,00001,01/01/1998,12/25/2006
WORDSMITHS,INACTIVE,3201 PETERSON WAY,"BRYAN, TX 77802",32008930607,00003,01/01/2015,12/31/2018
WORDSMITHS,INACTIVE,601A CACHE CV,"BRYAN, TX 77802",32008930607,00002,04/01/1995,12/31/2014
WORK OF OUR HANDS,INACTIVE,2502 MORRIS LN,"BRYAN, TX 77802",32069329715,00001,11/01/2018,09/30/2023
WORLD NAIL SPA,INACTIVE,2500 S TEXAS AVE,"BRYAN, TX 77802",32068939266,00001,12/01/2018,03/25/2021
WORLD OF BOOKS,INACTIVE,2017 S TEXAS AVENUE,"BRYAN, TX 77802",17417961079,00001,07/01/1974,03/31/1987
WORLD OF GOLF,INACTIVE,3601 E 29TH,"BRYAN, TX 77802",30006568155,00001,07/01/1982,10/31/1984
WORLD TRAVEL,INACTIVE,3219S TEXAS AVE,"BRYAN, TX 77802",17425201443,00001,01/01/1989,08/31/1989
WORLD TRAVEL OF BRYAN INC,INACTIVE,3219 S TEXAS AVE,"BRYAN, TX 77802",17419174945,00001,04/01/1987,12/31/1988
WORLDWIDE AUCTION COMPANY,INACTIVE,3906 STILLMEADOW,"BRYAN, TX 77802",32006423373,00001,11/01/1991,11/01/1991
WORLDWIDE REFINISHING SYSTEMS,INACTIVE,3613 SOUTHVIEW CIRCLE,"BRYAN, TX 77802",32028845223,00001,05/26/1992,09/30/1993
WR MCCLEAVE AND ASSOCIATES,INACTIVE,3833 S TEXAS AVE STE 285,"BRYAN, TX 77802",32006039526,00001,05/15/1993,12/31/2001
WRA,ACTIVE,2505 BROADMOOR DR,"BRYAN, TX 77802",32053352657,00001,03/05/2014,
WRAP GIRL LLC,ACTIVE,903 LAZY LN,"BRYAN, TX 77802",32081410915,00003,01/01/2022,
"WRI OUTDOORS, LLC",ACTIVE,3030 S TEXAS AVE,"BRYAN, TX 77802",32060956136,00003,01/01/2017,
WRP WOLF RUN PRODUCTION/PERFECT HARMONY,INACTIVE,2703 E VILLA MARIA RD,"BRYAN, TX 77802",30118105490,00001,08/20/1996,03/31/1998
WS ENTERPRISES,INACTIVE,2003 QUAIL HOLLOW DR,"BRYAN, TX 77802",32038298637,00001,11/01/2008,11/01/2008
WYATT'S SPORTING GOODS,INACTIVE,MANOR EAST MALL,"BRYAN, TX 77802",32028193996,00003,12/01/1988,03/31/1993
WYNDHAM GROUP INC,INACTIVE,4101 S TEXAS AVE STE B,"BRYAN, TX 77802",17424263527,00001,09/01/1993,12/31/1997
XANADU BRIDAL,INACTIVE,3817 E 29TH ST,"BRYAN, TX 77802",30007910398,00007,12/01/1996,12/15/1998
XTRIA LLC,INACTIVE,1716 BRIARCREST DR STE 800,"BRYAN, TX 77802",17522518236,00001,12/02/1996,12/31/2004
XUE YING DOU,INACTIVE,4001 E 29TH ST STE 106,"BRYAN, TX 77802",32013370732,00001,11/01/2003,01/31/2004
YAN SHI GAO,INACTIVE,2534 RHAPSODY CT,"BRYAN, TX 77802",32040559430,00001,08/01/2009,01/01/2010
YANKEE DOODLE DONUTS,INACTIVE,4248 BOONVILLE RD,"BRYAN, TX 77802",32010655762,00001,10/01/2001,11/19/2004
YANKEE DOODLE DONUTS #2,INACTIVE,4248 BOONVILLE RD,"BRYAN, TX 77802",32022240355,00002,02/14/2001,09/30/2001
YARN CREATIONS BY PATSY,INACTIVE,2002 VINEWOOD DR,"BRYAN, TX 77802",32049428512,00001,12/01/2012,12/05/2012
YAY LUNCH,ACTIVE,3201 BOONVILLE RD,"BRYAN, TX 77802",32100456451,00003,08/01/2025,
YELLABONE,INACTIVE,2014 S TEXAS AVE,"BRYAN, TX 77802",12033988499,00001,09/01/2005,12/25/2010
YELLABONE,INACTIVE,2014 S TEXAS AVE,"BRYAN, TX 77802",32011245910,00003,07/01/2004,08/31/2005
YELLO RECOVERY REPAIR AND RESURRECTION,INACTIVE,1901 BRIAR OAKS DR APT C,"BRYAN, TX 77802",32016880539,00003,07/25/2015,12/25/2019
YELLOW HOUSE,INACTIVE,3219 S TEXAS AVE,"BRYAN, TX 77802",32065024955,00001,10/16/2017,04/20/2019
YELLOW ROSE CUSTOMS,INACTIVE,3600 E 29TH ST,"BRYAN, TX 77802",32061991470,00001,11/14/2016,09/30/2023
YES COMPUTERS INC,INACTIVE,1700 S TEXAS AVE,"BRYAN, TX 77802",17421420526,00002,11/01/1983,06/30/1984
YESTER YEAR ANTIQUES,INACTIVE,1203 GARDEN LANE,"BRYAN, TX 77802",32031175774,00001,11/01/1977,06/30/1978
YESTER YEARS,INACTIVE,1702 S TEXAS AVE,"BRYAN, TX 77802",32005243442,00005,05/05/2015,12/31/2019
YESTERDAY'S,INACTIVE,4423 S TEXAS AVENUE,"BRYAN, TX 77802",17420564142,00001,11/24/1979,07/31/1989
YESTERDAY'S CHILD,INACTIVE,2302 BRIAR OAKS,"BRYAN, TX 77802",32021220226,00005,02/26/1992,01/01/1994
YESTERDAY'S TREASURES,INACTIVE,804 E VILLA MARIA RD,"BRYAN, TX 77802",32013991339,00002,02/01/2010,01/31/2013
YESTERDAYS,ACTIVE,4421 S TEXAS AVE,"BRYAN, TX 77802",17420564142,00002,08/01/1989,
YESTERYEAR,INACTIVE,1702A S TEXAS AVE,"BRYAN, TX 77802",30115374396,00011,01/01/2016,12/31/2017
YESTERYEARS ANTIQUES & COLLECTABLES,INACTIVE,1702 S TEXAS AVE STE A,"BRYAN, TX 77802",32058220784,00001,09/08/2015,10/31/2015
YESTERYEARS ANTIQUES & COLLECTIBLES,INACTIVE,1702A S TEXAS AVE,"BRYAN, TX 77802",32008202908,00001,12/23/2013,06/30/2019
YESTERYEARS ANTIQUES & COLLECTIBLES,INACTIVE,1702A S TEXAS AVE,"BRYAN, TX 77802",32008202908,00001,01/01/1997,02/22/1997
YOUNG HEARTS,INACTIVE,3810 S TEXAS AVE,"BRYAN, TX 77802",32017088587,00002,03/01/2008,05/01/2009
YOUNG HEARTS INC,INACTIVE,3601 E 29TH ST STE 8,"BRYAN, TX 77802",17425710344,00001,07/15/1990,11/30/1996
YOUNGS & SONS INC,INACTIVE,HWY 21 WEST,"BRYAN, TX 77802",17417927864,00002,04/01/1981,06/30/1990
YOUNIQUE BEAUTYQUE ACCESSORIES,ACTIVE,4401 CARTER CREEK PKWY APT 1,"BRYAN, TX 77802",32095978279,00001,09/14/2024,
YOUR MOTHERS TUPPERWARE,INACTIVE,3902 OLD OAKS DR,"BRYAN, TX 77802",32007345633,00013,04/01/2016,01/31/2020
YOUR OPTICAL SHOPPE INC,INACTIVE,701A E VILLA MARIA RD,"BRYAN, TX 77802",17419516632,00001,11/01/1977,12/31/1995
YOUR PLACE OR MINE,INACTIVE,2404-B LONG DR,"BRYAN, TX 77802",32031733390,00001,03/20/1989,08/31/1989
YOUR SIGN COMPANY,INACTIVE,3600C E 29TH ST,"BRYAN, TX 77802",32007689386,00001,02/04/2000,12/31/2000
YOUR SPECIAL CUT,INACTIVE,3500 S TEXAS AVE,"BRYAN, TX 77802",32007561700,00004,01/01/1992,12/31/2017
YOUR SPECIAL CUT,INACTIVE,3500 S TEXAS AVE,"BRYAN, TX 77802",32006134772,00001,08/22/1996,12/31/2002
YOUR SPECIAL DAY,INACTIVE,3807 WOODMERE DR,"BRYAN, TX 77802",32033861462,00001,10/15/2007,12/31/2008
YOUR TOTAL IMAGE,INACTIVE,701 VILLA MARIA MANOR EAST MALL,"BRYAN, TX 77802",32025018303,00001,08/07/1991,06/30/1994
YOUTH AND FAMILY ALLIANCE,INACTIVE,1305 MEMORIAL DR,"BRYAN, TX 77802",17421371893,00004,01/01/1995,01/22/1996
YUM YUMS,INACTIVE,1710 BRIARCREST DR,"BRYAN, TX 77802",32033910764,00002,04/01/2009,12/15/2009
YVONNE'S ON THE BAYOU,INACTIVE,4300 S TEXAS AVENUE,"BRYAN, TX 77802",17419360304,00003,06/01/1981,03/01/1995
Z FAST SHOP,INACTIVE,3611 S TEXAS AVE,"BRYAN, TX 77802",17428194116,00001,05/01/1997,09/30/2015
Z-TECH COMPUTER SYSTEMS,INACTIVE,1908 BARAK LN APT 13,"BRYAN, TX 77802",32023351722,00002,10/01/1997,12/31/1998
Z-TECH COMPUTER SYSTEMS,INACTIVE,3501 GREEN RIDGE CIR,"BRYAN, TX 77802",32023351722,00003,01/01/1999,12/25/2000
Z'S ENTERPRISES,INACTIVE,1407 E 27TH ST,"BRYAN, TX 77802",32011519389,00001,05/01/2003,06/30/2004
ZACH'S LAWN CARE & MAINTENANCE,INACTIVE,3504 CURTIS ST #A,"BRYAN, TX 77802",32009961528,00001,02/01/1994,06/30/1994
ZACHARY ARRINGTON AUCTIONEER SERVICE,INACTIVE,1819 GETTYSBURG LN,"BRYAN, TX 77802",32042139934,00001,07/01/2010,09/30/2011
ZACHARY YANTA,INACTIVE,809 ENIELD,"BRYAN, TX 77802",32011987842,00001,10/01/1987,12/31/1988
ZACKARY MORRIS,INACTIVE,4475 CARTER CREEK PKWY APT 327,"BRYAN, TX 77802",32060693671,00001,07/01/2016,10/01/2016
ZAESKE ENGINEERING CO,INACTIVE,1305 GARDEN LANE,"BRYAN, TX 77802",32027078289,00001,09/15/1972,12/31/1987
ZAHRAY ZAHRAY AND ASSOCIATES,INACTIVE,1004 EDGEWOOD,"BRYAN, TX 77802",30007842377,00001,12/15/1983,12/31/1987
ZAKI TRADERS,INACTIVE,4345 CARTER CREEK PKY APT 10,"BRYAN, TX 77802",30116413235,00001,10/04/1995,12/31/2002
ZALES JEWELERS #642,INACTIVE,MANOR E CTR 717 VILLA MARIE,"BRYAN, TX 77802",17511611778,00002,12/01/1970,03/31/1978
ZALES JEWELERS #642,INACTIVE,MANOR E CTR 717 VILLA MARIE,"BRYAN, TX 77802",17507052441,00094,04/01/1978,12/24/1987
ZAND'S PERSIAN KEBABS,INACTIVE,3105 S TEXAS AVE STE 300,"BRYAN, TX 77802",32045140079,00002,10/01/2012,01/31/2020
ZAND'S PERSIAN KEBABS LLC,ACTIVE,3105 S TEXAS AVE STE 300,"BRYAN, TX 77802",32073384615,00001,02/01/2020,
ZEAL DESIGN STUDIO,ACTIVE,3304 OAK HOLLOW DR,"BRYAN, TX 77802",32022317237,00003,07/01/2020,
ZEITMAN'S GROCERY STORE,INACTIVE,2606 S TEXAS AVE,"BRYAN, TX 77802",32075652308,00001,08/31/2020,08/31/2020
ZEITMAN'S GROCERY STORE,INACTIVE,2606 S TEXAS AVE,"BRYAN, TX 77802",32048748209,00004,03/01/2020,08/30/2020
"ZEKE & BRODY, LLC",ACTIVE,3201 BOONVILLE RD,"BRYAN, TX 77802",32065327135,00007,11/13/2017,
ZELDA M RIGGLE,INACTIVE,2811 APPLE CREEK CIR,"BRYAN, TX 77802",32016404363,00001,12/12/2004,12/30/2004
ZENBI PRESS,INACTIVE,704 BROADMOOR DR,"BRYAN, TX 77802",32055119781,00001,11/01/2014,12/25/2018
ZIMMER VINYL,INACTIVE,3514 GREEN RIDGE CIR,"BRYAN, TX 77802",19009455445,00001,03/15/2013,12/31/2014
ZIP'N #121,INACTIVE,3151 BRIARCREST,"BRYAN, TX 77802",17424418741,00003,01/01/1987,07/01/1994
ZIP'N FOOD STORES #121,INACTIVE,3151 BRIARCREST,"BRYAN, TX 77802",17422221832,00014,07/21/1986,12/31/1986
ZULCH'S,INACTIVE,3122 CAMELOT DR APT 12,"BRYAN, TX 77802",32039957280,00001,07/23/2009,12/31/2010
ZWERNEMANN FLOORING,INACTIVE,2702 WILDFLOWER DR STE A,"BRYAN, TX 77802",32019210007,00002,06/01/2010,12/31/2013
"ZWERNEMANN FLOORING, L.L.C.",ACTIVE,2702 WILDFLOWER DR STE A,"BRYAN, TX 77802",32034048143,00001,01/01/2014,
1 BRAZOS VALLEY MARKETING,INACTIVE,4210 WILLOW OAK ST,"BRYAN, TX 77802",32028800673,00001,02/07/1997,03/31/1998
10CUBE ART,INACTIVE,3780 COPPERFIELD DR APT 237,"BRYAN, TX 77802",32053739754,00001,04/12/2014,09/30/2016
12TH GEAR POWERSPORTS,INACTIVE,3300 S TEXAS AVE,"BRYAN, TX 77802",32062355543,00001,05/15/2017,07/25/2018
"12TH KAN PORTABLE RESTROOMS, LLC",INACTIVE,2613 MANCHESTER DR,"BRYAN, TX 77802",32063448248,00001,05/01/2017,10/05/2018
12TH MAN PARTNERS,INACTIVE,2611 B PECAN RIDGE,"BRYAN, TX 77802",30118105326,00001,07/24/1996,12/31/1996
13TH TRACK RECORDING STUDIO,INACTIVE,1863 GREENFIELD PLZ,"BRYAN, TX 77802",32008854732,00002,01/01/2003,06/01/2005
1876 ROOFING LLC,ACTIVE,5300 WINCHESTER DR,"BRYAN, TX 77802",32093384900,00001,02/28/2024,
2 DAY VIDEO INC,INACTIVE,1121 E VILLA MARIA RD,"BRYAN, TX 77802",17522219892,00008,06/01/1990,05/31/2002
2-D CONSTRUCTION CO INC,INACTIVE,2702A WILDFLOWER DR,"BRYAN, TX 77802",17424028854,00001,04/01/1989,12/31/1999
2BUBBA'S INC,INACTIVE,2402 BROADMOOR DR BLDG C,"BRYAN, TX 77802",17705953077,00001,04/01/2003,12/31/2005
2D CONSTRUCTION,ACTIVE,4236 BOONVILLE RD,"BRYAN, TX 77802",17424028854,00003,11/01/2008,
20 HURTS,INACTIVE,1306 BROADMOOR DR,"BRYAN, TX 77802",32027560831,00001,09/01/1997,09/30/1998
22-AMMO,INACTIVE,3607 DORCHESTER CT,"BRYAN, TX 77802",32053134840,00001,02/15/2014,01/01/2016
3 D INVESTMENTS,INACTIVE,3-D SHREDDING SERVICE & INVESTMENTS,"BRYAN, TX 77802",32007008314,00002,11/08/1994,12/31/2005
3-C CORRAL,INACTIVE,1808 BARAK LANE,"BRYAN, TX 77802",17410704880,00004,01/02/1974,11/30/1978
3-D SUPPLY,INACTIVE,5548 SOMERFORD LN,"BRYAN, TX 77802",32002587924,00001,07/10/2000,12/25/2008
3-E TRADING,INACTIVE,810 VILLA MARIA,"BRYAN, TX 77802",32014606233,00001,05/01/1996,09/30/1996
3C-WORK SCRUBS & MORE LLC,INACTIVE,1716 BRIARCREST DR STE 300,"BRYAN, TX 77802",32083735566,00001,08/01/2022,12/31/2022
3D PARTS WAREHOUSE,INACTIVE,5309 BLOOMSBURY WAY,"BRYAN, TX 77802",32006762937,00003,07/01/2014,
30 MINUTE EXPRESS (712),INACTIVE,1760 BRIARCREST DR,"BRYAN, TX 77802",17427303338,00015,05/01/1997,04/30/2000
31 EXPRESS #21401,INACTIVE,MANOR EAST MALL 603E VILLA MARIA,"BRYAN, TX 77802",19522739663,00038,06/15/1988,06/01/1990
32 DEGREES,INACTIVE,3203 FREEDOM BLVD STE 500,"BRYAN, TX 77802",32014575636,00001,08/01/2004,05/01/2005
32 DEGREES,INACTIVE,3203 FREEDOM BLVD STE 500,"BRYAN, TX 77802",32022245669,00004,05/01/2005,05/01/2005
4 GOD'S GLORY,INACTIVE,1921 WAYSIDE DR,"BRYAN, TX 77802",32033979017,00001,11/10/2007,12/31/2010
4 TO 8 INTERIORS,INACTIVE,3417 OAK HOLLOW,"BRYAN, TX 77802",30007200576,00002,02/20/1984,12/25/1993
4 TO 8 INTERIORS,INACTIVE,3517 S TEXAS AVE,"BRYAN, TX 77802",30007200576,00001,10/01/1983,02/19/1984
"4D BOX COMPANY, LLC",ACTIVE,2115 W BRIARGATE DR,"BRYAN, TX 77802",32043374266,00001,08/01/2011,
40 DAYS FOR LIFE,ACTIVE,4112 E 29TH ST,"BRYAN, TX 77802",32032940770,00001,09/01/2017,
5 HEARTS BOUTIQUE,INACTIVE,411 LESLIE DR,"BRYAN, TX 77802",32078486084,00001,05/01/2021,03/30/2022
5 X 5 MEDIA,INACTIVE,3505 TANGLEWOOD DR,"BRYAN, TX 77802",32007638789,00001,04/15/1999,12/31/2002
5R ENTERPRISES,ACTIVE,2625 MANCHESTER DR,"BRYAN, TX 77802",32070846913,00001,04/01/2019,
50-OFF #920,INACTIVE,725 E VILLAMARIA RD SP A-121,"BRYAN, TX 77802",17426569426,00064,07/01/1993,09/30/1997
7-ELEVEN CONVENIENCE STORE #41656H,ACTIVE,2105 E WILLIAM JOEL BRYAN PKWY,"BRYAN, TX 77802",17510851318,04131,12/01/2020,
7-ELEVEN CONVENIENCE STORE #41656H,ACTIVE,2105 E WILLIAM JOE BRYAN PKWY,"BRYAN, TX 77802",17511624243,01329,12/01/2020,
7-ELEVEN INC #1665-21762,INACTIVE,3330 E 29TH STREET,"BRYAN, TX 77802",17511624243,00384,11/01/1984,06/30/1987
7-11 STORE 1665-21762,INACTIVE,3330 EAST 29TH,"BRYAN, TX 77802",17510851318,01483,09/01/1979,04/01/1993
"7CREW ENTERPRISES, LLC",ACTIVE,612 E VILLA MARIA RD,"BRYAN, TX 77802",32087131440,00010,01/15/2024,
77 FOREVER LLC,INACTIVE,1909 S TEXAS AVE,"BRYAN, TX 77802",32051899121,00001,10/15/2013,02/01/2017
92,INACTIVE,2515 LONG DR # A,"BRYAN, TX 77802",32059729247,00002,07/01/2019,09/30/2021
99 CENT STORE TEXAS #2851,INACTIVE,2104 S TEXAS AVE STE 200,"BRYAN, TX 77802",15420912295,00049,08/16/2007,07/01/2024
